11111111 11111111 11111111 11111111 11111111 11111111 11111111 11111111 11111111 11111111 11111111 11111111 11111111 11111111 11111111 11111111 11111111 11111111 11111111 11111111 11111111 11111111 11111111 11111111 11111111 
11111111 11111111 11111111 11111111 11111111 11111111 11111111 11111111 11111111 11111111 11111111 11111111 11111111 11111111 11111111 11111111 11111111 11111111 11111111 11111111 11111111 11111111 11111111 11111111 11111111 
11111111 11111111 11111111 11111111 11111111 11111111 11111111 11111111 11111111 11111111 11111111 11111111 11111111 11111111 11111111 11111111 11111111 11111111 11111111 11111111 11111111 11111111 11111111 11111111 11111111 
11111111 11111111 11111111 11111111 11111111 11111111 11111111 11111111 11111111 11111111 11111111 11111111 11111111 11111111 11111111 11111111 11111111 11111111 11111111 11111111 11111111 11111111 11111111 11111111 11111111 
11111111 11111111 11111111 11111111 11111111 11111111 11111111 11111111 11111111 11111111 11111111 11111111 11111111 11111111 11111111 11111111 11111111 11111111 11111111 11111111 11111111 11111111 11111111 11111111 11111111 
11111111 11111111 11111111 11111111 11111111 11111111 11111111 11111111 11111111 11111111 11111111 11111111 11111111 11111111 11111111 11111111 11111111 11111111 11111111 11111111 11111111 11111111 11111111 11111111 11111111 
11111111 11111111 11111111 11111111 11111111 11111111 11111111 11111111 11111111 11111111 11111111 11111111 11111111 11111111 11111111 11111111 11111111 11111111 11111111 11111111 11111111 11111111 11111111 11111111 11111111 
11111111 11111111 11111111 11111111 11111111 11111111 11111111 11111111 11111111 11111111 11111111 11111111 11111111 11111111 11111111 11111111 11111111 11111111 11111111 11111111 11111111 11111111 11111111 11111111 11111111 
11111111 11111111 11111111 11111111 11111111 11111111 11111111 11111111 11111111 11111111 11111111 11111111 11111111 11111111 11111111 11111111 11111111 11111111 11111111 11111111 11111111 11111111 11111111 11111111 11111111 
11111111 11111111 11111111 11111111 11111111 11111111 11111111 11111111 11111111 11111111 11111111 11111111 11111111 11111111 11111111 11111111 11111111 11111111 11111111 11111111 11111111 11111111 11111111 11111111 11111111 
11111111 11111111 11111111 11111111 11111111 11111111 11111111 11111111 11111111 11111111 11111111 11111111 11111111 11111111 11111111 11111111 11111111 11111111 11111111 11111111 11111111 11111111 11111111 11111111 11111111 
11111111 11111111 11111111 11111111 11111111 11111111 11111111 11111111 11111111 11111111 11111111 11111111 11111111 11111111 11111111 11111111 11111111 11111111 11111111 11111111 11111111 11111111 11111111 11111111 11111111 
11111111 11111111 11111111 11111111 11111111 11111111 11111111 11111111 11111111 11111111 11111111 11111111 11111111 11111111 11111111 11111111 11111111 11111111 11111111 11111111 11111111 11111111 11111111 11111111 11111111 
11111111 11111111 11111111 11111111 11111111 11111111 11111111 11111111 11111111 11111111 11111111 11111111 11111111 11111111 11111111 11111111 11111111 11111111 11111111 11111111 11111111 11111111 11111111 11111111 11111111 
11111111 11111111 11111111 11111111 11111111 11111111 11111111 11111111 11111111 11111111 11111111 11111111 11111111 11111111 11111111 11111111 11111111 11111111 11111111 11111111 11111111 11111111 11111111 11111111 11111111 
11111111 11111111 11111111 11111111 11111111 11111111 11111111 11111111 11111111 11111111 11111111 11111111 11111111 11111111 11111111 11111111 11111111 11111111 11111111 11111111 11111111 11111111 11111111 11111111 11111111 
11111111 11111111 11111111 11111111 11111111 11111111 11111111 11111111 11111111 11111111 11111111 11111111 11111111 11111111 11111111 11111111 11111111 11111111 11111111 11111111 11111111 11111111 11111111 11111111 11111111 
11111111 11111111 11111111 11111111 11111111 11111111 11111111 11111111 11111111 11111111 11111111 11111111 11111111 11111111 11111111 11111111 11111111 11111111 11111111 11111111 11111111 11111111 11111111 11111111 11111111 
11111111 11111111 11111111 11111111 11111111 11111111 11111111 11111111 11111111 11111111 11111111 11111111 11111111 11111111 11111111 11111111 11111111 11111111 11111111 11111111 11111111 11111111 11111111 11111111 11111111 
11111111 11111111 11111111 11111111 11111111 11111111 11111111 11111111 11111111 11111111 11111111 11111111 11111111 11111111 11111111 11111111 11111111 11111111 11111111 11111111 11111111 11111111 11111111 11111111 11111111 
11111111 11111111 11111111 11111111 11111111 11111111 11111111 11111111 11111111 11111111 11111111 11111111 11111111 11111111 11111111 11111111 11111111 11111111 11111111 11111111 11111111 11111111 11111111 11111111 11111111 
11111111 11111111 11111111 11111111 11111111 11111111 11111111 11111111 11111111 11111111 11111111 11111111 11111111 11111111 11111111 11111111 11111111 11111111 11111111 11111111 11111111 11111111 11111111 11111111 11111111 
11111111 11111111 11111111 11111111 11111111 11111111 11111111 11111111 11111111 11111111 11111111 11111111 11111111 11111111 11111111 11111111 11111111 11111111 11111111 11111111 11111111 11111111 11111111 11111111 11111111 
11111111 11111111 11111111 11111111 11111111 11111111 11111111 11111111 11111111 11111111 11111111 11111111 11111111 11111111 11111111 11111111 11111111 11111111 11111111 11111111 11111111 11111111 11111111 11111111 11111111 
11111111 11111111 11111111 11111111 11111111 11111111 11111111 11111111 11111111 11111111 11111111 11111111 11111111 11111111 11111111 11111111 11111111 11111111 11111111 11111111 11111111 11111111 11111111 11111111 11110101 
11111111 11111111 11111111 11111111 11111111 11111111 11111111 11111111 11111111 11111111 11111111 11111111 11111111 11111111 11111111 11111111 11111111 11111111 11111111 11111111 11111111 11111111 11111111 11110101 10011010 
11111111 11111111 11111111 11111111 11111111 11111111 11111111 11111111 11111111 11111111 11111111 11111111 11111111 11111111 11111111 11111111 11111111 11111111 11111111 11010001 11111111 11111111 11110101 10011010 01100100 
11111111 11111111 11111111 11111111 11111111 11111111 11111111 11111111 11111111 11111111 11111111 11111111 11111111 11111111 11111111 11111111 11111111 11111111 11010001 10000001 11111111 11110101 10011010 01100100 01100100 
11111111 11111111 11111111 11111111 11111111 11111111 11111111 11111111 11111111 11111111 11111111 11111111 11111111 11111111 11011010 11111111 11111111 11010001 10000001 01100100 11110101 10011010 01100100 01100100 01100100 
11111111 11111111 11111111 11111111 11111111 11111111 11111111 11111111 11111111 11111111 11111111 11111111 11111111 11011010 10100101 11111111 11010001 10000001 01100100 01100100 10011010 01100100 01100100 01100100 01100100 
11111111 11111111 11111111 11111111 11111111 11111111 11111111 11111111 11111111 11111111 11111111 11111111 11011010 10100101 01110000 11010001 10000001 01100100 01100100 01100100 01100100 01100100 01100100 01100100 01100100 
11111111 11111111 11111111 11111111 11111111 11111111 11111111 11111111 11111111 11010110 11111111 11011010 10100101 01110000 01100100 10000001 01100100 01100100 01100100 01100100 01100100 01100100 01100100 01100100 01100100 
11111111 11111111 11111111 11111111 11111111 11111111 11111111 11111111 11010110 10101110 11011010 10100101 01110000 01100100 01100100 01100100 01100100 01100100 01100100 01100100 01100100 01100100 01100100 01100100 01100100 
11111111 11111111 11111111 11111111 11111111 11111111 11111111 11010110 10101110 10000110 10100101 01110000 01100100 01100100 01100100 01100100 01100100 01100100 01100100 01100100 01100100 01100100 01100100 01100100 01100100 
11111111 11111111 11111111 11111111 11111111 11111111 11010110 10101110 10000110 01110000 01110000 01100100 01100100 01100100 01100100 01100100 01100100 01100100 01100100 01100100 01100100 01100100 01100100 01100100 01101100 
11111111 11111111 11111111 11111111 11111001 11010110 10101110 10000110 01110000 01100100 01100100 01100100 01100100 01100100 01100100 01100100 01100100 01100100 01100100 01100100 01100100 01100100 01100100 01101100 10000000 
11111111 11111111 11111111 11111001 11011111 10101110 10000110 01110000 01100100 01100100 01100100 01100100 01100100 01100100 01100100 01100100 01100100 01100100 01100100 01100100 01100100 01100100 01101100 10000000 10001011 
11111111 11111111 11111001 11011111 11001101 10000110 01110000 01100100 01100100 01100100 01100100 01100100 01100100 01100100 01100100 01100100 01100100 01100100 01100100 01100100 01100100 01101100 10000000 10001011 10011001 
11111111 11111001 11011111 11001101 11000011 01110000 01100100 01100100 01100100 01100100 01100100 01100100 01100100 01100100 01100100 01100100 01100100 01100100 01100100 01100100 01101100 10000000 10001011 10011001 10011000 
11111001 11011111 11001101 11000011 10111001 01100100 01100100 01100100 01100100 01100100 01100100 01100100 01100100 01100100 01100100 01100100 01100100 01100100 01100100 01110000 10000000 10001011 10011001 10011000 10010111 
11011111 11001101 11000011 10111001 10110001 01100100 01100100 01100100 01100100 01100100 01100100 01100100 01100100 01100100 01100100 01100100 01100100 01100100 01110000 01111100 10001011 10011001 10011000 10010111 10010111 
11001101 11000011 10111001 10110001 10110001 01100100 01100100 01100100 01100100 01100100 01100100 01100100 01100100 01100100 01100100 01100100 01100100 01110000 01111100 10000000 10011001 10011000 10010111 10010111 10010111 
11000011 10111001 10110001 10110001 10110001 01100100 01100100 01100100 01100100 01100100 01100100 01100100 01100100 01100100 01100100 01100100 01110000 01111100 10000000 10000000 10011000 10010111 10010111 10010111 10010111 
10111001 10110001 10110001 10110001 10110011 01100100 01100100 01100100 01100100 01100100 01100100 01100100 01100100 01100100 01100100 01110000 01111100 10000000 10000000 01111111 10010111 10010111 10010111 10010111 10010111 
10110001 10110001 10110001 10110011 10111101 01100100 01100100 01100100 01100100 01100100 01100100 01100100 01100100 01100100 01100100 01111100 10000000 10000000 01111111 01111101 10010111 10010111 10010111 10010111 10010111 
11111111 11111111 11111111 11111111 11111111 11111111 11111111 11111111 11111111 11111111 11111111 11111111 11111111 11111111 11111111 11111111 11111111 11111111 11111111 11111111 11111111 11111111 11111111 11111111 11111111 
11111111 11111111 11111111 11111111 11111111 11111111 11111111 11111111 11111111 11111111 11111111 11111111 11111111 11111111 11111111 11111111 11111111 11111111 11111111 11111111 11111111 11111111 11111111 11111111 11111111 
11111111 11111111 11111111 11111111 11111111 11111111 11111111 11111111 11111111 11111111 11111111 11111111 11111111 11111111 11111111 11111111 11111111 11111111 11111111 11111111 11111111 11111111 11111111 11111111 11111111 
11111111 11111111 11111111 11111111 11111111 11111111 11111111 11111111 11111111 11111111 11111111 11111111 11111111 11111111 11111111 11111111 11111111 11111111 11111111 11111111 11111111 11111111 11111111 11111111 11111111 
11111111 11111111 11111111 11111111 11111111 11111111 11111111 11111111 11111111 11111111 11111111 11111111 11111111 11111111 11111111 11111111 11111111 11111111 11111111 11111111 11111111 11111111 11111111 11111111 11111111 
11111111 11111111 11111111 11111111 11111111 11111111 11111111 11111111 11111111 11111111 11111111 11111111 11111111 11111111 11111111 11111111 11111111 11111111 11111111 11111111 11111111 11111111 11111111 11111111 11111111 
11111111 11111111 11111111 11111111 11111111 11111111 11111111 11111111 11111111 11111111 11111111 11111111 11111111 11111111 11111111 11111111 11111111 11111111 11111111 11111111 11111111 11111111 11111111 11111111 11111111 
11111111 11111111 11111111 11111111 11111111 11111111 11111111 11111111 11111111 11111111 11111111 11111111 11111111 11111111 11111111 11111111 11111111 11111111 11111111 11111111 11111111 11111111 11111111 11111111 11111111 
11111111 11111111 11111111 11111111 11111111 11111111 11111111 11111111 11111111 11111111 11111111 11111111 11111111 11111111 11111111 11111111 11111111 11111111 11111111 11111111 11111111 11111111 11111111 11111111 11111111 
11111111 11111111 11111111 11111111 11111111 11111111 11111111 11111111 11111111 11111111 11111111 11111111 11111111 11111111 11111111 11111111 11111111 11111111 11111111 11111111 11111111 11111111 11111111 11111111 11111111 
11111111 11111111 11111111 11111111 11111111 11111111 11111111 11111111 11111111 11111111 11111111 11111111 11111111 11111111 11111111 11111111 11111111 11111111 11111111 11111111 11111111 11111111 11111111 11111111 11111111 
11111111 11111111 11111111 11111111 11111111 11111111 11111111 11111111 11111111 11111111 11111111 11111111 11111111 11111111 11111111 11111111 11111111 11111111 11111111 11111111 11111111 11111111 11111111 11111111 11111111 
11111111 11111111 11111111 11111111 11111111 11111111 11111111 11111111 11111111 11111111 11111111 11111111 11111111 11111111 11111111 11111111 11111111 11111111 11111111 11111111 11111111 11111111 11111111 11111111 11111111 
11111111 11111111 11111111 11111111 11111111 11111111 11111111 11111111 11111111 11111111 11111111 11111111 11111111 11111111 11111111 11111111 11111111 11111111 11111111 11111111 11111111 11111111 11111111 11111111 11111111 
11111111 11111111 11111111 11111111 11111111 11111111 11111111 11111111 11111111 11111111 11111111 11111111 11111111 11111111 11111111 11111111 11111111 11111111 11111111 11111111 11111111 11111111 11111111 11111111 11111111 
11111111 11111111 11111111 11111111 11111111 11111111 11111111 11111111 11111111 11111111 11111111 11111111 11111111 11111111 11111111 11111111 11111111 11111111 11111111 11111111 11111111 11111111 11111111 11111111 11111111 
11111111 11111111 11111111 11111111 11111111 11111111 11111111 11111111 11111111 11111111 11111111 11111111 11111111 11111111 11111111 11111111 11111111 11111111 11111111 11111111 11111111 11111111 11111111 11111111 11111111 
11111111 11111111 11111111 11111111 11111111 11111111 11111111 11111111 11111111 11111111 11111111 11111111 11111111 11111111 11111111 11111111 11111111 11111111 11111111 11111111 11111111 11111111 11111111 11111111 11111111 
11111111 11111111 11111111 11111111 11111111 11111111 11111111 11111111 11111111 11111111 11111111 11111111 11111111 11111111 11111111 11111111 11111111 11111111 11111111 11111111 11111111 11111111 11111111 11111111 11111111 
11111111 11111111 11111111 11111111 11111111 11111111 11111111 11111111 11111111 11111111 11111111 11111111 11111111 11111111 11111111 11111111 11111111 11111111 11111111 11111111 11111111 11111111 11111111 11111111 11111111 
11111111 11111111 11111111 11111111 11111111 11111111 11111111 11111111 11111111 11111111 11111111 11111111 11111111 11111111 11111111 11111111 11111111 11111111 11111111 11111111 11111111 11111111 11111111 11111111 11111111 
11111111 11111111 11111111 11111111 11111111 11111111 11111111 11111111 11111111 11111111 11111111 11111111 11111111 11111111 11111111 11111111 11111111 11111111 11111111 11111111 11111111 11111111 11111111 11111111 11111111 
11111111 11111111 11111111 11111111 11111111 11111111 11111111 11111111 11111111 11111111 11111111 11111111 11111111 11111111 11111111 11111111 11111111 11111111 11111111 11111111 11111111 11111111 11111111 11111111 11111111 
11111111 11111111 11111111 11111111 11111111 11111111 11111111 11111111 11111111 11111111 11111111 11111111 11111111 11111111 11111111 11111111 11111111 11111111 11111111 11111111 11111111 11111111 11111111 11111111 11100100 
11111111 11111111 11111111 11111111 11111111 11111111 11111111 11111111 11111111 11111111 11111111 11111111 11111111 11111111 11111111 11111111 11111111 11111111 11111111 11110101 11111111 11111111 11111111 11100100 01111000 
11111111 11111111 11111111 11111111 11111111 11111111 11111111 11111111 11111111 11111111 11111111 11111111 11111111 11111111 11111111 11111111 11111111 11111111 11110101 10011010 11111111 11111111 11100100 01111000 01100100 
11111111 11111111 11111111 11111111 11111111 11111111 11111111 11111111 11111111 11111111 11111111 11111111 11111111 11111111 11010001 11111111 11111111 11110101 10011010 01100100 11111111 11100100 01111000 01100100 01100100 
11111111 11111111 11111111 11111111 11111111 11111111 11111111 11111111 11111111 11111111 11111111 11111111 11111111 11010001 10000001 11111111 11110101 10011010 01100100 01100100 11100100 01111000 01100100 01100100 01100100 
11111111 11111111 11111111 11111111 11111111 11111111 11111111 11111111 11111111 11011010 11111111 11111111 11010001 10000001 01100100 11110101 10011010 01100100 01100100 01100100 01111000 01100100 01100100 01100100 01100100 
11111111 11111111 11111111 11111111 11111111 11111111 11111111 11111111 11011010 10100101 11111111 11010001 10000001 01100100 01100100 10011010 01100100 01100100 01100100 01100100 01100100 01100100 01100100 01100100 01100100 
11111111 11111111 11111111 11111111 11111111 11111111 11111111 11011010 10100101 01110000 11010001 10000001 01100100 01100100 01100100 01100100 01100100 01100100 01100100 01100100 01100100 01100100 01100100 01100100 01100100 
11111111 11111111 11111111 11111111 11010110 11111111 11011010 10100101 01110000 01100100 10000001 01100100 01100100 01100100 01100100 01100100 01100100 01100100 01100100 01100100 01100100 01100100 01100100 01100100 01101011 
11111111 11111111 11111111 11010110 10101110 11011010 10100101 01110000 01100100 01100100 01100100 01100100 01100100 01100100 01100100 01100100 01100100 01100100 01100100 01100100 01100100 01100100 01100100 01101011 01111111 
11111111 11111111 11010110 10101110 10000110 10100101 01110000 01100100 01100100 01100100 01100100 01100100 01100100 01100100 01100100 01100100 01100100 01100100 01100100 01100100 01100100 01100100 01101011 01111111 10010010 
11111111 11010110 10101110 10000110 01110000 01110000 01100100 01100100 01100100 01100100 01100100 01100100 01100100 01100100 01100100 01100100 01100100 01100100 01100100 01101100 01100100 01101011 01111111 10010010 10010111 
11010110 10101110 10000110 01110000 01100100 01100100 01100100 01100100 01100100 01100100 01100100 01100100 01100100 01100100 01100100 01100100 01100100 01100100 01101100 10000000 01101011 01111111 10010010 10010111 10010111 
10101110 10000110 01110000 01100100 01100100 01100100 01100100 01100100 01100100 01100100 01100100 01100100 01100100 01100100 01100100 01100100 01100100 01101100 10000000 10001011 01111111 10010010 10010111 10010111 10010111 
10000110 01110000 01100100 01100100 01100100 01100100 01100100 01100100 01100100 01100100 01100100 01100100 01100100 01100100 01100100 01100100 01101100 10000000 10001011 10011001 10010010 10010111 10010111 10010111 10010111 
01110000 01100100 01100100 01100100 01100100 01100100 01100100 01100100 01100100 01100100 01100100 01100100 01100100 01100100 01100100 01101100 10000000 10001011 10011001 10011000 10010111 10010111 10010111 10010111 10010111 
01100100 01100100 01100100 01100100 01100100 01100100 01100100 01100100 01100100 01100100 01100100 01100100 01100100 01100100 01110000 10000000 10001011 10011001 10011000 10010111 10010111 10010111 10010111 10010111 10010111 
01100100 01100100 01100100 01100100 01100100 01100100 01100100 01100100 01100100 01100100 01100100 01100100 01100100 01110000 01111100 10001011 10011001 10011000 10010111 10010111 10010111 10010111 10010111 10010111 10010111 
01100100 01100100 01100100 01100100 01100100 01100100 01100100 01100100 01100100 01100100 01100100 01100100 01110000 01111100 10000000 10011001 10011000 10010111 10010111 10010111 10010111 10010111 10010111 10010111 10010111 
01100100 01100100 01100100 01100100 01100100 01100100 01100100 01100100 01100100 01100100 01100100 01110000 01111100 10000000 10000000 10011000 10010111 10010111 10010111 10010111 10010111 10010111 10010111 10010111 10010111 
01100100 01100100 01100100 01100100 01100100 01100100 01100100 01100100 01100100 01100100 01110000 01111100 10000000 10000000 01111111 10010111 10010111 10010111 10010111 10010111 10010111 10010111 10010111 10010111 10010111 
01100100 01100100 01100100 01100100 01100100 01100100 01100100 01100100 01100100 01100100 01111100 10000000 10000000 01111111 01111101 10010111 10010111 10010111 10010111 10010111 10010111 10010111 10010111 10010111 10010111 
11111111 11111111 11111111 11111111 11111111 11111111 11111111 11111111 11111111 11111111 11111111 11111111 11111111 11111111 11111111 11111111 11111111 11111111 11111111 11111111 11111111 11111111 11111111 11111111 11111111 
11111111 11111111 11111111 11111111 11111111 11111111 11111111 11111111 11111111 11111111 11111111 11111111 11111111 11111111 11111111 11111111 11111111 11111111 11111111 11111111 11111111 11111111 11111111 11111111 11111111 
11111111 11111111 11111111 11111111 11111111 11111111 11111111 11111111 11111111 11111111 11111111 11111111 11111111 11111111 11111111 11111111 11111111 11111111 11111111 11111111 11111111 11111111 11111111 11111111 11111111 
11111111 11111111 11111111 11111111 11111111 11111111 11111111 11111111 11111111 11111111 11111111 11111111 11111111 11111111 11111111 11111111 11111111 11111111 11111111 11111111 11111111 11111111 11111111 11111111 11111111 
11111111 11111111 11111111 11111111 11111111 11111111 11111111 11111111 11111111 11111111 11111111 11111111 11111111 11111111 11111111 11111111 11111111 11111111 11111111 11111111 11111111 11111111 11111111 11111111 11111111 
11111111 11111111 11111111 11111111 11111111 11111111 11111111 11111111 11111111 11111111 11111111 11111111 11111111 11111111 11111111 11111111 11111111 11111111 11111111 11111111 11111111 11111111 11111111 11111111 11111111 
11111111 11111111 11111111 11111111 11111111 11111111 11111111 11111111 11111111 11111111 11111111 11111111 11111111 11111111 11111111 11111111 11111111 11111111 11111111 11111111 11111111 11111111 11111111 11111111 11111111 
11111111 11111111 11111111 11111111 11111111 11111111 11111111 11111111 11111111 11111111 11111111 11111111 11111111 11111111 11111111 11111111 11111111 11111111 11111111 11111111 11111111 11111111 11111111 11111111 11111111 
11111111 11111111 11111111 11111111 11111111 11111111 11111111 11111111 11111111 11111111 11111111 11111111 11111111 11111111 11111111 11111111 11111111 11111111 11111111 11111111 11111111 11111111 11111111 11111111 11111111 
11111111 11111111 11111111 11111111 11111111 11111111 11111111 11111111 11111111 11111111 11111111 11111111 11111111 11111111 11111111 11111111 11111111 11111111 11111111 11111111 11111111 11111111 11111111 11111111 11111111 
11111111 11111111 11111111 11111111 11111111 11111111 11111111 11111111 11111111 11111111 11111111 11111111 11111111 11111111 11111111 11111111 11111111 11111111 11111111 11111111 11111111 11111111 11111111 11111111 11111111 
11111111 11111111 11111111 11111111 11111111 11111111 11111111 11111111 11111111 11111111 11111111 11111111 11111111 11111111 11111111 11111111 11111111 11111111 11111111 11111111 11111111 11111111 11111111 11111111 11111111 
11111111 11111111 11111111 11111111 11111111 11111111 11111111 11111111 11111111 11111111 11111111 11111111 11111111 11111111 11111111 11111111 11111111 11111111 11111111 11111111 11111111 11111111 11111111 11111111 11111111 
11111111 11111111 11111111 11111111 11111111 11111111 11111111 11111111 11111111 11111111 11111111 11111111 11111111 11111111 11111111 11111111 11111111 11111111 11111111 11111111 11111111 11111111 11111111 11111111 11111111 
11111111 11111111 11111111 11111111 11111111 11111111 11111111 11111111 11111111 11111111 11111111 11111111 11111111 11111111 11111111 11111111 11111111 11111111 11111111 11111111 11111111 11111111 11111111 11111111 11111111 
11111111 11111111 11111111 11111111 11111111 11111111 11111111 11111111 11111111 11111111 11111111 11111111 11111111 11111111 11111111 11111111 11111111 11111111 11111111 11111111 11111111 11111111 11111111 11111111 11111111 
11111111 11111111 11111111 11111111 11111111 11111111 11111111 11111111 11111111 11111111 11111111 11111111 11111111 11111111 11111111 11111111 11111111 11111111 11111111 11111111 11111111 11111111 11111111 11111111 11111111 
11111111 11111111 11111111 11111111 11111111 11111111 11111111 11111111 11111111 11111111 11111111 11111111 11111111 11111111 11111111 11111111 11111111 11111111 11111111 11111111 11111111 11111111 11111111 11111111 11111111 
11111111 11111111 11111111 11111111 11111111 11111111 11111111 11111111 11111111 11111111 11111111 11111111 11111111 11111111 11111111 11111111 11111111 11111111 11111111 11111111 11111111 11111111 11111111 11111111 11111111 
11111111 11111111 11111111 11111111 11111111 11111111 11111111 11111111 11111111 11111111 11111111 11111111 11111111 11111111 11111111 11111111 11111111 11111111 11111111 11111111 11111111 11111111 11111111 11111111 11111111 
11111111 11111111 11111111 11111111 11111111 11111111 11111111 11111111 11111111 11111111 11111111 11111111 11111111 11111111 11111111 11111111 11111111 11111111 11111111 11111111 11111111 11111111 11111111 11111111 11111111 
11111111 11111111 11111111 11111111 11111111 11111111 11111111 11111111 11111111 11111111 11111111 11111111 11111111 11111111 11111111 11111111 11111111 11111111 11111111 11111111 11111111 11111111 11111111 11111111 11111111 
11111111 11111111 11111111 11111111 11111111 11111111 11111111 11111111 11111111 11111111 11111111 11111111 11111111 11111111 11111111 11111111 11111111 11111111 11111111 11111111 11111111 11111111 11111111 11111111 11100100 
11111111 11111111 11111111 11111111 11111111 11111111 11111111 11111111 11111111 11111111 11111111 11111111 11111111 11111111 11111111 11111111 11111111 11111111 11111111 11100100 11111111 11111111 11111111 11100100 01101011 
11111111 11111111 11111111 11111111 11111111 11111111 11111111 11111111 11111111 11111111 11111111 11111111 11111111 11111111 11110101 11111111 11111111 11111111 11100100 01111000 11111111 11111111 11100100 01101011 01100100 
11111111 11111111 11111111 11111111 11111111 11111111 11111111 11111111 11111111 11111111 11111111 11111111 11111111 11110101 10011010 11111111 11111111 11100100 01111000 01100100 11111111 11100100 01101011 01100100 01100100 
11111111 11111111 11111111 11111111 11111111 11111111 11111111 11111111 11111111 11010001 11111111 11111111 11110101 10011010 01100100 11111111 11100100 01111000 01100100 01100100 11100100 01101011 01100100 01100100 01100100 
11111111 11111111 11111111 11111111 11111111 11111111 11111111 11111111 11010001 10000001 11111111 11110101 10011010 01100100 01100100 11100100 01111000 01100100 01100100 01100100 01101011 01100100 01100100 01100100 01100100 
11111111 11111111 11111111 11111111 11011010 11111111 11111111 11010001 10000001 01100100 11110101 10011010 01100100 01100100 01100100 01111000 01100100 01100100 01100100 01100100 01100100 01100100 01100100 01100100 01100100 
11111111 11111111 11111111 11011010 10100101 11111111 11010001 10000001 01100100 01100100 10011010 01100100 01100100 01100100 01100100 01100100 01100100 01100100 01100100 01100100 01100100 01100100 01100100 01100100 01101011 
11111111 11111111 11011010 10100101 01110000 11010001 10000001 01100100 01100100 01100100 01100100 01100100 01100100 01100100 01100100 01100100 01100100 01100100 01100100 01100100 01100100 01100100 01100100 01101011 10000111 
11111111 11011010 10100101 01110000 01100100 10000001 01100100 01100100 01100100 01100100 01100100 01100100 01100100 01100100 01100100 01100100 01100100 01100100 01100100 01101011 01100100 01100100 01101011 10000111 10011000 
11011010 10100101 01110000 01100100 01100100 01100100 01100100 01100100 01100100 01100100 01100100 01100100 01100100 01100100 01100100 01100100 01100100 01100100 01101011 01111111 01100100 01101011 10000111 10011000 10010111 
10100101 01110000 01100100 01100100 01100100 01100100 01100100 01100100 01100100 01100100 01100100 01100100 01100100 01100100 01100100 01100100 01100100 01101011 01111111 10010010 01101011 10000111 10011000 10010111 10010111 
01110000 01100100 01100100 01100100 01100100 01100100 01100100 01100100 01100100 01100100 01100100 01100100 01100100 01100100 01101100 01100100 01101011 01111111 10010010 10010111 10000111 10011000 10010111 10010111 10010111 
01100100 01100100 01100100 01100100 01100100 01100100 01100100 01100100 01100100 01100100 01100100 01100100 01100100 01101100 10000000 01101011 01111111 10010010 10010111 10010111 10011000 10010111 10010111 10010111 10010111 
01100100 01100100 01100100 01100100 01100100 01100100 01100100 01100100 01100100 01100100 01100100 01100100 01101100 10000000 10001011 01111111 10010010 10010111 10010111 10010111 10010111 10010111 10010111 10010111 10010111 
01100100 01100100 01100100 01100100 01100100 01100100 01100100 01100100 01100100 01100100 01100100 01101100 10000000 10001011 10011001 10010010 10010111 10010111 10010111 10010111 10010111 10010111 10010111 10010111 10010111 
01100100 01100100 01100100 01100100 01100100 01100100 01100100 01100100 01100100 01100100 01101100 10000000 10001011 10011001 10011000 10010111 10010111 10010111 10010111 10010111 10010111 10010111 10010111 10010111 10010111 
01100100 01100100 01100100 01100100 01100100 01100100 01100100 01100100 01100100 01110000 10000000 10001011 10011001 10011000 10010111 10010111 10010111 10010111 10010111 10010111 10010111 10010111 10010111 10010111 10010111 
01100100 01100100 01100100 01100100 01100100 01100100 01100100 01100100 01110000 01111100 10001011 10011001 10011000 10010111 10010111 10010111 10010111 10010111 10010111 10010111 10010111 10010111 10010111 10010111 10011001 
01100100 01100100 01100100 01100100 01100100 01100100 01100100 01110000 01111100 10000000 10011001 10011000 10010111 10010111 10010111 10010111 10010111 10010111 10010111 10010111 10010111 10010111 10010111 10011001 10100101 
01100100 01100100 01100100 01100100 01100100 01100100 01110000 01111100 10000000 10000000 10011000 10010111 10010111 10010111 10010111 10010111 10010111 10010111 10010111 10010111 10010111 10010111 10011001 10100101 10101101 
01100100 01100100 01100100 01100100 01100100 01110000 01111100 10000000 10000000 01111111 10010111 10010111 10010111 10010111 10010111 10010111 10010111 10010111 10010111 10010111 10010111 10011001 10100101 10101101 10110000 
01100100 01100100 01100100 01100100 01100100 01111100 10000000 10000000 01111111 01111101 10010111 10010111 10010111 10010111 10010111 10010111 10010111 10010111 10010111 10010111 10011001 10100101 10101101 10110000 10110010 
11111111 11111111 11111111 11111111 11111111 11111111 11111111 11111111 11111111 11111111 11111111 11111111 11111111 11111111 11111111 11111111 11111111 11111111 11111111 11111111 11111111 11111111 11111111 11111111 11111111 
11111111 11111111 11111111 11111111 11111111 11111111 11111111 11111111 11111111 11111111 11111111 11111111 11111111 11111111 11111111 11111111 11111111 11111111 11111111 11111111 11111111 11111111 11111111 11111111 11111111 
11111111 11111111 11111111 11111111 11111111 11111111 11111111 11111111 11111111 11111111 11111111 11111111 11111111 11111111 11111111 11111111 11111111 11111111 11111111 11111111 11111111 11111111 11111111 11111111 11111111 
11111111 11111111 11111111 11111111 11111111 11111111 11111111 11111111 11111111 11111111 11111111 11111111 11111111 11111111 11111111 11111111 11111111 11111111 11111111 11111111 11111111 11111111 11111111 11111111 11111111 
11111111 11111111 11111111 11111111 11111111 11111111 11111111 11111111 11111111 11111111 11111111 11111111 11111111 11111111 11111111 11111111 11111111 11111111 11111111 11111111 11111111 11111111 11111111 11111111 11111111 
11111111 11111111 11111111 11111111 11111111 11111111 11111111 11111111 11111111 11111111 11111111 11111111 11111111 11111111 11111111 11111111 11111111 11111111 11111111 11111111 11111111 11111111 11111111 11111111 11111111 
11111111 11111111 11111111 11111111 11111111 11111111 11111111 11111111 11111111 11111111 11111111 11111111 11111111 11111111 11111111 11111111 11111111 11111111 11111111 11111111 11111111 11111111 11111111 11111111 11111111 
11111111 11111111 11111111 11111111 11111111 11111111 11111111 11111111 11111111 11111111 11111111 11111111 11111111 11111111 11111111 11111111 11111111 11111111 11111111 11111111 11111111 11111111 11111111 11111111 11111111 
11111111 11111111 11111111 11111111 11111111 11111111 11111111 11111111 11111111 11111111 11111111 11111111 11111111 11111111 11111111 11111111 11111111 11111111 11111111 11111111 11111111 11111111 11111111 11111111 11111111 
11111111 11111111 11111111 11111111 11111111 11111111 11111111 11111111 11111111 11111111 11111111 11111111 11111111 11111111 11111111 11111111 11111111 11111111 11111111 11111111 11111111 11111111 11111111 11111111 11111111 
11111111 11111111 11111111 11111111 11111111 11111111 11111111 11111111 11111111 11111111 11111111 11111111 11111111 11111111 11111111 11111111 11111111 11111111 11111111 11111111 11111111 11111111 11111111 11111111 11111111 
11111111 11111111 11111111 11111111 11111111 11111111 11111111 11111111 11111111 11111111 11111111 11111111 11111111 11111111 11111111 11111111 11111111 11111111 11111111 11111111 11111111 11111111 11111111 11111111 11111111 
11111111 11111111 11111111 11111111 11111111 11111111 11111111 11111111 11111111 11111111 11111111 11111111 11111111 11111111 11111111 11111111 11111111 11111111 11111111 11111111 11111111 11111111 11111111 11111111 11111111 
11111111 11111111 11111111 11111111 11111111 11111111 11111111 11111111 11111111 11111111 11111111 11111111 11111111 11111111 11111111 11111111 11111111 11111111 11111111 11111111 11111111 11111111 11111111 11111111 11111111 
11111111 11111111 11111111 11111111 11111111 11111111 11111111 11111111 11111111 11111111 11111111 11111111 11111111 11111111 11111111 11111111 11111111 11111111 11111111 11111111 11111111 11111111 11111111 11111111 11111111 
11111111 11111111 11111111 11111111 11111111 11111111 11111111 11111111 11111111 11111111 11111111 11111111 11111111 11111111 11111111 11111111 11111111 11111111 11111111 11111111 11111111 11111111 11111111 11111111 11111111 
11111111 11111111 11111111 11111111 11111111 11111111 11111111 11111111 11111111 11111111 11111111 11111111 11111111 11111111 11111111 11111111 11111111 11111111 11111111 11111111 11111111 11111111 11111111 11111111 11111111 
11111111 11111111 11111111 11111111 11111111 11111111 11111111 11111111 11111111 11111111 11111111 11111111 11111111 11111111 11111111 11111111 11111111 11111111 11111111 11111111 11111111 11111111 11111111 11111111 11111111 
11111111 11111111 11111111 11111111 11111111 11111111 11111111 11111111 11111111 11111111 11111111 11111111 11111111 11111111 11111111 11111111 11111111 11111111 11111111 11111111 11111111 11111111 11111111 11111111 11111111 
11111111 11111111 11111111 11111111 11111111 11111111 11111111 11111111 11111111 11111111 11111111 11111111 11111111 11111111 11111111 11111111 11111111 11111111 11111111 11111111 11111111 11111111 11111111 11111111 11111111 
11111111 11111111 11111111 11111111 11111111 11111111 11111111 11111111 11111111 11111111 11111111 11111111 11111111 11111111 11111111 11111111 11111111 11111111 11111111 11111111 11111111 11111111 11111111 11111111 11111111 
11111111 11111111 11111111 11111111 11111111 11111111 11111111 11111111 11111111 11111111 11111111 11111111 11111111 11111111 11111111 11111111 11111111 11111111 11111111 11111111 11111111 11111111 11111111 11111111 11110100 
11111111 11111111 11111111 11111111 11111111 11111111 11111111 11111111 11111111 11111111 11111111 11111111 11111111 11111111 11111111 11111111 11111111 11111111 11111111 11100100 11111111 11111111 11111111 11110100 01110110 
11111111 11111111 11111111 11111111 11111111 11111111 11111111 11111111 11111111 11111111 11111111 11111111 11111111 11111111 11100100 11111111 11111111 11111111 11100100 01101011 11111111 11111111 11110100 01110110 01100100 
11111111 11111111 11111111 11111111 11111111 11111111 11111111 11111111 11111111 11110101 11111111 11111111 11111111 11100100 01111000 11111111 11111111 11100100 01101011 01100100 11111111 11110100 01110110 01100100 01100100 
11111111 11111111 11111111 11111111 11111111 11111111 11111111 11111111 11110101 10011010 11111111 11111111 11100100 01111000 01100100 11111111 11100100 01101011 01100100 01100100 11110100 01110110 01100100 01100100 01100100 
11111111 11111111 11111111 11111111 11010001 11111111 11111111 11110101 10011010 01100100 11111111 11100100 01111000 01100100 01100100 11100100 01101011 01100100 01100100 01100100 01110110 01100100 01100100 01100100 01100100 
11111111 11111111 11111111 11010001 10000001 11111111 11110101 10011010 01100100 01100100 11100100 01111000 01100100 01100100 01100100 01101011 01100100 01100100 01100100 01100100 01100100 01100100 01100100 01100100 01100100 
11111111 11111111 11010001 10000001 01100100 11110101 10011010 01100100 01100100 01100100 01111000 01100100 01100100 01100100 01100100 01100100 01100100 01100100 01100100 01100100 01100100 01100100 01100100 01100100 01110110 
11111111 11010001 10000001 01100100 01100100 10011010 01100100 01100100 01100100 01100100 01100100 01100100 01100100 01100100 01100100 01100100 01100100 01100100 01100100 01101011 01100100 01100100 01100100 01110110 10010110 
11010001 10000001 01100100 01100100 01100100 01100100 01100100 01100100 01100100 01100100 01100100 01100100 01100100 01100100 01100100 01100100 01100100 01100100 01101011 10000111 01100100 01100100 01110110 10010110 10010111 
10000001 01100100 01100100 01100100 01100100 01100100 01100100 01100100 01100100 01100100 01100100 01100100 01100100 01100100 01101011 01100100 01100100 01101011 10000111 10011000 01100100 01110110 10010110 10010111 10010111 
01100100 01100100 01100100 01100100 01100100 01100100 01100100 01100100 01100100 01100100 01100100 01100100 01100100 01101011 01111111 01100100 01101011 10000111 10011000 10010111 01110110 10010110 10010111 10010111 10010111 
01100100 01100100 01100100 01100100 01100100 01100100 01100100 01100100 01100100 01100100 01100100 01100100 01101011 01111111 10010010 01101011 10000111 10011000 10010111 10010111 10010110 10010111 10010111 10010111 10010111 
01100100 01100100 01100100 01100100 01100100 01100100 01100100 01100100 01100100 01101100 01100100 01101011 01111111 10010010 10010111 10000111 10011000 10010111 10010111 10010111 10010111 10010111 10010111 10010111 10010111 
01100100 01100100 01100100 01100100 01100100 01100100 01100100 01100100 01101100 10000000 01101011 01111111 10010010 10010111 10010111 10011000 10010111 10010111 10010111 10010111 10010111 10010111 10010111 10010111 10010111 
01100100 01100100 01100100 01100100 01100100 01100100 01100100 01101100 10000000 10001011 01111111 10010010 10010111 10010111 10010111 10010111 10010111 10010111 10010111 10010111 10010111 10010111 10010111 10010111 10011000 
01100100 01100100 01100100 01100100 01100100 01100100 01101100 10000000 10001011 10011001 10010010 10010111 10010111 10010111 10010111 10010111 10010111 10010111 10010111 10010111 10010111 10010111 10010111 10011000 10101011 
01100100 01100100 01100100 01100100 01100100 01101100 10000000 10001011 10011001 10011000 10010111 10010111 10010111 10010111 10010111 10010111 10010111 10010111 10010111 10010111 10010111 10010111 10011000 10101011 10110111 
01100100 01100100 01100100 01100100 01110000 10000000 10001011 10011001 10011000 10010111 10010111 10010111 10010111 10010111 10010111 10010111 10010111 10010111 10010111 10010111 10010111 10011000 10101011 10110111 11001001 
01100100 01100100 01100100 01110000 01111100 10001011 10011001 10011000 10010111 10010111 10010111 10010111 10010111 10010111 10010111 10010111 10010111 10010111 10010111 10011001 10011000 10101011 10110111 11001001 11001100 
01100100 01100100 01110000 01111100 10000000 10011001 10011000 10010111 10010111 10010111 10010111 10010111 10010111 10010111 10010111 10010111 10010111 10010111 10011001 10100101 10101011 10110111 11001001 11001100 11001100 
01100100 01110000 01111100 10000000 10000000 10011000 10010111 10010111 10010111 10010111 10010111 10010111 10010111 10010111 10010111 10010111 10010111 10011001 10100101 10101101 10110111 11001001 11001100 11001100 11001100 
01110000 01111100 10000000 10000000 01111111 10010111 10010111 10010111 10010111 10010111 10010111 10010111 10010111 10010111 10010111 10010111 10011001 10100101 10101101 10110000 11001001 11001100 11001100 11001100 11001100 
01111100 10000000 10000000 01111111 01111101 10010111 10010111 10010111 10010111 10010111 10010111 10010111 10010111 10010111 10010111 10011001 10100101 10101101 10110000 10110010 11001100 11001100 11001100 11001100 11001100 
11111111 11111111 11111111 11111111 11111111 11111111 11111111 11111111 11111111 11111111 11111111 11111111 11111111 11111111 11111111 11111111 11111111 11111111 11111111 11111111 11111111 11111111 11111111 11111111 11111111 
11111111 11111111 11111111 11111111 11111111 11111111 11111111 11111111 11111111 11111111 11111111 11111111 11111111 11111111 11111111 11111111 11111111 11111111 11111111 11111111 11111111 11111111 11111111 11111111 11111111 
11111111 11111111 11111111 11111111 11111111 11111111 11111111 11111111 11111111 11111111 11111111 11111111 11111111 11111111 11111111 11111111 11111111 11111111 11111111 11111111 11111111 11111111 11111111 11111111 11111111 
11111111 11111111 11111111 11111111 11111111 11111111 11111111 11111111 11111111 11111111 11111111 11111111 11111111 11111111 11111111 11111111 11111111 11111111 11111111 11111111 11111111 11111111 11111111 11111111 11111111 
11111111 11111111 11111111 11111111 11111111 11111111 11111111 11111111 11111111 11111111 11111111 11111111 11111111 11111111 11111111 11111111 11111111 11111111 11111111 11111111 11111111 11111111 11111111 11111111 11111111 
11111111 11111111 11111111 11111111 11111111 11111111 11111111 11111111 11111111 11111111 11111111 11111111 11111111 11111111 11111111 11111111 11111111 11111111 11111111 11111111 11111111 11111111 11111111 11111111 11111111 
11111111 11111111 11111111 11111111 11111111 11111111 11111111 11111111 11111111 11111111 11111111 11111111 11111111 11111111 11111111 11111111 11111111 11111111 11111111 11111111 11111111 11111111 11111111 11111111 11111111 
11111111 11111111 11111111 11111111 11111111 11111111 11111111 11111111 11111111 11111111 11111111 11111111 11111111 11111111 11111111 11111111 11111111 11111111 11111111 11111111 11111111 11111111 11111111 11111111 11111111 
11111111 11111111 11111111 11111111 11111111 11111111 11111111 11111111 11111111 11111111 11111111 11111111 11111111 11111111 11111111 11111111 11111111 11111111 11111111 11111111 11111111 11111111 11111111 11111111 11111111 
11111111 11111111 11111111 11111111 11111111 11111111 11111111 11111111 11111111 11111111 11111111 11111111 11111111 11111111 11111111 11111111 11111111 11111111 11111111 11111111 11111111 11111111 11111111 11111111 11111111 
11111111 11111111 11111111 11111111 11111111 11111111 11111111 11111111 11111111 11111111 11111111 11111111 11111111 11111111 11111111 11111111 11111111 11111111 11111111 11111111 11111111 11111111 11111111 11111111 11111111 
11111111 11111111 11111111 11111111 11111111 11111111 11111111 11111111 11111111 11111111 11111111 11111111 11111111 11111111 11111111 11111111 11111111 11111111 11111111 11111111 11111111 11111111 11111111 11111111 11111111 
11111111 11111111 11111111 11111111 11111111 11111111 11111111 11111111 11111111 11111111 11111111 11111111 11111111 11111111 11111111 11111111 11111111 11111111 11111111 11111111 11111111 11111111 11111111 11111111 11111111 
11111111 11111111 11111111 11111111 11111111 11111111 11111111 11111111 11111111 11111111 11111111 11111111 11111111 11111111 11111111 11111111 11111111 11111111 11111111 11111111 11111111 11111111 11111111 11111111 11111111 
11111111 11111111 11111111 11111111 11111111 11111111 11111111 11111111 11111111 11111111 11111111 11111111 11111111 11111111 11111111 11111111 11111111 11111111 11111111 11111111 11111111 11111111 11111111 11111111 11111111 
11111111 11111111 11111111 11111111 11111111 11111111 11111111 11111111 11111111 11111111 11111111 11111111 11111111 11111111 11111111 11111111 11111111 11111111 11111111 11111111 11111111 11111111 11111111 11111111 11111111 
11111111 11111111 11111111 11111111 11111111 11111111 11111111 11111111 11111111 11111111 11111111 11111111 11111111 11111111 11111111 11111111 11111111 11111111 11111111 11111111 11111111 11111111 11111111 11111111 11111111 
11111111 11111111 11111111 11111111 11111111 11111111 11111111 11111111 11111111 11111111 11111111 11111111 11111111 11111111 11111111 11111111 11111111 11111111 11111111 11111111 11111111 11111111 11111111 11111111 11111111 
11111111 11111111 11111111 11111111 11111111 11111111 11111111 11111111 11111111 11111111 11111111 11111111 11111111 11111111 11111111 11111111 11111111 11111111 11111111 11111111 11111111 11111111 11111111 11111111 11111111 
11111111 11111111 11111111 11111111 11111111 11111111 11111111 11111111 11111111 11111111 11111111 11111111 11111111 11111111 11111111 11111111 11111111 11111111 11111111 11111111 11111111 11111111 11111111 11111111 11111111 
11111111 11111111 11111111 11111111 11111111 11111111 11111111 11111111 11111111 11111111 11111111 11111111 11111111 11111111 11111111 11111111 11111111 11111111 11111111 11111111 11111111 11111111 11111111 11111111 11111111 
11111111 11111111 11111111 11111111 11111111 11111111 11111111 11111111 11111111 11111111 11111111 11111111 11111111 11111111 11111111 11111111 11111111 11111111 11111111 11110100 11111111 11111111 11111111 11111111 10011111 
11111111 11111111 11111111 11111111 11111111 11111111 11111111 11111111 11111111 11111111 11111111 11111111 11111111 11111111 11100100 11111111 11111111 11111111 11110100 01110110 11111111 11111111 11111111 10011111 01100100 
11111111 11111111 11111111 11111111 11111111 11111111 11111111 11111111 11111111 11100100 11111111 11111111 11111111 11100100 01101011 11111111 11111111 11110100 01110110 01100100 11111111 11111111 10011111 01100100 01100100 
11111111 11111111 11111111 11111111 11110101 11111111 11111111 11111111 11100100 01111000 11111111 11111111 11100100 01101011 01100100 11111111 11110100 01110110 01100100 01100100 11111111 10011111 01100100 01100100 01100100 
11111111 11111111 11111111 11110101 10011010 11111111 11111111 11100100 01111000 01100100 11111111 11100100 01101011 01100100 01100100 11110100 01110110 01100100 01100100 01100100 10011111 01100100 01100100 01100100 01100100 
11111111 11111111 11110101 10011010 01100100 11111111 11100100 01111000 01100100 01100100 11100100 01101011 01100100 01100100 01100100 01110110 01100100 01100100 01100100 01100100 01100100 01100100 01100100 01100100 01100100 
11111111 11110101 10011010 01100100 01100100 11100100 01111000 01100100 01100100 01100100 01101011 01100100 01100100 01100100 01100100 01100100 01100100 01100100 01100100 01100100 01100100 01100100 01100100 01100100 10000110 
11110101 10011010 01100100 01100100 01100100 01111000 01100100 01100100 01100100 01100100 01100100 01100100 01100100 01100100 01100100 01100100 01100100 01100100 01100100 01110110 01100100 01100100 01100100 10000110 10010111 
10011010 01100100 01100100 01100100 01100100 01100100 01100100 01100100 01100100 01100100 01100100 01100100 01100100 01100100 01101011 01100100 01100100 01100100 01110110 10010110 01100100 01100100 10000110 10010111 10010111 
01100100 01100100 01100100 01100100 01100100 01100100 01100100 01100100 01100100 01100100 01100100 01100100 01100100 01101011 10000111 01100100 01100100 01110110 10010110 10010111 01100100 10000110 10010111 10010111 10010111 
01100100 01100100 01100100 01100100 01100100 01100100 01100100 01100100 01100100 01101011 01100100 01100100 01101011 10000111 10011000 01100100 01110110 10010110 10010111 10010111 10000110 10010111 10010111 10010111 10010111 
01100100 01100100 01100100 01100100 01100100 01100100 01100100 01100100 01101011 01111111 01100100 01101011 10000111 10011000 10010111 01110110 10010110 10010111 10010111 10010111 10010111 10010111 10010111 10010111 10010111 
01100100 01100100 01100100 01100100 01100100 01100100 01100100 01101011 01111111 10010010 01101011 10000111 10011000 10010111 10010111 10010110 10010111 10010111 10010111 10010111 10010111 10010111 10010111 10010111 10010111 
01100100 01100100 01100100 01100100 01101100 01100100 01101011 01111111 10010010 10010111 10000111 10011000 10010111 10010111 10010111 10010111 10010111 10010111 10010111 10010111 10010111 10010111 10010111 10010111 10100111 
01100100 01100100 01100100 01101100 10000000 01101011 01111111 10010010 10010111 10010111 10011000 10010111 10010111 10010111 10010111 10010111 10010111 10010111 10010111 10010111 10010111 10010111 10010111 10100111 10111100 
01100100 01100100 01101100 10000000 10001011 01111111 10010010 10010111 10010111 10010111 10010111 10010111 10010111 10010111 10010111 10010111 10010111 10010111 10010111 10011000 10010111 10010111 10100111 10111100 11001011 
01100100 01101100 10000000 10001011 10011001 10010010 10010111 10010111 10010111 10010111 10010111 10010111 10010111 10010111 10010111 10010111 10010111 10010111 10011000 10101011 10010111 10100111 10111100 11001011 11001100 
01101100 10000000 10001011 10011001 10011000 10010111 10010111 10010111 10010111 10010111 10010111 10010111 10010111 10010111 10010111 10010111 10010111 10011000 10101011 10110111 10100111 10111100 11001011 11001100 11001100 
10000000 10001011 10011001 10011000 10010111 10010111 10010111 10010111 10010111 10010111 10010111 10010111 10010111 10010111 10010111 10010111 10011000 10101011 10110111 11001001 10111100 11001011 11001100 11001100 11001100 
10001011 10011001 10011000 10010111 10010111 10010111 10010111 10010111 10010111 10010111 10010111 10010111 10010111 10010111 10011001 10011000 10101011 10110111 11001001 11001100 11001011 11001100 11001100 11001100 11001100 
10011001 10011000 10010111 10010111 10010111 10010111 10010111 10010111 10010111 10010111 10010111 10010111 10010111 10011001 10100101 10101011 10110111 11001001 11001100 11001100 11001100 11001100 11001100 11001100 11001100 
10011000 10010111 10010111 10010111 10010111 10010111 10010111 10010111 10010111 10010111 10010111 10010111 10011001 10100101 10101101 10110111 11001001 11001100 11001100 11001100 11001100 11001100 11001100 11001100 11001100 
10010111 10010111 10010111 10010111 10010111 10010111 10010111 10010111 10010111 10010111 10010111 10011001 10100101 10101101 10110000 11001001 11001100 11001100 11001100 11001100 11001100 11001100 11001100 11001100 11001100 
10010111 10010111 10010111 10010111 10010111 10010111 10010111 10010111 10010111 10010111 10011001 10100101 10101101 10110000 10110010 11001100 11001100 11001100 11001100 11001100 11001100 11001100 11001100 11001100 11001100 
11111111 11111111 11111111 11111111 11111111 11111111 11111111 11111111 11111111 11111111 11111111 11111111 11111111 11111111 11111111 11111111 11111111 11111111 11111111 11111111 11111111 11111111 11111111 11111111 11111111 
11111111 11111111 11111111 11111111 11111111 11111111 11111111 11111111 11111111 11111111 11111111 11111111 11111111 11111111 11111111 11111111 11111111 11111111 11111111 11111111 11111111 11111111 11111111 11111111 11111111 
11111111 11111111 11111111 11111111 11111111 11111111 11111111 11111111 11111111 11111111 11111111 11111111 11111111 11111111 11111111 11111111 11111111 11111111 11111111 11111111 11111111 11111111 11111111 11111111 11111111 
11111111 11111111 11111111 11111111 11111111 11111111 11111111 11111111 11111111 11111111 11111111 11111111 11111111 11111111 11111111 11111111 11111111 11111111 11111111 11111111 11111111 11111111 11111111 11111111 11111111 
11111111 11111111 11111111 11111111 11111111 11111111 11111111 11111111 11111111 11111111 11111111 11111111 11111111 11111111 11111111 11111111 11111111 11111111 11111111 11111111 11111111 11111111 11111111 11111111 11111111 
11111111 11111111 11111111 11111111 11111111 11111111 11111111 11111111 11111111 11111111 11111111 11111111 11111111 11111111 11111111 11111111 11111111 11111111 11111111 11111111 11111111 11111111 11111111 11111111 11111111 
11111111 11111111 11111111 11111111 11111111 11111111 11111111 11111111 11111111 11111111 11111111 11111111 11111111 11111111 11111111 11111111 11111111 11111111 11111111 11111111 11111111 11111111 11111111 11111111 11111111 
11111111 11111111 11111111 11111111 11111111 11111111 11111111 11111111 11111111 11111111 11111111 11111111 11111111 11111111 11111111 11111111 11111111 11111111 11111111 11111111 11111111 11111111 11111111 11111111 11111111 
11111111 11111111 11111111 11111111 11111111 11111111 11111111 11111111 11111111 11111111 11111111 11111111 11111111 11111111 11111111 11111111 11111111 11111111 11111111 11111111 11111111 11111111 11111111 11111111 11111111 
11111111 11111111 11111111 11111111 11111111 11111111 11111111 11111111 11111111 11111111 11111111 11111111 11111111 11111111 11111111 11111111 11111111 11111111 11111111 11111111 11111111 11111111 11111111 11111111 11111111 
11111111 11111111 11111111 11111111 11111111 11111111 11111111 11111111 11111111 11111111 11111111 11111111 11111111 11111111 11111111 11111111 11111111 11111111 11111111 11111111 11111111 11111111 11111111 11111111 11111111 
11111111 11111111 11111111 11111111 11111111 11111111 11111111 11111111 11111111 11111111 11111111 11111111 11111111 11111111 11111111 11111111 11111111 11111111 11111111 11111111 11111111 11111111 11111111 11111111 11111111 
11111111 11111111 11111111 11111111 11111111 11111111 11111111 11111111 11111111 11111111 11111111 11111111 11111111 11111111 11111111 11111111 11111111 11111111 11111111 11111111 11111111 11111111 11111111 11111111 11111111 
11111111 11111111 11111111 11111111 11111111 11111111 11111111 11111111 11111111 11111111 11111111 11111111 11111111 11111111 11111111 11111111 11111111 11111111 11111111 11111111 11111111 11111111 11111111 11111111 11111111 
11111111 11111111 11111111 11111111 11111111 11111111 11111111 11111111 11111111 11111111 11111111 11111111 11111111 11111111 11111111 11111111 11111111 11111111 11111111 11111111 11111111 11111111 11111111 11111111 11111111 
11111111 11111111 11111111 11111111 11111111 11111111 11111111 11111111 11111111 11111111 11111111 11111111 11111111 11111111 11111111 11111111 11111111 11111111 11111111 11111111 11111111 11111111 11111111 11111111 11111111 
11111111 11111111 11111111 11111111 11111111 11111111 11111111 11111111 11111111 11111111 11111111 11111111 11111111 11111111 11111111 11111111 11111111 11111111 11111111 11111111 11111111 11111111 11111111 11111111 11111111 
11111111 11111111 11111111 11111111 11111111 11111111 11111111 11111111 11111111 11111111 11111111 11111111 11111111 11111111 11111111 11111111 11111111 11111111 11111111 11111111 11111111 11111111 11111111 11111111 11111111 
11111111 11111111 11111111 11111111 11111111 11111111 11111111 11111111 11111111 11111111 11111111 11111111 11111111 11111111 11111111 11111111 11111111 11111111 11111111 11111111 11111111 11111111 11111111 11111111 11111111 
11111111 11111111 11111111 11111111 11111111 11111111 11111111 11111111 11111111 11111111 11111111 11111111 11111111 11111111 11111111 11111111 11111111 11111111 11111111 11111111 11111111 11111111 11111111 11111111 11111111 
11111111 11111111 11111111 11111111 11111111 11111111 11111111 11111111 11111111 11111111 11111111 11111111 11111111 11111111 11111111 11111111 11111111 11111111 11111111 11111111 11111111 11111111 11111111 11111111 11100010 
11111111 11111111 11111111 11111111 11111111 11111111 11111111 11111111 11111111 11111111 11111111 11111111 11111111 11111111 11110100 11111111 11111111 11111111 11111111 10011111 11111111 11111111 11111111 11100010 01100100 
11111111 11111111 11111111 11111111 11111111 11111111 11111111 11111111 11111111 11100100 11111111 11111111 11111111 11110100 01110110 11111111 11111111 11111111 10011111 01100100 11111111 11111111 11100010 01100100 01100100 
11111111 11111111 11111111 11111111 11100100 11111111 11111111 11111111 11100100 01101011 11111111 11111111 11110100 01110110 01100100 11111111 11111111 10011111 01100100 01100100 11111111 11100010 01100100 01100100 01100100 
11111111 11111111 11111111 11100100 01111000 11111111 11111111 11100100 01101011 01100100 11111111 11110100 01110110 01100100 01100100 11111111 10011111 01100100 01100100 01100100 11100010 01100100 01100100 01100100 01100100 
11111111 11111111 11100100 01111000 01100100 11111111 11100100 01101011 01100100 01100100 11110100 01110110 01100100 01100100 01100100 10011111 01100100 01100100 01100100 01100100 01100100 01100100 01100100 01100100 01100100 
11111111 11100100 01111000 01100100 01100100 11100100 01101011 01100100 01100100 01100100 01110110 01100100 01100100 01100100 01100100 01100100 01100100 01100100 01100100 01100100 01100100 01100100 01100100 01100100 10001011 
11100100 01111000 01100100 01100100 01100100 01101011 01100100 01100100 01100100 01100100 01100100 01100100 01100100 01100100 01100100 01100100 01100100 01100100 01100100 10000110 01100100 01100100 01100100 10001011 10010111 
01111000 01100100 01100100 01100100 01100100 01100100 01100100 01100100 01100100 01100100 01100100 01100100 01100100 01100100 01110110 01100100 01100100 01100100 10000110 10010111 01100100 01100100 10001011 10010111 10010111 
01100100 01100100 01100100 01100100 01100100 01100100 01100100 01100100 01100100 01101011 01100100 01100100 01100100 01110110 10010110 01100100 01100100 10000110 10010111 10010111 01100100 10001011 10010111 10010111 10010111 
01100100 01100100 01100100 01100100 01100100 01100100 01100100 01100100 01101011 10000111 01100100 01100100 01110110 10010110 10010111 01100100 10000110 10010111 10010111 10010111 10001011 10010111 10010111 10010111 10010111 
01100100 01100100 01100100 01100100 01101011 01100100 01100100 01101011 10000111 10011000 01100100 01110110 10010110 10010111 10010111 10000110 10010111 10010111 10010111 10010111 10010111 10010111 10010111 10010111 10010111 
01100100 01100100 01100100 01101011 01111111 01100100 01101011 10000111 10011000 10010111 01110110 10010110 10010111 10010111 10010111 10010111 10010111 10010111 10010111 10010111 10010111 10010111 10010111 10010111 10100111 
01100100 01100100 01101011 01111111 10010010 01101011 10000111 10011000 10010111 10010111 10010110 10010111 10010111 10010111 10010111 10010111 10010111 10010111 10010111 10010111 10010111 10010111 10010111 10100111 11000011 
01100100 01101011 01111111 10010010 10010111 10000111 10011000 10010111 10010111 10010111 10010111 10010111 10010111 10010111 10010111 10010111 10010111 10010111 10010111 10100111 10010111 10010111 10100111 11000011 11001100 
01101011 01111111 10010010 10010111 10010111 10011000 10010111 10010111 10010111 10010111 10010111 10010111 10010111 10010111 10010111 10010111 10010111 10010111 10100111 10111100 10010111 10100111 11000011 11001100 11001100 
01111111 10010010 10010111 10010111 10010111 10010111 10010111 10010111 10010111 10010111 10010111 10010111 10010111 10010111 10011000 10010111 10010111 10100111 10111100 11001011 10100111 11000011 11001100 11001100 11001100 
10010010 10010111 10010111 10010111 10010111 10010111 10010111 10010111 10010111 10010111 10010111 10010111 10010111 10011000 10101011 10010111 10100111 10111100 11001011 11001100 11000011 11001100 11001100 11001100 11001100 
10010111 10010111 10010111 10010111 10010111 10010111 10010111 10010111 10010111 10010111 10010111 10010111 10011000 10101011 10110111 10100111 10111100 11001011 11001100 11001100 11001100 11001100 11001100 11001100 11001100 
10010111 10010111 10010111 10010111 10010111 10010111 10010111 10010111 10010111 10010111 10010111 10011000 10101011 10110111 11001001 10111100 11001011 11001100 11001100 11001100 11001100 11001100 11001100 11001100 11001100 
10010111 10010111 10010111 10010111 10010111 10010111 10010111 10010111 10010111 10011001 10011000 10101011 10110111 11001001 11001100 11001011 11001100 11001100 11001100 11001100 11001100 11001100 11001100 11001100 11001001 
10010111 10010111 10010111 10010111 10010111 10010111 10010111 10010111 10011001 10100101 10101011 10110111 11001001 11001100 11001100 11001100 11001100 11001100 11001100 11001100 11001100 11001100 11001100 11001001 10110010 
10010111 10010111 10010111 10010111 10010111 10010111 10010111 10011001 10100101 10101101 10110111 11001001 11001100 11001100 11001100 11001100 11001100 11001100 11001100 11001100 11001100 11001100 11001001 10110010 10100011 
10010111 10010111 10010111 10010111 10010111 10010111 10011001 10100101 10101101 10110000 11001001 11001100 11001100 11001100 11001100 11001100 11001100 11001100 11001100 11001100 11001100 11001001 10110010 10100011 10010101 
10010111 10010111 10010111 10010111 10010111 10011001 10100101 10101101 10110000 10110010 11001100 11001100 11001100 11001100 11001100 11001100 11001100 11001100 11001100 11001100 11001001 10110010 10100011 10010101 10001000 
11111111 11111111 11111111 11111111 11111111 11111111 11111111 11111111 11111111 11111111 11111111 11111111 11111111 11111111 11111111 11111111 11111111 11111111 11111111 11111111 11111111 11111111 11111111 11111111 11111111 
11111111 11111111 11111111 11111111 11111111 11111111 11111111 11111111 11111111 11111111 11111111 11111111 11111111 11111111 11111111 11111111 11111111 11111111 11111111 11111111 11111111 11111111 11111111 11111111 11111111 
11111111 11111111 11111111 11111111 11111111 11111111 11111111 11111111 11111111 11111111 11111111 11111111 11111111 11111111 11111111 11111111 11111111 11111111 11111111 11111111 11111111 11111111 11111111 11111111 11111111 
11111111 11111111 11111111 11111111 11111111 11111111 11111111 11111111 11111111 11111111 11111111 11111111 11111111 11111111 11111111 11111111 11111111 11111111 11111111 11111111 11111111 11111111 11111111 11111111 11111111 
11111111 11111111 11111111 11111111 11111111 11111111 11111111 11111111 11111111 11111111 11111111 11111111 11111111 11111111 11111111 11111111 11111111 11111111 11111111 11111111 11111111 11111111 11111111 11111111 11111111 
11111111 11111111 11111111 11111111 11111111 11111111 11111111 11111111 11111111 11111111 11111111 11111111 11111111 11111111 11111111 11111111 11111111 11111111 11111111 11111111 11111111 11111111 11111111 11111111 11111111 
11111111 11111111 11111111 11111111 11111111 11111111 11111111 11111111 11111111 11111111 11111111 11111111 11111111 11111111 11111111 11111111 11111111 11111111 11111111 11111111 11111111 11111111 11111111 11111111 11111111 
11111111 11111111 11111111 11111111 11111111 11111111 11111111 11111111 11111111 11111111 11111111 11111111 11111111 11111111 11111111 11111111 11111111 11111111 11111111 11111111 11111111 11111111 11111111 11111111 11111111 
11111111 11111111 11111111 11111111 11111111 11111111 11111111 11111111 11111111 11111111 11111111 11111111 11111111 11111111 11111111 11111111 11111111 11111111 11111111 11111111 11111111 11111111 11111111 11111111 11111111 
11111111 11111111 11111111 11111111 11111111 11111111 11111111 11111111 11111111 11111111 11111111 11111111 11111111 11111111 11111111 11111111 11111111 11111111 11111111 11111111 11111111 11111111 11111111 11111111 11111111 
11111111 11111111 11111111 11111111 11111111 11111111 11111111 11111111 11111111 11111111 11111111 11111111 11111111 11111111 11111111 11111111 11111111 11111111 11111111 11111111 11111111 11111111 11111111 11111111 11111111 
11111111 11111111 11111111 11111111 11111111 11111111 11111111 11111111 11111111 11111111 11111111 11111111 11111111 11111111 11111111 11111111 11111111 11111111 11111111 11111111 11111111 11111111 11111111 11111111 11111111 
11111111 11111111 11111111 11111111 11111111 11111111 11111111 11111111 11111111 11111111 11111111 11111111 11111111 11111111 11111111 11111111 11111111 11111111 11111111 11111111 11111111 11111111 11111111 11111111 11111111 
11111111 11111111 11111111 11111111 11111111 11111111 11111111 11111111 11111111 11111111 11111111 11111111 11111111 11111111 11111111 11111111 11111111 11111111 11111111 11111111 11111111 11111111 11111111 11111111 11111111 
11111111 11111111 11111111 11111111 11111111 11111111 11111111 11111111 11111111 11111111 11111111 11111111 11111111 11111111 11111111 11111111 11111111 11111111 11111111 11111111 11111111 11111111 11111111 11111111 11111111 
11111111 11111111 11111111 11111111 11111111 11111111 11111111 11111111 11111111 11111111 11111111 11111111 11111111 11111111 11111111 11111111 11111111 11111111 11111111 11111111 11111111 11111111 11111111 11111111 11111111 
11111111 11111111 11111111 11111111 11111111 11111111 11111111 11111111 11111111 11111111 11111111 11111111 11111111 11111111 11111111 11111111 11111111 11111111 11111111 11111111 11111111 11111111 11111111 11111111 11111111 
11111111 11111111 11111111 11111111 11111111 11111111 11111111 11111111 11111111 11111111 11111111 11111111 11111111 11111111 11111111 11111111 11111111 11111111 11111111 11111111 11111111 11111111 11111111 11111111 11111111 
11111111 11111111 11111111 11111111 11111111 11111111 11111111 11111111 11111111 11111111 11111111 11111111 11111111 11111111 11111111 11111111 11111111 11111111 11111111 11111111 11111111 11111111 11111111 11111111 11111111 
11111111 11111111 11111111 11111111 11111111 11111111 11111111 11111111 11111111 11111111 11111111 11111111 11111111 11111111 11111111 11111111 11111111 11111111 11111111 11111111 11111111 11111111 11111111 11111111 11111111 
11111111 11111111 11111111 11111111 11111111 11111111 11111111 11111111 11111111 11111111 11111111 11111111 11111111 11111111 11111111 11111111 11111111 11111111 11111111 11100010 11111111 11111111 11111111 11111111 10100011 
11111111 11111111 11111111 11111111 11111111 11111111 11111111 11111111 11111111 11110100 11111111 11111111 11111111 11111111 10011111 11111111 11111111 11111111 11100010 01100100 11111111 11111111 11111111 10100011 01100100 
11111111 11111111 11111111 11111111 11100100 11111111 11111111 11111111 11110100 01110110 11111111 11111111 11111111 10011111 01100100 11111111 11111111 11100010 01100100 01100100 11111111 11111111 10100011 01100100 01100100 
11111111 11111111 11111111 11100100 01101011 11111111 11111111 11110100 01110110 01100100 11111111 11111111 10011111 01100100 01100100 11111111 11100010 01100100 01100100 01100100 11111111 10100011 01100100 01100100 01100100 
11111111 11111111 11100100 01101011 01100100 11111111 11110100 01110110 01100100 01100100 11111111 10011111 01100100 01100100 01100100 11100010 01100100 01100100 01100100 01100100 10100011 01100100 01100100 01100100 01100100 
11111111 11100100 01101011 01100100 01100100 11110100 01110110 01100100 01100100 01100100 10011111 01100100 01100100 01100100 01100100 01100100 01100100 01100100 01100100 01100100 01100100 01100100 01100100 01100100 01111110 
11100100 01101011 01100100 01100100 01100100 01110110 01100100 01100100 01100100 01100100 01100100 01100100 01100100 01100100 01100100 01100100 01100100 01100100 01100100 10001011 01100100 01100100 01100100 01111110 10010111 
01101011 01100100 01100100 01100100 01100100 01100100 01100100 01100100 01100100 01100100 01100100 01100100 01100100 01100100 10000110 01100100 01100100 01100100 10001011 10010111 01100100 01100100 01111110 10010111 10010111 
01100100 01100100 01100100 01100100 01100100 01100100 01100100 01100100 01100100 01110110 01100100 01100100 01100100 10000110 10010111 01100100 01100100 10001011 10010111 10010111 01100100 01111110 10010111 10010111 10010111 
01100100 01100100 01100100 01100100 01101011 01100100 01100100 01100100 01110110 10010110 01100100 01100100 10000110 10010111 10010111 01100100 10001011 10010111 10010111 10010111 01111110 10010111 10010111 10010111 10010111 
01100100 01100100 01100100 01101011 10000111 01100100 01100100 01110110 10010110 10010111 01100100 10000110 10010111 10010111 10010111 10001011 10010111 10010111 10010111 10010111 10010111 10010111 10010111 10010111 10011010 
01100100 01100100 01101011 10000111 10011000 01100100 01110110 10010110 10010111 10010111 10000110 10010111 10010111 10010111 10010111 10010111 10010111 10010111 10010111 10010111 10010111 10010111 10010111 10011010 10111100 
01100100 01101011 10000111 10011000 10010111 01110110 10010110 10010111 10010111 10010111 10010111 10010111 10010111 10010111 10010111 10010111 10010111 10010111 10010111 10100111 10010111 10010111 10011010 10111100 11001100 
01101011 10000111 10011000 10010111 10010111 10010110 10010111 10010111 10010111 10010111 10010111 10010111 10010111 10010111 10010111 10010111 10010111 10010111 10100111 11000011 10010111 10011010 10111100 11001100 11001100 
10000111 10011000 10010111 10010111 10010111 10010111 10010111 10010111 10010111 10010111 10010111 10010111 10010111 10010111 10100111 10010111 10010111 10100111 11000011 11001100 10011010 10111100 11001100 11001100 11001100 
10011000 10010111 10010111 10010111 10010111 10010111 10010111 10010111 10010111 10010111 10010111 10010111 10010111 10100111 10111100 10010111 10100111 11000011 11001100 11001100 10111100 11001100 11001100 11001100 11001100 
10010111 10010111 10010111 10010111 10010111 10010111 10010111 10010111 10010111 10011000 10010111 10010111 10100111 10111100 11001011 10100111 11000011 11001100 11001100 11001100 11001100 11001100 11001100 11001100 11001100 
10010111 10010111 10010111 10010111 10010111 10010111 10010111 10010111 10011000 10101011 10010111 10100111 10111100 11001011 11001100 11000011 11001100 11001100 11001100 11001100 11001100 11001100 11001100 11001100 11001010 
10010111 10010111 10010111 10010111 10010111 10010111 10010111 10011000 10101011 10110111 10100111 10111100 11001011 11001100 11001100 11001100 11001100 11001100 11001100 11001100 11001100 11001100 11001100 11001010 10110011 
10010111 10010111 10010111 10010111 10010111 10010111 10011000 10101011 10110111 11001001 10111100 11001011 11001100 11001100 11001100 11001100 11001100 11001100 11001100 11001100 11001100 11001100 11001010 10110011 10011001 
10010111 10010111 10010111 10010111 10011001 10011000 10101011 10110111 11001001 11001100 11001011 11001100 11001100 11001100 11001100 11001100 11001100 11001100 11001100 11001001 11001100 11001010 10110011 10011001 10000001 
10010111 10010111 10010111 10011001 10100101 10101011 10110111 11001001 11001100 11001100 11001100 11001100 11001100 11001100 11001100 11001100 11001100 11001100 11001001 10110010 11001010 10110011 10011001 10000001 01111110 
10010111 10010111 10011001 10100101 10101101 10110111 11001001 11001100 11001100 11001100 11001100 11001100 11001100 11001100 11001100 11001100 11001100 11001001 10110010 10100011 10110011 10011001 10000001 01111110 01111110 
10010111 10011001 10100101 10101101 10110000 11001001 11001100 11001100 11001100 11001100 11001100 11001100 11001100 11001100 11001100 11001100 11001001 10110010 10100011 10010101 10011001 10000001 01111110 01111110 01111110 
10011001 10100101 10101101 10110000 10110010 11001100 11001100 11001100 11001100 11001100 11001100 11001100 11001100 11001100 11001100 11001001 10110010 10100011 10010101 10001000 10000001 01111110 01111110 01111110 01111110 
11111111 11111111 11111111 11111111 11111111 11111111 11111111 11111111 11111111 11111111 11111111 11111111 11111111 11111111 11111111 11111111 11111111 11111111 11111111 11111111 11111111 11111111 11111111 11111111 11111111 
11111111 11111111 11111111 11111111 11111111 11111111 11111111 11111111 11111111 11111111 11111111 11111111 11111111 11111111 11111111 11111111 11111111 11111111 11111111 11111111 11111111 11111111 11111111 11111111 11111111 
11111111 11111111 11111111 11111111 11111111 11111111 11111111 11111111 11111111 11111111 11111111 11111111 11111111 11111111 11111111 11111111 11111111 11111111 11111111 11111111 11111111 11111111 11111111 11111111 11111111 
11111111 11111111 11111111 11111111 11111111 11111111 11111111 11111111 11111111 11111111 11111111 11111111 11111111 11111111 11111111 11111111 11111111 11111111 11111111 11111111 11111111 11111111 11111111 11111111 11111111 
11111111 11111111 11111111 11111111 11111111 11111111 11111111 11111111 11111111 11111111 11111111 11111111 11111111 11111111 11111111 11111111 11111111 11111111 11111111 11111111 11111111 11111111 11111111 11111111 11111111 
11111111 11111111 11111111 11111111 11111111 11111111 11111111 11111111 11111111 11111111 11111111 11111111 11111111 11111111 11111111 11111111 11111111 11111111 11111111 11111111 11111111 11111111 11111111 11111111 11111111 
11111111 11111111 11111111 11111111 11111111 11111111 11111111 11111111 11111111 11111111 11111111 11111111 11111111 11111111 11111111 11111111 11111111 11111111 11111111 11111111 11111111 11111111 11111111 11111111 11111111 
11111111 11111111 11111111 11111111 11111111 11111111 11111111 11111111 11111111 11111111 11111111 11111111 11111111 11111111 11111111 11111111 11111111 11111111 11111111 11111111 11111111 11111111 11111111 11111111 11111111 
11111111 11111111 11111111 11111111 11111111 11111111 11111111 11111111 11111111 11111111 11111111 11111111 11111111 11111111 11111111 11111111 11111111 11111111 11111111 11111111 11111111 11111111 11111111 11111111 11111111 
11111111 11111111 11111111 11111111 11111111 11111111 11111111 11111111 11111111 11111111 11111111 11111111 11111111 11111111 11111111 11111111 11111111 11111111 11111111 11111111 11111111 11111111 11111111 11111111 11111111 
11111111 11111111 11111111 11111111 11111111 11111111 11111111 11111111 11111111 11111111 11111111 11111111 11111111 11111111 11111111 11111111 11111111 11111111 11111111 11111111 11111111 11111111 11111111 11111111 11111111 
11111111 11111111 11111111 11111111 11111111 11111111 11111111 11111111 11111111 11111111 11111111 11111111 11111111 11111111 11111111 11111111 11111111 11111111 11111111 11111111 11111111 11111111 11111111 11111111 11111111 
11111111 11111111 11111111 11111111 11111111 11111111 11111111 11111111 11111111 11111111 11111111 11111111 11111111 11111111 11111111 11111111 11111111 11111111 11111111 11111111 11111111 11111111 11111111 11111111 11111111 
11111111 11111111 11111111 11111111 11111111 11111111 11111111 11111111 11111111 11111111 11111111 11111111 11111111 11111111 11111111 11111111 11111111 11111111 11111111 11111111 11111111 11111111 11111111 11111111 11111111 
11111111 11111111 11111111 11111111 11111111 11111111 11111111 11111111 11111111 11111111 11111111 11111111 11111111 11111111 11111111 11111111 11111111 11111111 11111111 11111111 11111111 11111111 11111111 11111111 11111111 
11111111 11111111 11111111 11111111 11111111 11111111 11111111 11111111 11111111 11111111 11111111 11111111 11111111 11111111 11111111 11111111 11111111 11111111 11111111 11111111 11111111 11111111 11111111 11111111 11111111 
11111111 11111111 11111111 11111111 11111111 11111111 11111111 11111111 11111111 11111111 11111111 11111111 11111111 11111111 11111111 11111111 11111111 11111111 11111111 11111111 11111111 11111111 11111111 11111111 11111111 
11111111 11111111 11111111 11111111 11111111 11111111 11111111 11111111 11111111 11111111 11111111 11111111 11111111 11111111 11111111 11111111 11111111 11111111 11111111 11111111 11111111 11111111 11111111 11111111 11111111 
11111111 11111111 11111111 11111111 11111111 11111111 11111111 11111111 11111111 11111111 11111111 11111111 11111111 11111111 11111111 11111111 11111111 11111111 11111111 11111111 11111111 11111111 11111111 11111111 11111111 
11111111 11111111 11111111 11111111 11111111 11111111 11111111 11111111 11111111 11111111 11111111 11111111 11111111 11111111 11111111 11111111 11111111 11111111 11111111 11111111 11111111 11111111 11111111 11111111 11111111 
11111111 11111111 11111111 11111111 11111111 11111111 11111111 11111111 11111111 11111111 11111111 11111111 11111111 11111111 11100010 11111111 11111111 11111111 11111111 10100011 11111111 11111111 11111111 11111111 01101101 
11111111 11111111 11111111 11111111 11110100 11111111 11111111 11111111 11111111 10011111 11111111 11111111 11111111 11100010 01100100 11111111 11111111 11111111 10100011 01100100 11111111 11111111 11111111 01101101 01100100 
11111111 11111111 11111111 11110100 01110110 11111111 11111111 11111111 10011111 01100100 11111111 11111111 11100010 01100100 01100100 11111111 11111111 10100011 01100100 01100100 11111111 11111111 01101101 01100100 01100100 
11111111 11111111 11110100 01110110 01100100 11111111 11111111 10011111 01100100 01100100 11111111 11100010 01100100 01100100 01100100 11111111 10100011 01100100 01100100 01100100 11111111 01101101 01100100 01100100 01100100 
11111111 11110100 01110110 01100100 01100100 11111111 10011111 01100100 01100100 01100100 11100010 01100100 01100100 01100100 01100100 10100011 01100100 01100100 01100100 01100100 01101101 01100100 01100100 01100100 01101110 
11110100 01110110 01100100 01100100 01100100 10011111 01100100 01100100 01100100 01100100 01100100 01100100 01100100 01100100 01100100 01100100 01100100 01100100 01100100 01111110 01100100 01100100 01100100 01101110 10011000 
01110110 01100100 01100100 01100100 01100100 01100100 01100100 01100100 01100100 01100100 01100100 01100100 01100100 01100100 10001011 01100100 01100100 01100100 01111110 10010111 01100100 01100100 01101110 10011000 10010111 
01100100 01100100 01100100 01100100 01100100 01100100 01100100 01100100 01100100 10000110 01100100 01100100 01100100 10001011 10010111 01100100 01100100 01111110 10010111 10010111 01100100 01101110 10011000 10010111 10010111 
01100100 01100100 01100100 01100100 01110110 01100100 01100100 01100100 10000110 10010111 01100100 01100100 10001011 10010111 10010111 01100100 01111110 10010111 10010111 10010111 01101110 10011000 10010111 10010111 10010111 
01100100 01100100 01100100 01110110 10010110 01100100 01100100 10000110 10010111 10010111 01100100 10001011 10010111 10010111 10010111 01111110 10010111 10010111 10010111 10010111 10011000 10010111 10010111 10010111 10100000 
01100100 01100100 01110110 10010110 10010111 01100100 10000110 10010111 10010111 10010111 10001011 10010111 10010111 10010111 10010111 10010111 10010111 10010111 10010111 10011010 10010111 10010111 10010111 10100000 11000110 
01100100 01110110 10010110 10010111 10010111 10000110 10010111 10010111 10010111 10010111 10010111 10010111 10010111 10010111 10010111 10010111 10010111 10010111 10011010 10111100 10010111 10010111 10100000 11000110 11001100 
01110110 10010110 10010111 10010111 10010111 10010111 10010111 10010111 10010111 10010111 10010111 10010111 10010111 10010111 10100111 10010111 10010111 10011010 10111100 11001100 10010111 10100000 11000110 11001100 11001100 
10010110 10010111 10010111 10010111 10010111 10010111 10010111 10010111 10010111 10010111 10010111 10010111 10010111 10100111 11000011 10010111 10011010 10111100 11001100 11001100 10100000 11000110 11001100 11001100 11001100 
10010111 10010111 10010111 10010111 10010111 10010111 10010111 10010111 10010111 10100111 10010111 10010111 10100111 11000011 11001100 10011010 10111100 11001100 11001100 11001100 11000110 11001100 11001100 11001100 11001100 
10010111 10010111 10010111 10010111 10010111 10010111 10010111 10010111 10100111 10111100 10010111 10100111 11000011 11001100 11001100 10111100 11001100 11001100 11001100 11001100 11001100 11001100 11001100 11001100 11001010 
10010111 10010111 10010111 10010111 10011000 10010111 10010111 10100111 10111100 11001011 10100111 11000011 11001100 11001100 11001100 11001100 11001100 11001100 11001100 11001100 11001100 11001100 11001100 11001010 10101001 
10010111 10010111 10010111 10011000 10101011 10010111 10100111 10111100 11001011 11001100 11000011 11001100 11001100 11001100 11001100 11001100 11001100 11001100 11001100 11001010 11001100 11001100 11001010 10101001 10000011 
10010111 10010111 10011000 10101011 10110111 10100111 10111100 11001011 11001100 11001100 11001100 11001100 11001100 11001100 11001100 11001100 11001100 11001100 11001010 10110011 11001100 11001010 10101001 10000011 01111110 
10010111 10011000 10101011 10110111 11001001 10111100 11001011 11001100 11001100 11001100 11001100 11001100 11001100 11001100 11001100 11001100 11001100 11001010 10110011 10011001 11001010 10101001 10000011 01111110 01111110 
10011000 10101011 10110111 11001001 11001100 11001011 11001100 11001100 11001100 11001100 11001100 11001100 11001100 11001100 11001001 11001100 11001010 10110011 10011001 10000001 10101001 10000011 01111110 01111110 01111110 
10101011 10110111 11001001 11001100 11001100 11001100 11001100 11001100 11001100 11001100 11001100 11001100 11001100 11001001 10110010 11001010 10110011 10011001 10000001 01111110 10000011 01111110 01111110 01111110 01111110 
10110111 11001001 11001100 11001100 11001100 11001100 11001100 11001100 11001100 11001100 11001100 11001100 11001001 10110010 10100011 10110011 10011001 10000001 01111110 01111110 01111110 01111110 01111110 01111110 01111110 
11001001 11001100 11001100 11001100 11001100 11001100 11001100 11001100 11001100 11001100 11001100 11001001 10110010 10100011 10010101 10011001 10000001 01111110 01111110 01111110 01111110 01111110 01111110 01111110 01111110 
11001100 11001100 11001100 11001100 11001100 11001100 11001100 11001100 11001100 11001100 11001001 10110010 10100011 10010101 10001000 10000001 01111110 01111110 01111110 01111110 01111110 01111110 01111110 01111110 01111110 
11111111 11111111 11111111 11111111 11111111 11111111 11111111 11111111 11111111 11111111 11111111 11111111 11111111 11111111 11111111 11111111 11111111 11111111 11111111 11111111 11111111 11111111 11111111 11111111 11111111 
11111111 11111111 11111111 11111111 11111111 11111111 11111111 11111111 11111111 11111111 11111111 11111111 11111111 11111111 11111111 11111111 11111111 11111111 11111111 11111111 11111111 11111111 11111111 11111111 11111111 
11111111 11111111 11111111 11111111 11111111 11111111 11111111 11111111 11111111 11111111 11111111 11111111 11111111 11111111 11111111 11111111 11111111 11111111 11111111 11111111 11111111 11111111 11111111 11111111 11111111 
11111111 11111111 11111111 11111111 11111111 11111111 11111111 11111111 11111111 11111111 11111111 11111111 11111111 11111111 11111111 11111111 11111111 11111111 11111111 11111111 11111111 11111111 11111111 11111111 11111111 
11111111 11111111 11111111 11111111 11111111 11111111 11111111 11111111 11111111 11111111 11111111 11111111 11111111 11111111 11111111 11111111 11111111 11111111 11111111 11111111 11111111 11111111 11111111 11111111 11111111 
11111111 11111111 11111111 11111111 11111111 11111111 11111111 11111111 11111111 11111111 11111111 11111111 11111111 11111111 11111111 11111111 11111111 11111111 11111111 11111111 11111111 11111111 11111111 11111111 11111111 
11111111 11111111 11111111 11111111 11111111 11111111 11111111 11111111 11111111 11111111 11111111 11111111 11111111 11111111 11111111 11111111 11111111 11111111 11111111 11111111 11111111 11111111 11111111 11111111 11111111 
11111111 11111111 11111111 11111111 11111111 11111111 11111111 11111111 11111111 11111111 11111111 11111111 11111111 11111111 11111111 11111111 11111111 11111111 11111111 11111111 11111111 11111111 11111111 11111111 11111111 
11111111 11111111 11111111 11111111 11111111 11111111 11111111 11111111 11111111 11111111 11111111 11111111 11111111 11111111 11111111 11111111 11111111 11111111 11111111 11111111 11111111 11111111 11111111 11111111 11111111 
11111111 11111111 11111111 11111111 11111111 11111111 11111111 11111111 11111111 11111111 11111111 11111111 11111111 11111111 11111111 11111111 11111111 11111111 11111111 11111111 11111111 11111111 11111111 11111111 11111111 
11111111 11111111 11111111 11111111 11111111 11111111 11111111 11111111 11111111 11111111 11111111 11111111 11111111 11111111 11111111 11111111 11111111 11111111 11111111 11111111 11111111 11111111 11111111 11111111 11111111 
11111111 11111111 11111111 11111111 11111111 11111111 11111111 11111111 11111111 11111111 11111111 11111111 11111111 11111111 11111111 11111111 11111111 11111111 11111111 11111111 11111111 11111111 11111111 11111111 11111111 
11111111 11111111 11111111 11111111 11111111 11111111 11111111 11111111 11111111 11111111 11111111 11111111 11111111 11111111 11111111 11111111 11111111 11111111 11111111 11111111 11111111 11111111 11111111 11111111 11111111 
11111111 11111111 11111111 11111111 11111111 11111111 11111111 11111111 11111111 11111111 11111111 11111111 11111111 11111111 11111111 11111111 11111111 11111111 11111111 11111111 11111111 11111111 11111111 11111111 11111111 
11111111 11111111 11111111 11111111 11111111 11111111 11111111 11111111 11111111 11111111 11111111 11111111 11111111 11111111 11111111 11111111 11111111 11111111 11111111 11111111 11111111 11111111 11111111 11111111 11111111 
11111111 11111111 11111111 11111111 11111111 11111111 11111111 11111111 11111111 11111111 11111111 11111111 11111111 11111111 11111111 11111111 11111111 11111111 11111111 11111111 11111111 11111111 11111111 11111111 11111111 
11111111 11111111 11111111 11111111 11111111 11111111 11111111 11111111 11111111 11111111 11111111 11111111 11111111 11111111 11111111 11111111 11111111 11111111 11111111 11111111 11111111 11111111 11111111 11111111 11111111 
11111111 11111111 11111111 11111111 11111111 11111111 11111111 11111111 11111111 11111111 11111111 11111111 11111111 11111111 11111111 11111111 11111111 11111111 11111111 11111111 11111111 11111111 11111111 11111111 11111111 
11111111 11111111 11111111 11111111 11111111 11111111 11111111 11111111 11111111 11111111 11111111 11111111 11111111 11111111 11111111 11111111 11111111 11111111 11111111 11111111 11111111 11111111 11111111 11111111 11111111 
11111111 11111111 11111111 11111111 11111111 11111111 11111111 11111111 11111111 11111111 11111111 11111111 11111111 11111111 11111111 11111111 11111111 11111111 11111111 11111111 11111111 11111111 11111111 11111111 11100011 
11111111 11111111 11111111 11111111 11111111 11111111 11111111 11111111 11111111 11100010 11111111 11111111 11111111 11111111 10100011 11111111 11111111 11111111 11111111 01101101 11111111 11111111 11111111 11100011 01100100 
11111111 11111111 11111111 11111111 10011111 11111111 11111111 11111111 11100010 01100100 11111111 11111111 11111111 10100011 01100100 11111111 11111111 11111111 01101101 01100100 11111111 11111111 11100011 01100100 01100100 
11111111 11111111 11111111 10011111 01100100 11111111 11111111 11100010 01100100 01100100 11111111 11111111 10100011 01100100 01100100 11111111 11111111 01101101 01100100 01100100 11111111 11100011 01100100 01100100 01100100 
11111111 11111111 10011111 01100100 01100100 11111111 11100010 01100100 01100100 01100100 11111111 10100011 01100100 01100100 01100100 11111111 01101101 01100100 01100100 01100100 11100011 01100100 01100100 01100100 01100100 
11111111 10011111 01100100 01100100 01100100 11100010 01100100 01100100 01100100 01100100 10100011 01100100 01100100 01100100 01100100 01101101 01100100 01100100 01100100 01101110 01100100 01100100 01100100 01100100 10001001 
10011111 01100100 01100100 01100100 01100100 01100100 01100100 01100100 01100100 01100100 01100100 01100100 01100100 01100100 01111110 01100100 01100100 01100100 01101110 10011000 01100100 01100100 01100100 10001001 10010111 
01100100 01100100 01100100 01100100 01100100 01100100 01100100 01100100 01100100 10001011 01100100 01100100 01100100 01111110 10010111 01100100 01100100 01101110 10011000 10010111 01100100 01100100 10001001 10010111 10010111 
01100100 01100100 01100100 01100100 10000110 01100100 01100100 01100100 10001011 10010111 01100100 01100100 01111110 10010111 10010111 01100100 01101110 10011000 10010111 10010111 01100100 10001001 10010111 10010111 10010111 
01100100 01100100 01100100 10000110 10010111 01100100 01100100 10001011 10010111 10010111 01100100 01111110 10010111 10010111 10010111 01101110 10011000 10010111 10010111 10010111 10001001 10010111 10010111 10010111 10011110 
01100100 01100100 10000110 10010111 10010111 01100100 10001011 10010111 10010111 10010111 01111110 10010111 10010111 10010111 10010111 10011000 10010111 10010111 10010111 10100000 10010111 10010111 10010111 10011110 11000110 
01100100 10000110 10010111 10010111 10010111 10001011 10010111 10010111 10010111 10010111 10010111 10010111 10010111 10010111 10011010 10010111 10010111 10010111 10100000 11000110 10010111 10010111 10011110 11000110 11001100 
10000110 10010111 10010111 10010111 10010111 10010111 10010111 10010111 10010111 10010111 10010111 10010111 10010111 10011010 10111100 10010111 10010111 10100000 11000110 11001100 10010111 10011110 11000110 11001100 11001100 
10010111 10010111 10010111 10010111 10010111 10010111 10010111 10010111 10010111 10100111 10010111 10010111 10011010 10111100 11001100 10010111 10100000 11000110 11001100 11001100 10011110 11000110 11001100 11001100 11001100 
10010111 10010111 10010111 10010111 10010111 10010111 10010111 10010111 10100111 11000011 10010111 10011010 10111100 11001100 11001100 10100000 11000110 11001100 11001100 11001100 11000110 11001100 11001100 11001100 11001100 
10010111 10010111 10010111 10010111 10100111 10010111 10010111 10100111 11000011 11001100 10011010 10111100 11001100 11001100 11001100 11000110 11001100 11001100 11001100 11001100 11001100 11001100 11001100 11001100 10111000 
10010111 10010111 10010111 10100111 10111100 10010111 10100111 11000011 11001100 11001100 10111100 11001100 11001100 11001100 11001100 11001100 11001100 11001100 11001100 11001010 11001100 11001100 11001100 10111000 10001010 
10010111 10010111 10100111 10111100 11001011 10100111 11000011 11001100 11001100 11001100 11001100 11001100 11001100 11001100 11001100 11001100 11001100 11001100 11001010 10101001 11001100 11001100 10111000 10001010 01111110 
10010111 10100111 10111100 11001011 11001100 11000011 11001100 11001100 11001100 11001100 11001100 11001100 11001100 11001100 11001010 11001100 11001100 11001010 10101001 10000011 11001100 10111000 10001010 01111110 01111110 
10100111 10111100 11001011 11001100 11001100 11001100 11001100 11001100 11001100 11001100 11001100 11001100 11001100 11001010 10110011 11001100 11001010 10101001 10000011 01111110 10111000 10001010 01111110 01111110 01111110 
10111100 11001011 11001100 11001100 11001100 11001100 11001100 11001100 11001100 11001100 11001100 11001100 11001010 10110011 10011001 11001010 10101001 10000011 01111110 01111110 10001010 01111110 01111110 01111110 01111110 
11001011 11001100 11001100 11001100 11001100 11001100 11001100 11001100 11001100 11001001 11001100 11001010 10110011 10011001 10000001 10101001 10000011 01111110 01111110 01111110 01111110 01111110 01111110 01111110 01111110 
11001100 11001100 11001100 11001100 11001100 11001100 11001100 11001100 11001001 10110010 11001010 10110011 10011001 10000001 01111110 10000011 01111110 01111110 01111110 01111110 01111110 01111110 01111110 01111110 01111110 
11001100 11001100 11001100 11001100 11001100 11001100 11001100 11001001 10110010 10100011 10110011 10011001 10000001 01111110 01111110 01111110 01111110 01111110 01111110 01111110 01111110 01111110 01111110 01111110 10000110 
11001100 11001100 11001100 11001100 11001100 11001100 11001001 10110010 10100011 10010101 10011001 10000001 01111110 01111110 01111110 01111110 01111110 01111110 01111110 01111110 01111110 01111110 01111110 10000110 10000001 
11001100 11001100 11001100 11001100 11001100 11001001 10110010 10100011 10010101 10001000 10000001 01111110 01111110 01111110 01111110 01111110 01111110 01111110 01111110 01111110 01111110 01111110 10000110 10000001 01111110 
11111111 11111111 11111111 11111111 11111111 11111111 11111111 11111111 11111111 11111111 11111111 11111111 11111111 11111111 11111111 11111111 11111111 11111111 11111111 11111111 11111111 11111111 11111111 11111111 11111111 
11111111 11111111 11111111 11111111 11111111 11111111 11111111 11111111 11111111 11111111 11111111 11111111 11111111 11111111 11111111 11111111 11111111 11111111 11111111 11111111 11111111 11111111 11111111 11111111 11111111 
11111111 11111111 11111111 11111111 11111111 11111111 11111111 11111111 11111111 11111111 11111111 11111111 11111111 11111111 11111111 11111111 11111111 11111111 11111111 11111111 11111111 11111111 11111111 11111111 11111111 
11111111 11111111 11111111 11111111 11111111 11111111 11111111 11111111 11111111 11111111 11111111 11111111 11111111 11111111 11111111 11111111 11111111 11111111 11111111 11111111 11111111 11111111 11111111 11111111 11111111 
11111111 11111111 11111111 11111111 11111111 11111111 11111111 11111111 11111111 11111111 11111111 11111111 11111111 11111111 11111111 11111111 11111111 11111111 11111111 11111111 11111111 11111111 11111111 11111111 11111111 
11111111 11111111 11111111 11111111 11111111 11111111 11111111 11111111 11111111 11111111 11111111 11111111 11111111 11111111 11111111 11111111 11111111 11111111 11111111 11111111 11111111 11111111 11111111 11111111 11111111 
11111111 11111111 11111111 11111111 11111111 11111111 11111111 11111111 11111111 11111111 11111111 11111111 11111111 11111111 11111111 11111111 11111111 11111111 11111111 11111111 11111111 11111111 11111111 11111111 11111111 
11111111 11111111 11111111 11111111 11111111 11111111 11111111 11111111 11111111 11111111 11111111 11111111 11111111 11111111 11111111 11111111 11111111 11111111 11111111 11111111 11111111 11111111 11111111 11111111 11111111 
11111111 11111111 11111111 11111111 11111111 11111111 11111111 11111111 11111111 11111111 11111111 11111111 11111111 11111111 11111111 11111111 11111111 11111111 11111111 11111111 11111111 11111111 11111111 11111111 11111111 
11111111 11111111 11111111 11111111 11111111 11111111 11111111 11111111 11111111 11111111 11111111 11111111 11111111 11111111 11111111 11111111 11111111 11111111 11111111 11111111 11111111 11111111 11111111 11111111 11111111 
11111111 11111111 11111111 11111111 11111111 11111111 11111111 11111111 11111111 11111111 11111111 11111111 11111111 11111111 11111111 11111111 11111111 11111111 11111111 11111111 11111111 11111111 11111111 11111111 11111111 
11111111 11111111 11111111 11111111 11111111 11111111 11111111 11111111 11111111 11111111 11111111 11111111 11111111 11111111 11111111 11111111 11111111 11111111 11111111 11111111 11111111 11111111 11111111 11111111 11111111 
11111111 11111111 11111111 11111111 11111111 11111111 11111111 11111111 11111111 11111111 11111111 11111111 11111111 11111111 11111111 11111111 11111111 11111111 11111111 11111111 11111111 11111111 11111111 11111111 11111111 
11111111 11111111 11111111 11111111 11111111 11111111 11111111 11111111 11111111 11111111 11111111 11111111 11111111 11111111 11111111 11111111 11111111 11111111 11111111 11111111 11111111 11111111 11111111 11111111 11111111 
11111111 11111111 11111111 11111111 11111111 11111111 11111111 11111111 11111111 11111111 11111111 11111111 11111111 11111111 11111111 11111111 11111111 11111111 11111111 11111111 11111111 11111111 11111111 11111111 11111111 
11111111 11111111 11111111 11111111 11111111 11111111 11111111 11111111 11111111 11111111 11111111 11111111 11111111 11111111 11111111 11111111 11111111 11111111 11111111 11111111 11111111 11111111 11111111 11111111 11111111 
11111111 11111111 11111111 11111111 11111111 11111111 11111111 11111111 11111111 11111111 11111111 11111111 11111111 11111111 11111111 11111111 11111111 11111111 11111111 11111111 11111111 11111111 11111111 11111111 11111111 
11111111 11111111 11111111 11111111 11111111 11111111 11111111 11111111 11111111 11111111 11111111 11111111 11111111 11111111 11111111 11111111 11111111 11111111 11111111 11111111 11111111 11111111 11111111 11111111 11111111 
11111111 11111111 11111111 11111111 11111111 11111111 11111111 11111111 11111111 11111111 11111111 11111111 11111111 11111111 11111111 11111111 11111111 11111111 11111111 11111111 11111111 11111111 11111111 11111111 11111111 
11111111 11111111 11111111 11111111 11111111 11111111 11111111 11111111 11111111 11111111 11111111 11111111 11111111 11111111 11111111 11111111 11111111 11111111 11111111 11100011 11111111 11111111 11111111 11111111 11000110 
11111111 11111111 11111111 11111111 11100010 11111111 11111111 11111111 11111111 10100011 11111111 11111111 11111111 11111111 01101101 11111111 11111111 11111111 11100011 01100100 11111111 11111111 11111111 11000110 01100100 
11111111 11111111 11111111 11100010 01100100 11111111 11111111 11111111 10100011 01100100 11111111 11111111 11111111 01101101 01100100 11111111 11111111 11100011 01100100 01100100 11111111 11111111 11000110 01100100 01100100 
11111111 11111111 11100010 01100100 01100100 11111111 11111111 10100011 01100100 01100100 11111111 11111111 01101101 01100100 01100100 11111111 11100011 01100100 01100100 01100100 11111111 11000110 01100100 01100100 01100100 
11111111 11100010 01100100 01100100 01100100 11111111 10100011 01100100 01100100 01100100 11111111 01101101 01100100 01100100 01100100 11100011 01100100 01100100 01100100 01100100 11000110 01100100 01100100 01100100 01101010 
11100010 01100100 01100100 01100100 01100100 10100011 01100100 01100100 01100100 01100100 01101101 01100100 01100100 01100100 01101110 01100100 01100100 01100100 01100100 10001001 01100100 01100100 01100100 01101010 10011000 
01100100 01100100 01100100 01100100 01100100 01100100 01100100 01100100 01100100 01111110 01100100 01100100 01100100 01101110 10011000 01100100 01100100 01100100 10001001 10010111 01100100 01100100 01101010 10011000 10010111 
01100100 01100100 01100100 01100100 10001011 01100100 01100100 01100100 01111110 10010111 01100100 01100100 01101110 10011000 10010111 01100100 01100100 10001001 10010111 10010111 01100100 01101010 10011000 10010111 10010111 
01100100 01100100 01100100 10001011 10010111 01100100 01100100 01111110 10010111 10010111 01100100 01101110 10011000 10010111 10010111 01100100 10001001 10010111 10010111 10010111 01101010 10011000 10010111 10010111 10010111 
01100100 01100100 10001011 10010111 10010111 01100100 01111110 10010111 10010111 10010111 01101110 10011000 10010111 10010111 10010111 10001001 10010111 10010111 10010111 10011110 10011000 10010111 10010111 10010111 11000001 
01100100 10001011 10010111 10010111 10010111 01111110 10010111 10010111 10010111 10010111 10011000 10010111 10010111 10010111 10100000 10010111 10010111 10010111 10011110 11000110 10010111 10010111 10010111 11000001 11001100 
10001011 10010111 10010111 10010111 10010111 10010111 10010111 10010111 10010111 10011010 10010111 10010111 10010111 10100000 11000110 10010111 10010111 10011110 11000110 11001100 10010111 10010111 11000001 11001100 11001100 
10010111 10010111 10010111 10010111 10010111 10010111 10010111 10010111 10011010 10111100 10010111 10010111 10100000 11000110 11001100 10010111 10011110 11000110 11001100 11001100 10010111 11000001 11001100 11001100 11001100 
10010111 10010111 10010111 10010111 10100111 10010111 10010111 10011010 10111100 11001100 10010111 10100000 11000110 11001100 11001100 10011110 11000110 11001100 11001100 11001100 11000001 11001100 11001100 11001100 11001100 
10010111 10010111 10010111 10100111 11000011 10010111 10011010 10111100 11001100 11001100 10100000 11000110 11001100 11001100 11001100 11000110 11001100 11001100 11001100 11001100 11001100 11001100 11001100 11001100 10100110 
10010111 10010111 10100111 11000011 11001100 10011010 10111100 11001100 11001100 11001100 11000110 11001100 11001100 11001100 11001100 11001100 11001100 11001100 11001100 10111000 11001100 11001100 11001100 10100110 01111110 
10010111 10100111 11000011 11001100 11001100 10111100 11001100 11001100 11001100 11001100 11001100 11001100 11001100 11001100 11001010 11001100 11001100 11001100 10111000 10001010 11001100 11001100 10100110 01111110 01111110 
10100111 11000011 11001100 11001100 11001100 11001100 11001100 11001100 11001100 11001100 11001100 11001100 11001100 11001010 10101001 11001100 11001100 10111000 10001010 01111110 11001100 10100110 01111110 01111110 01111110 
11000011 11001100 11001100 11001100 11001100 11001100 11001100 11001100 11001100 11001010 11001100 11001100 11001010 10101001 10000011 11001100 10111000 10001010 01111110 01111110 10100110 01111110 01111110 01111110 01111110 
11001100 11001100 11001100 11001100 11001100 11001100 11001100 11001100 11001010 10110011 11001100 11001010 10101001 10000011 01111110 10111000 10001010 01111110 01111110 01111110 01111110 01111110 01111110 01111110 01111110 
11001100 11001100 11001100 11001100 11001100 11001100 11001100 11001010 10110011 10011001 11001010 10101001 10000011 01111110 01111110 10001010 01111110 01111110 01111110 01111110 01111110 01111110 01111110 01111110 01111111 
11001100 11001100 11001100 11001100 11001001 11001100 11001010 10110011 10011001 10000001 10101001 10000011 01111110 01111110 01111110 01111110 01111110 01111110 01111110 01111110 01111110 01111110 01111110 01111111 10000011 
11001100 11001100 11001100 11001001 10110010 11001010 10110011 10011001 10000001 01111110 10000011 01111110 01111110 01111110 01111110 01111110 01111110 01111110 01111110 01111110 01111110 01111110 01111111 10000011 01111111 
11001100 11001100 11001001 10110010 10100011 10110011 10011001 10000001 01111110 01111110 01111110 01111110 01111110 01111110 01111110 01111110 01111110 01111110 01111110 10000110 01111110 01111111 10000011 01111111 01110111 
11001100 11001001 10110010 10100011 10010101 10011001 10000001 01111110 01111110 01111110 01111110 01111110 01111110 01111110 01111110 01111110 01111110 01111110 10000110 10000001 01111111 10000011 01111111 01110111 01110111 
11001001 10110010 10100011 10010101 10001000 10000001 01111110 01111110 01111110 01111110 01111110 01111110 01111110 01111110 01111110 01111110 01111110 10000110 10000001 01111110 10000011 01111111 01110111 01110111 01110111 
11111111 11111111 11111111 11111111 11111111 11111111 11111111 11111111 11111111 11111111 11111111 11111111 11111111 11111111 11111111 11111111 11111111 11111111 11111111 11111111 11111111 11111111 11111111 11111111 11111111 
11111111 11111111 11111111 11111111 11111111 11111111 11111111 11111111 11111111 11111111 11111111 11111111 11111111 11111111 11111111 11111111 11111111 11111111 11111111 11111111 11111111 11111111 11111111 11111111 11111111 
11111111 11111111 11111111 11111111 11111111 11111111 11111111 11111111 11111111 11111111 11111111 11111111 11111111 11111111 11111111 11111111 11111111 11111111 11111111 11111111 11111111 11111111 11111111 11111111 11111111 
11111111 11111111 11111111 11111111 11111111 11111111 11111111 11111111 11111111 11111111 11111111 11111111 11111111 11111111 11111111 11111111 11111111 11111111 11111111 11111111 11111111 11111111 11111111 11111111 11111111 
11111111 11111111 11111111 11111111 11111111 11111111 11111111 11111111 11111111 11111111 11111111 11111111 11111111 11111111 11111111 11111111 11111111 11111111 11111111 11111111 11111111 11111111 11111111 11111111 11111111 
11111111 11111111 11111111 11111111 11111111 11111111 11111111 11111111 11111111 11111111 11111111 11111111 11111111 11111111 11111111 11111111 11111111 11111111 11111111 11111111 11111111 11111111 11111111 11111111 11111111 
11111111 11111111 11111111 11111111 11111111 11111111 11111111 11111111 11111111 11111111 11111111 11111111 11111111 11111111 11111111 11111111 11111111 11111111 11111111 11111111 11111111 11111111 11111111 11111111 11111111 
11111111 11111111 11111111 11111111 11111111 11111111 11111111 11111111 11111111 11111111 11111111 11111111 11111111 11111111 11111111 11111111 11111111 11111111 11111111 11111111 11111111 11111111 11111111 11111111 11111111 
11111111 11111111 11111111 11111111 11111111 11111111 11111111 11111111 11111111 11111111 11111111 11111111 11111111 11111111 11111111 11111111 11111111 11111111 11111111 11111111 11111111 11111111 11111111 11111111 11111111 
11111111 11111111 11111111 11111111 11111111 11111111 11111111 11111111 11111111 11111111 11111111 11111111 11111111 11111111 11111111 11111111 11111111 11111111 11111111 11111111 11111111 11111111 11111111 11111111 11111111 
11111111 11111111 11111111 11111111 11111111 11111111 11111111 11111111 11111111 11111111 11111111 11111111 11111111 11111111 11111111 11111111 11111111 11111111 11111111 11111111 11111111 11111111 11111111 11111111 11111111 
11111111 11111111 11111111 11111111 11111111 11111111 11111111 11111111 11111111 11111111 11111111 11111111 11111111 11111111 11111111 11111111 11111111 11111111 11111111 11111111 11111111 11111111 11111111 11111111 11111111 
11111111 11111111 11111111 11111111 11111111 11111111 11111111 11111111 11111111 11111111 11111111 11111111 11111111 11111111 11111111 11111111 11111111 11111111 11111111 11111111 11111111 11111111 11111111 11111111 11111111 
11111111 11111111 11111111 11111111 11111111 11111111 11111111 11111111 11111111 11111111 11111111 11111111 11111111 11111111 11111111 11111111 11111111 11111111 11111111 11111111 11111111 11111111 11111111 11111111 11111111 
11111111 11111111 11111111 11111111 11111111 11111111 11111111 11111111 11111111 11111111 11111111 11111111 11111111 11111111 11111111 11111111 11111111 11111111 11111111 11111111 11111111 11111111 11111111 11111111 11111111 
11111111 11111111 11111111 11111111 11111111 11111111 11111111 11111111 11111111 11111111 11111111 11111111 11111111 11111111 11111111 11111111 11111111 11111111 11111111 11111111 11111111 11111111 11111111 11111111 11111111 
11111111 11111111 11111111 11111111 11111111 11111111 11111111 11111111 11111111 11111111 11111111 11111111 11111111 11111111 11111111 11111111 11111111 11111111 11111111 11111111 11111111 11111111 11111111 11111111 11111111 
11111111 11111111 11111111 11111111 11111111 11111111 11111111 11111111 11111111 11111111 11111111 11111111 11111111 11111111 11111111 11111111 11111111 11111111 11111111 11111111 11111111 11111111 11111111 11111111 11111111 
11111111 11111111 11111111 11111111 11111111 11111111 11111111 11111111 11111111 11111111 11111111 11111111 11111111 11111111 11111111 11111111 11111111 11111111 11111111 11111111 11111111 11111111 11111111 11111111 11111111 
11111111 11111111 11111111 11111111 11111111 11111111 11111111 11111111 11111111 11111111 11111111 11111111 11111111 11111111 11100011 11111111 11111111 11111111 11111111 11000110 11111111 11111111 11111111 11111111 10111111 
11111111 11111111 11111111 11111111 10100011 11111111 11111111 11111111 11111111 01101101 11111111 11111111 11111111 11100011 01100100 11111111 11111111 11111111 11000110 01100100 11111111 11111111 11111111 10111111 01100100 
11111111 11111111 11111111 10100011 01100100 11111111 11111111 11111111 01101101 01100100 11111111 11111111 11100011 01100100 01100100 11111111 11111111 11000110 01100100 01100100 11111111 11111111 10111111 01100100 01100100 
11111111 11111111 10100011 01100100 01100100 11111111 11111111 01101101 01100100 01100100 11111111 11100011 01100100 01100100 01100100 11111111 11000110 01100100 01100100 01100100 11111111 10111111 01100100 01100100 01100100 
11111111 10100011 01100100 01100100 01100100 11111111 01101101 01100100 01100100 01100100 11100011 01100100 01100100 01100100 01100100 11000110 01100100 01100100 01100100 01101010 10111111 01100100 01100100 01100100 10000000 
10100011 01100100 01100100 01100100 01100100 01101101 01100100 01100100 01100100 01101110 01100100 01100100 01100100 01100100 10001001 01100100 01100100 01100100 01101010 10011000 01100100 01100100 01100100 10000000 10010111 
01100100 01100100 01100100 01100100 01111110 01100100 01100100 01100100 01101110 10011000 01100100 01100100 01100100 10001001 10010111 01100100 01100100 01101010 10011000 10010111 01100100 01100100 10000000 10010111 10010111 
01100100 01100100 01100100 01111110 10010111 01100100 01100100 01101110 10011000 10010111 01100100 01100100 10001001 10010111 10010111 01100100 01101010 10011000 10010111 10010111 01100100 10000000 10010111 10010111 10010111 
01100100 01100100 01111110 10010111 10010111 01100100 01101110 10011000 10010111 10010111 01100100 10001001 10010111 10010111 10010111 01101010 10011000 10010111 10010111 10010111 10000000 10010111 10010111 10010111 10101111 
01100100 01111110 10010111 10010111 10010111 01101110 10011000 10010111 10010111 10010111 10001001 10010111 10010111 10010111 10011110 10011000 10010111 10010111 10010111 11000001 10010111 10010111 10010111 10101111 11001100 
01111110 10010111 10010111 10010111 10010111 10011000 10010111 10010111 10010111 10100000 10010111 10010111 10010111 10011110 11000110 10010111 10010111 10010111 11000001 11001100 10010111 10010111 10101111 11001100 11001100 
10010111 10010111 10010111 10010111 10011010 10010111 10010111 10010111 10100000 11000110 10010111 10010111 10011110 11000110 11001100 10010111 10010111 11000001 11001100 11001100 10010111 10101111 11001100 11001100 11001100 
10010111 10010111 10010111 10011010 10111100 10010111 10010111 10100000 11000110 11001100 10010111 10011110 11000110 11001100 11001100 10010111 11000001 11001100 11001100 11001100 10101111 11001100 11001100 11001100 11001100 
10010111 10010111 10011010 10111100 11001100 10010111 10100000 11000110 11001100 11001100 10011110 11000110 11001100 11001100 11001100 11000001 11001100 11001100 11001100 11001100 11001100 11001100 11001100 11001100 10100111 
10010111 10011010 10111100 11001100 11001100 10100000 11000110 11001100 11001100 11001100 11000110 11001100 11001100 11001100 11001100 11001100 11001100 11001100 11001100 10100110 11001100 11001100 11001100 10100111 01111110 
10011010 10111100 11001100 11001100 11001100 11000110 11001100 11001100 11001100 11001100 11001100 11001100 11001100 11001100 10111000 11001100 11001100 11001100 10100110 01111110 11001100 11001100 10100111 01111110 01111110 
10111100 11001100 11001100 11001100 11001100 11001100 11001100 11001100 11001100 11001010 11001100 11001100 11001100 10111000 10001010 11001100 11001100 10100110 01111110 01111110 11001100 10100111 01111110 01111110 01111110 
11001100 11001100 11001100 11001100 11001100 11001100 11001100 11001100 11001010 10101001 11001100 11001100 10111000 10001010 01111110 11001100 10100110 01111110 01111110 01111110 10100111 01111110 01111110 01111110 01111110 
11001100 11001100 11001100 11001100 11001010 11001100 11001100 11001010 10101001 10000011 11001100 10111000 10001010 01111110 01111110 10100110 01111110 01111110 01111110 01111110 01111110 01111110 01111110 01111110 01111110 
11001100 11001100 11001100 11001010 10110011 11001100 11001010 10101001 10000011 01111110 10111000 10001010 01111110 01111110 01111110 01111110 01111110 01111110 01111110 01111110 01111110 01111110 01111110 01111110 10000001 
11001100 11001100 11001010 10110011 10011001 11001010 10101001 10000011 01111110 01111110 10001010 01111110 01111110 01111110 01111110 01111110 01111110 01111110 01111110 01111111 01111110 01111110 01111110 10000001 01111101 
11001100 11001010 10110011 10011001 10000001 10101001 10000011 01111110 01111110 01111110 01111110 01111110 01111110 01111110 01111110 01111110 01111110 01111110 01111111 10000011 01111110 01111110 10000001 01111101 01110111 
11001010 10110011 10011001 10000001 01111110 10000011 01111110 01111110 01111110 01111110 01111110 01111110 01111110 01111110 01111110 01111110 01111110 01111111 10000011 01111111 01111110 10000001 01111101 01110111 01110111 
10110011 10011001 10000001 01111110 01111110 01111110 01111110 01111110 01111110 01111110 01111110 01111110 01111110 01111110 10000110 01111110 01111111 10000011 01111111 01110111 10000001 01111101 01110111 01110111 01110111 
10011001 10000001 01111110 01111110 01111110 01111110 01111110 01111110 01111110 01111110 01111110 01111110 01111110 10000110 10000001 01111111 10000011 01111111 01110111 01110111 01111101 01110111 01110111 01110111 01110111 
10000001 01111110 01111110 01111110 01111110 01111110 01111110 01111110 01111110 01111110 01111110 01111110 10000110 10000001 01111110 10000011 01111111 01110111 01110111 01110111 01110111 01110111 01110111 01110111 01110111 
11111111 11111111 11111111 11111111 11111111 11111111 11111111 11111111 11111111 11111111 11111111 11111111 11111111 11111111 11111111 11111111 11111111 11111111 11111111 11111111 11111111 11111111 11111111 11111111 11111111 
11111111 11111111 11111111 11111111 11111111 11111111 11111111 11111111 11111111 11111111 11111111 11111111 11111111 11111111 11111111 11111111 11111111 11111111 11111111 11111111 11111111 11111111 11111111 11111111 11111111 
11111111 11111111 11111111 11111111 11111111 11111111 11111111 11111111 11111111 11111111 11111111 11111111 11111111 11111111 11111111 11111111 11111111 11111111 11111111 11111111 11111111 11111111 11111111 11111111 11111111 
11111111 11111111 11111111 11111111 11111111 11111111 11111111 11111111 11111111 11111111 11111111 11111111 11111111 11111111 11111111 11111111 11111111 11111111 11111111 11111111 11111111 11111111 11111111 11111111 11111111 
11111111 11111111 11111111 11111111 11111111 11111111 11111111 11111111 11111111 11111111 11111111 11111111 11111111 11111111 11111111 11111111 11111111 11111111 11111111 11111111 11111111 11111111 11111111 11111111 11111111 
11111111 11111111 11111111 11111111 11111111 11111111 11111111 11111111 11111111 11111111 11111111 11111111 11111111 11111111 11111111 11111111 11111111 11111111 11111111 11111111 11111111 11111111 11111111 11111111 11111111 
11111111 11111111 11111111 11111111 11111111 11111111 11111111 11111111 11111111 11111111 11111111 11111111 11111111 11111111 11111111 11111111 11111111 11111111 11111111 11111111 11111111 11111111 11111111 11111111 11111111 
11111111 11111111 11111111 11111111 11111111 11111111 11111111 11111111 11111111 11111111 11111111 11111111 11111111 11111111 11111111 11111111 11111111 11111111 11111111 11111111 11111111 11111111 11111111 11111111 11111111 
11111111 11111111 11111111 11111111 11111111 11111111 11111111 11111111 11111111 11111111 11111111 11111111 11111111 11111111 11111111 11111111 11111111 11111111 11111111 11111111 11111111 11111111 11111111 11111111 11111111 
11111111 11111111 11111111 11111111 11111111 11111111 11111111 11111111 11111111 11111111 11111111 11111111 11111111 11111111 11111111 11111111 11111111 11111111 11111111 11111111 11111111 11111111 11111111 11111111 11111111 
11111111 11111111 11111111 11111111 11111111 11111111 11111111 11111111 11111111 11111111 11111111 11111111 11111111 11111111 11111111 11111111 11111111 11111111 11111111 11111111 11111111 11111111 11111111 11111111 11111111 
11111111 11111111 11111111 11111111 11111111 11111111 11111111 11111111 11111111 11111111 11111111 11111111 11111111 11111111 11111111 11111111 11111111 11111111 11111111 11111111 11111111 11111111 11111111 11111111 11111111 
11111111 11111111 11111111 11111111 11111111 11111111 11111111 11111111 11111111 11111111 11111111 11111111 11111111 11111111 11111111 11111111 11111111 11111111 11111111 11111111 11111111 11111111 11111111 11111111 11111111 
11111111 11111111 11111111 11111111 11111111 11111111 11111111 11111111 11111111 11111111 11111111 11111111 11111111 11111111 11111111 11111111 11111111 11111111 11111111 11111111 11111111 11111111 11111111 11111111 11111111 
11111111 11111111 11111111 11111111 11111111 11111111 11111111 11111111 11111111 11111111 11111111 11111111 11111111 11111111 11111111 11111111 11111111 11111111 11111111 11111111 11111111 11111111 11111111 11111111 11111111 
11111111 11111111 11111111 11111111 11111111 11111111 11111111 11111111 11111111 11111111 11111111 11111111 11111111 11111111 11111111 11111111 11111111 11111111 11111111 11111111 11111111 11111111 11111111 11111111 11111111 
11111111 11111111 11111111 11111111 11111111 11111111 11111111 11111111 11111111 11111111 11111111 11111111 11111111 11111111 11111111 11111111 11111111 11111111 11111111 11111111 11111111 11111111 11111111 11111111 11111111 
11111111 11111111 11111111 11111111 11111111 11111111 11111111 11111111 11111111 11111111 11111111 11111111 11111111 11111111 11111111 11111111 11111111 11111111 11111111 11111111 11111111 11111111 11111111 11111111 11111111 
11111111 11111111 11111111 11111111 11111111 11111111 11111111 11111111 11111111 11111111 11111111 11111111 11111111 11111111 11111111 11111111 11111111 11111111 11111111 11111111 11111111 11111111 11111111 11111111 11111111 
11111111 11111111 11111111 11111111 11111111 11111111 11111111 11111111 11111111 11100011 11111111 11111111 11111111 11111111 11000110 11111111 11111111 11111111 11111111 10111111 11111111 11111111 11111111 11111111 10111001 
11111111 11111111 11111111 11111111 01101101 11111111 11111111 11111111 11100011 01100100 11111111 11111111 11111111 11000110 01100100 11111111 11111111 11111111 10111111 01100100 11111111 11111111 11111111 10111001 01100100 
11111111 11111111 11111111 01101101 01100100 11111111 11111111 11100011 01100100 01100100 11111111 11111111 11000110 01100100 01100100 11111111 11111111 10111111 01100100 01100100 11111111 11111111 10111001 01100100 01100100 
11111111 11111111 01101101 01100100 01100100 11111111 11100011 01100100 01100100 01100100 11111111 11000110 01100100 01100100 01100100 11111111 10111111 01100100 01100100 01100100 11111111 10111001 01100100 01100100 01100100 
11111111 01101101 01100100 01100100 01100100 11100011 01100100 01100100 01100100 01100100 11000110 01100100 01100100 01100100 01101010 10111111 01100100 01100100 01100100 10000000 10111001 01100100 01100100 01100100 10000111 
01101101 01100100 01100100 01100100 01101110 01100100 01100100 01100100 01100100 10001001 01100100 01100100 01100100 01101010 10011000 01100100 01100100 01100100 10000000 10010111 01100100 01100100 01100100 10000111 10010111 
01100100 01100100 01100100 01101110 10011000 01100100 01100100 01100100 10001001 10010111 01100100 01100100 01101010 10011000 10010111 01100100 01100100 10000000 10010111 10010111 01100100 01100100 10000111 10010111 10010111 
01100100 01100100 01101110 10011000 10010111 01100100 01100100 10001001 10010111 10010111 01100100 01101010 10011000 10010111 10010111 01100100 10000000 10010111 10010111 10010111 01100100 10000111 10010111 10010111 10011000 
01100100 01101110 10011000 10010111 10010111 01100100 10001001 10010111 10010111 10010111 01101010 10011000 10010111 10010111 10010111 10000000 10010111 10010111 10010111 10101111 10000111 10010111 10010111 10011000 11001001 
01101110 10011000 10010111 10010111 10010111 10001001 10010111 10010111 10010111 10011110 10011000 10010111 10010111 10010111 11000001 10010111 10010111 10010111 10101111 11001100 10010111 10010111 10011000 11001001 11001100 
10011000 10010111 10010111 10010111 10100000 10010111 10010111 10010111 10011110 11000110 10010111 10010111 10010111 11000001 11001100 10010111 10010111 10101111 11001100 11001100 10010111 10011000 11001001 11001100 11001100 
10010111 10010111 10010111 10100000 11000110 10010111 10010111 10011110 11000110 11001100 10010111 10010111 11000001 11001100 11001100 10010111 10101111 11001100 11001100 11001100 10011000 11001001 11001100 11001100 11001100 
10010111 10010111 10100000 11000110 11001100 10010111 10011110 11000110 11001100 11001100 10010111 11000001 11001100 11001100 11001100 10101111 11001100 11001100 11001100 11001100 11001001 11001100 11001100 11001100 10110001 
10010111 10100000 11000110 11001100 11001100 10011110 11000110 11001100 11001100 11001100 11000001 11001100 11001100 11001100 11001100 11001100 11001100 11001100 11001100 10100111 11001100 11001100 11001100 10110001 01111110 
10100000 11000110 11001100 11001100 11001100 11000110 11001100 11001100 11001100 11001100 11001100 11001100 11001100 11001100 10100110 11001100 11001100 11001100 10100111 01111110 11001100 11001100 10110001 01111110 01111110 
11000110 11001100 11001100 11001100 11001100 11001100 11001100 11001100 11001100 10111000 11001100 11001100 11001100 10100110 01111110 11001100 11001100 10100111 01111110 01111110 11001100 10110001 01111110 01111110 01111110 
11001100 11001100 11001100 11001100 11001010 11001100 11001100 11001100 10111000 10001010 11001100 11001100 10100110 01111110 01111110 11001100 10100111 01111110 01111110 01111110 10110001 01111110 01111110 01111110 01111110 
11001100 11001100 11001100 11001010 10101001 11001100 11001100 10111000 10001010 01111110 11001100 10100110 01111110 01111110 01111110 10100111 01111110 01111110 01111110 01111110 01111110 01111110 01111110 01111110 10000000 
11001100 11001100 11001010 10101001 10000011 11001100 10111000 10001010 01111110 01111110 10100110 01111110 01111110 01111110 01111110 01111110 01111110 01111110 01111110 01111110 01111110 01111110 01111110 10000000 10000011 
11001100 11001010 10101001 10000011 01111110 10111000 10001010 01111110 01111110 01111110 01111110 01111110 01111110 01111110 01111110 01111110 01111110 01111110 01111110 10000001 01111110 01111110 10000000 10000011 01110111 
11001010 10101001 10000011 01111110 01111110 10001010 01111110 01111110 01111110 01111110 01111110 01111110 01111110 01111110 01111111 01111110 01111110 01111110 10000001 01111101 01111110 10000000 10000011 01110111 01110111 
10101001 10000011 01111110 01111110 01111110 01111110 01111110 01111110 01111110 01111110 01111110 01111110 01111110 01111111 10000011 01111110 01111110 10000001 01111101 01110111 10000000 10000011 01110111 01110111 01110111 
10000011 01111110 01111110 01111110 01111110 01111110 01111110 01111110 01111110 01111110 01111110 01111110 01111111 10000011 01111111 01111110 10000001 01111101 01110111 01110111 10000011 01110111 01110111 01110111 01110111 
01111110 01111110 01111110 01111110 01111110 01111110 01111110 01111110 01111110 10000110 01111110 01111111 10000011 01111111 01110111 10000001 01111101 01110111 01110111 01110111 01110111 01110111 01110111 01110111 01110111 
01111110 01111110 01111110 01111110 01111110 01111110 01111110 01111110 10000110 10000001 01111111 10000011 01111111 01110111 01110111 01111101 01110111 01110111 01110111 01110111 01110111 01110111 01110111 01110111 10000001 
01111110 01111110 01111110 01111110 01111110 01111110 01111110 10000110 10000001 01111110 10000011 01111111 01110111 01110111 01110111 01110111 01110111 01110111 01110111 01110111 01110111 01110111 01110111 10000001 10001111 
11111111 11111111 11111111 11111111 11111111 11111111 11111111 11111111 11111111 11111111 11111111 11111111 11111111 11111111 11111111 11111111 11111111 11111111 11111111 11111111 11111111 11111111 11111111 11111111 11111111 
11111111 11111111 11111111 11111111 11111111 11111111 11111111 11111111 11111111 11111111 11111111 11111111 11111111 11111111 11111111 11111111 11111111 11111111 11111111 11111111 11111111 11111111 11111111 11111111 11111111 
11111111 11111111 11111111 11111111 11111111 11111111 11111111 11111111 11111111 11111111 11111111 11111111 11111111 11111111 11111111 11111111 11111111 11111111 11111111 11111111 11111111 11111111 11111111 11111111 11111111 
11111111 11111111 11111111 11111111 11111111 11111111 11111111 11111111 11111111 11111111 11111111 11111111 11111111 11111111 11111111 11111111 11111111 11111111 11111111 11111111 11111111 11111111 11111111 11111111 11111111 
11111111 11111111 11111111 11111111 11111111 11111111 11111111 11111111 11111111 11111111 11111111 11111111 11111111 11111111 11111111 11111111 11111111 11111111 11111111 11111111 11111111 11111111 11111111 11111111 11111111 
11111111 11111111 11111111 11111111 11111111 11111111 11111111 11111111 11111111 11111111 11111111 11111111 11111111 11111111 11111111 11111111 11111111 11111111 11111111 11111111 11111111 11111111 11111111 11111111 11111111 
11111111 11111111 11111111 11111111 11111111 11111111 11111111 11111111 11111111 11111111 11111111 11111111 11111111 11111111 11111111 11111111 11111111 11111111 11111111 11111111 11111111 11111111 11111111 11111111 11111111 
11111111 11111111 11111111 11111111 11111111 11111111 11111111 11111111 11111111 11111111 11111111 11111111 11111111 11111111 11111111 11111111 11111111 11111111 11111111 11111111 11111111 11111111 11111111 11111111 11111111 
11111111 11111111 11111111 11111111 11111111 11111111 11111111 11111111 11111111 11111111 11111111 11111111 11111111 11111111 11111111 11111111 11111111 11111111 11111111 11111111 11111111 11111111 11111111 11111111 11111111 
11111111 11111111 11111111 11111111 11111111 11111111 11111111 11111111 11111111 11111111 11111111 11111111 11111111 11111111 11111111 11111111 11111111 11111111 11111111 11111111 11111111 11111111 11111111 11111111 11111111 
11111111 11111111 11111111 11111111 11111111 11111111 11111111 11111111 11111111 11111111 11111111 11111111 11111111 11111111 11111111 11111111 11111111 11111111 11111111 11111111 11111111 11111111 11111111 11111111 11111111 
11111111 11111111 11111111 11111111 11111111 11111111 11111111 11111111 11111111 11111111 11111111 11111111 11111111 11111111 11111111 11111111 11111111 11111111 11111111 11111111 11111111 11111111 11111111 11111111 11111111 
11111111 11111111 11111111 11111111 11111111 11111111 11111111 11111111 11111111 11111111 11111111 11111111 11111111 11111111 11111111 11111111 11111111 11111111 11111111 11111111 11111111 11111111 11111111 11111111 11111111 
11111111 11111111 11111111 11111111 11111111 11111111 11111111 11111111 11111111 11111111 11111111 11111111 11111111 11111111 11111111 11111111 11111111 11111111 11111111 11111111 11111111 11111111 11111111 11111111 11111111 
11111111 11111111 11111111 11111111 11111111 11111111 11111111 11111111 11111111 11111111 11111111 11111111 11111111 11111111 11111111 11111111 11111111 11111111 11111111 11111111 11111111 11111111 11111111 11111111 11111111 
11111111 11111111 11111111 11111111 11111111 11111111 11111111 11111111 11111111 11111111 11111111 11111111 11111111 11111111 11111111 11111111 11111111 11111111 11111111 11111111 11111111 11111111 11111111 11111111 11111111 
11111111 11111111 11111111 11111111 11111111 11111111 11111111 11111111 11111111 11111111 11111111 11111111 11111111 11111111 11111111 11111111 11111111 11111111 11111111 11111111 11111111 11111111 11111111 11111111 11111111 
11111111 11111111 11111111 11111111 11111111 11111111 11111111 11111111 11111111 11111111 11111111 11111111 11111111 11111111 11111111 11111111 11111111 11111111 11111111 11111111 11111111 11111111 11111111 11111111 11111111 
11111111 11111111 11111111 11111111 11111111 11111111 11111111 11111111 11111111 11111111 11111111 11111111 11111111 11111111 11111111 11111111 11111111 11111111 11111111 11111111 11111111 11111111 11111111 11111111 11111111 
11111111 11111111 11111111 11111111 11100011 11111111 11111111 11111111 11111111 11000110 11111111 11111111 11111111 11111111 10111111 11111111 11111111 11111111 11111111 10111001 11111111 11111111 11111111 11111111 10110011 
11111111 11111111 11111111 11100011 01100100 11111111 11111111 11111111 11000110 01100100 11111111 11111111 11111111 10111111 01100100 11111111 11111111 11111111 10111001 01100100 11111111 11111111 11111111 10110011 01100100 
11111111 11111111 11100011 01100100 01100100 11111111 11111111 11000110 01100100 01100100 11111111 11111111 10111111 01100100 01100100 11111111 11111111 10111001 01100100 01100100 11111111 11111111 10110011 01100100 01100100 
11111111 11100011 01100100 01100100 01100100 11111111 11000110 01100100 01100100 01100100 11111111 10111111 01100100 01100100 01100100 11111111 10111001 01100100 01100100 01100100 11111111 10110011 01100100 01100100 01100100 
11100011 01100100 01100100 01100100 01100100 11000110 01100100 01100100 01100100 01101010 10111111 01100100 01100100 01100100 10000000 10111001 01100100 01100100 01100100 10000111 10110011 01100100 01100100 01100100 10010111 
01100100 01100100 01100100 01100100 10001001 01100100 01100100 01100100 01101010 10011000 01100100 01100100 01100100 10000000 10010111 01100100 01100100 01100100 10000111 10010111 01100100 01100100 01100100 10010111 10010111 
01100100 01100100 01100100 10001001 10010111 01100100 01100100 01101010 10011000 10010111 01100100 01100100 10000000 10010111 10010111 01100100 01100100 10000111 10010111 10010111 01100100 01100100 10010111 10010111 10010111 
01100100 01100100 10001001 10010111 10010111 01100100 01101010 10011000 10010111 10010111 01100100 10000000 10010111 10010111 10010111 01100100 10000111 10010111 10010111 10011000 01100100 10010111 10010111 10010111 10101100 
01100100 10001001 10010111 10010111 10010111 01101010 10011000 10010111 10010111 10010111 10000000 10010111 10010111 10010111 10101111 10000111 10010111 10010111 10011000 11001001 10010111 10010111 10010111 10101100 11001100 
10001001 10010111 10010111 10010111 10011110 10011000 10010111 10010111 10010111 11000001 10010111 10010111 10010111 10101111 11001100 10010111 10010111 10011000 11001001 11001100 10010111 10010111 10101100 11001100 11001100 
10010111 10010111 10010111 10011110 11000110 10010111 10010111 10010111 11000001 11001100 10010111 10010111 10101111 11001100 11001100 10010111 10011000 11001001 11001100 11001100 10010111 10101100 11001100 11001100 11001100 
10010111 10010111 10011110 11000110 11001100 10010111 10010111 11000001 11001100 11001100 10010111 10101111 11001100 11001100 11001100 10011000 11001001 11001100 11001100 11001100 10101100 11001100 11001100 11001100 11000100 
10010111 10011110 11000110 11001100 11001100 10010111 11000001 11001100 11001100 11001100 10101111 11001100 11001100 11001100 11001100 11001001 11001100 11001100 11001100 10110001 11001100 11001100 11001100 11000100 10000010 
10011110 11000110 11001100 11001100 11001100 11000001 11001100 11001100 11001100 11001100 11001100 11001100 11001100 11001100 10100111 11001100 11001100 11001100 10110001 01111110 11001100 11001100 11000100 10000010 01111110 
11000110 11001100 11001100 11001100 11001100 11001100 11001100 11001100 11001100 10100110 11001100 11001100 11001100 10100111 01111110 11001100 11001100 10110001 01111110 01111110 11001100 11000100 10000010 01111110 01111110 
11001100 11001100 11001100 11001100 10111000 11001100 11001100 11001100 10100110 01111110 11001100 11001100 10100111 01111110 01111110 11001100 10110001 01111110 01111110 01111110 11000100 10000010 01111110 01111110 01111110 
11001100 11001100 11001100 10111000 10001010 11001100 11001100 10100110 01111110 01111110 11001100 10100111 01111110 01111110 01111110 10110001 01111110 01111110 01111110 01111110 10000010 01111110 01111110 01111110 01111111 
11001100 11001100 10111000 10001010 01111110 11001100 10100110 01111110 01111110 01111110 10100111 01111110 01111110 01111110 01111110 01111110 01111110 01111110 01111110 10000000 01111110 01111110 01111110 01111111 10000010 
11001100 10111000 10001010 01111110 01111110 10100110 01111110 01111110 01111110 01111110 01111110 01111110 01111110 01111110 01111110 01111110 01111110 01111110 10000000 10000011 01111110 01111110 01111111 10000010 01110111 
10111000 10001010 01111110 01111110 01111110 01111110 01111110 01111110 01111110 01111110 01111110 01111110 01111110 01111110 10000001 01111110 01111110 10000000 10000011 01110111 01111110 01111111 10000010 01110111 01110111 
10001010 01111110 01111110 01111110 01111110 01111110 01111110 01111110 01111110 01111111 01111110 01111110 01111110 10000001 01111101 01111110 10000000 10000011 01110111 01110111 01111111 10000010 01110111 01110111 01110111 
01111110 01111110 01111110 01111110 01111110 01111110 01111110 01111110 01111111 10000011 01111110 01111110 10000001 01111101 01110111 10000000 10000011 01110111 01110111 01110111 10000010 01110111 01110111 01110111 01110111 
01111110 01111110 01111110 01111110 01111110 01111110 01111110 01111111 10000011 01111111 01111110 10000001 01111101 01110111 01110111 10000011 01110111 01110111 01110111 01110111 01110111 01110111 01110111 01110111 01111100 
01111110 01111110 01111110 01111110 10000110 01111110 01111111 10000011 01111111 01110111 10000001 01111101 01110111 01110111 01110111 01110111 01110111 01110111 01110111 01110111 01110111 01110111 01110111 01111100 10001110 
01111110 01111110 01111110 10000110 10000001 01111111 10000011 01111111 01110111 01110111 01111101 01110111 01110111 01110111 01110111 01110111 01110111 01110111 01110111 10000001 01110111 01110111 01111100 10001110 10010100 
01111110 01111110 10000110 10000001 01111110 10000011 01111111 01110111 01110111 01110111 01110111 01110111 01110111 01110111 01110111 01110111 01110111 01110111 10000001 10001111 01110111 01111100 10001110 10010100 10010011 
11111111 11111111 11111111 11111111 11111111 11111111 11111111 11111111 11111111 11111111 11111111 11111111 11111111 11111111 11111111 11111111 11111111 11111111 11111111 11111111 11111111 11111111 11111111 11111111 11111111 
11111111 11111111 11111111 11111111 11111111 11111111 11111111 11111111 11111111 11111111 11111111 11111111 11111111 11111111 11111111 11111111 11111111 11111111 11111111 11111111 11111111 11111111 11111111 11111111 11111111 
11111111 11111111 11111111 11111111 11111111 11111111 11111111 11111111 11111111 11111111 11111111 11111111 11111111 11111111 11111111 11111111 11111111 11111111 11111111 11111111 11111111 11111111 11111111 11111111 11111111 
11111111 11111111 11111111 11111111 11111111 11111111 11111111 11111111 11111111 11111111 11111111 11111111 11111111 11111111 11111111 11111111 11111111 11111111 11111111 11111111 11111111 11111111 11111111 11111111 11111111 
11111111 11111111 11111111 11111111 11111111 11111111 11111111 11111111 11111111 11111111 11111111 11111111 11111111 11111111 11111111 11111111 11111111 11111111 11111111 11111111 11111111 11111111 11111111 11111111 11111111 
11111111 11111111 11111111 11111111 11111111 11111111 11111111 11111111 11111111 11111111 11111111 11111111 11111111 11111111 11111111 11111111 11111111 11111111 11111111 11111111 11111111 11111111 11111111 11111111 11111111 
11111111 11111111 11111111 11111111 11111111 11111111 11111111 11111111 11111111 11111111 11111111 11111111 11111111 11111111 11111111 11111111 11111111 11111111 11111111 11111111 11111111 11111111 11111111 11111111 11111111 
11111111 11111111 11111111 11111111 11111111 11111111 11111111 11111111 11111111 11111111 11111111 11111111 11111111 11111111 11111111 11111111 11111111 11111111 11111111 11111111 11111111 11111111 11111111 11111111 11111111 
11111111 11111111 11111111 11111111 11111111 11111111 11111111 11111111 11111111 11111111 11111111 11111111 11111111 11111111 11111111 11111111 11111111 11111111 11111111 11111111 11111111 11111111 11111111 11111111 11111111 
11111111 11111111 11111111 11111111 11111111 11111111 11111111 11111111 11111111 11111111 11111111 11111111 11111111 11111111 11111111 11111111 11111111 11111111 11111111 11111111 11111111 11111111 11111111 11111111 11111111 
11111111 11111111 11111111 11111111 11111111 11111111 11111111 11111111 11111111 11111111 11111111 11111111 11111111 11111111 11111111 11111111 11111111 11111111 11111111 11111111 11111111 11111111 11111111 11111111 11111111 
11111111 11111111 11111111 11111111 11111111 11111111 11111111 11111111 11111111 11111111 11111111 11111111 11111111 11111111 11111111 11111111 11111111 11111111 11111111 11111111 11111111 11111111 11111111 11111111 11111111 
11111111 11111111 11111111 11111111 11111111 11111111 11111111 11111111 11111111 11111111 11111111 11111111 11111111 11111111 11111111 11111111 11111111 11111111 11111111 11111111 11111111 11111111 11111111 11111111 11111111 
11111111 11111111 11111111 11111111 11111111 11111111 11111111 11111111 11111111 11111111 11111111 11111111 11111111 11111111 11111111 11111111 11111111 11111111 11111111 11111111 11111111 11111111 11111111 11111111 11111111 
11111111 11111111 11111111 11111111 11111111 11111111 11111111 11111111 11111111 11111111 11111111 11111111 11111111 11111111 11111111 11111111 11111111 11111111 11111111 11111111 11111111 11111111 11111111 11111111 11111111 
11111111 11111111 11111111 11111111 11111111 11111111 11111111 11111111 11111111 11111111 11111111 11111111 11111111 11111111 11111111 11111111 11111111 11111111 11111111 11111111 11111111 11111111 11111111 11111111 11111111 
11111111 11111111 11111111 11111111 11111111 11111111 11111111 11111111 11111111 11111111 11111111 11111111 11111111 11111111 11111111 11111111 11111111 11111111 11111111 11111111 11111111 11111111 11111111 11111111 11111111 
11111111 11111111 11111111 11111111 11111111 11111111 11111111 11111111 11111111 11111111 11111111 11111111 11111111 11111111 11111111 11111111 11111111 11111111 11111111 11111111 11111111 11111111 11111111 11111111 11111111 
11111111 11111111 11111111 11111111 11111111 11111111 11111111 11111111 11111111 11111111 11111111 11111111 11111111 11111111 11111111 11111111 11111111 11111111 11111111 11111111 11111111 11111111 11111111 11111111 11111111 
11111111 11111111 11111111 11111111 11000110 11111111 11111111 11111111 11111111 10111111 11111111 11111111 11111111 11111111 10111001 11111111 11111111 11111111 11111111 10110011 11111111 11111111 11111111 11111111 10101010 
11111111 11111111 11111111 11000110 01100100 11111111 11111111 11111111 10111111 01100100 11111111 11111111 11111111 10111001 01100100 11111111 11111111 11111111 10110011 01100100 11111111 11111111 11111111 10101010 01100100 
11111111 11111111 11000110 01100100 01100100 11111111 11111111 10111111 01100100 01100100 11111111 11111111 10111001 01100100 01100100 11111111 11111111 10110011 01100100 01100100 11111111 11111111 10101010 01100100 01100100 
11111111 11000110 01100100 01100100 01100100 11111111 10111111 01100100 01100100 01100100 11111111 10111001 01100100 01100100 01100100 11111111 10110011 01100100 01100100 01100100 11111111 10101010 01100100 01100100 01100100 
11000110 01100100 01100100 01100100 01101010 10111111 01100100 01100100 01100100 10000000 10111001 01100100 01100100 01100100 10000111 10110011 01100100 01100100 01100100 10010111 10101010 01100100 01100100 01100100 10011001 
01100100 01100100 01100100 01101010 10011000 01100100 01100100 01100100 10000000 10010111 01100100 01100100 01100100 10000111 10010111 01100100 01100100 01100100 10010111 10010111 01100100 01100100 01100100 10011001 10010111 
01100100 01100100 01101010 10011000 10010111 01100100 01100100 10000000 10010111 10010111 01100100 01100100 10000111 10010111 10010111 01100100 01100100 10010111 10010111 10010111 01100100 01100100 10011001 10010111 10010111 
01100100 01101010 10011000 10010111 10010111 01100100 10000000 10010111 10010111 10010111 01100100 10000111 10010111 10010111 10011000 01100100 10010111 10010111 10010111 10101100 01100100 10011001 10010111 10010111 10111101 
01101010 10011000 10010111 10010111 10010111 10000000 10010111 10010111 10010111 10101111 10000111 10010111 10010111 10011000 11001001 10010111 10010111 10010111 10101100 11001100 10011001 10010111 10010111 10111101 11001100 
10011000 10010111 10010111 10010111 11000001 10010111 10010111 10010111 10101111 11001100 10010111 10010111 10011000 11001001 11001100 10010111 10010111 10101100 11001100 11001100 10010111 10010111 10111101 11001100 11001100 
10010111 10010111 10010111 11000001 11001100 10010111 10010111 10101111 11001100 11001100 10010111 10011000 11001001 11001100 11001100 10010111 10101100 11001100 11001100 11001100 10010111 10111101 11001100 11001100 11001100 
10010111 10010111 11000001 11001100 11001100 10010111 10101111 11001100 11001100 11001100 10011000 11001001 11001100 11001100 11001100 10101100 11001100 11001100 11001100 11000100 10111101 11001100 11001100 11001100 10011101 
10010111 11000001 11001100 11001100 11001100 10101111 11001100 11001100 11001100 11001100 11001001 11001100 11001100 11001100 10110001 11001100 11001100 11001100 11000100 10000010 11001100 11001100 11001100 10011101 01111110 
11000001 11001100 11001100 11001100 11001100 11001100 11001100 11001100 11001100 10100111 11001100 11001100 11001100 10110001 01111110 11001100 11001100 11000100 10000010 01111110 11001100 11001100 10011101 01111110 01111110 
11001100 11001100 11001100 11001100 10100110 11001100 11001100 11001100 10100111 01111110 11001100 11001100 10110001 01111110 01111110 11001100 11000100 10000010 01111110 01111110 11001100 10011101 01111110 01111110 01111110 
11001100 11001100 11001100 10100110 01111110 11001100 11001100 10100111 01111110 01111110 11001100 10110001 01111110 01111110 01111110 11000100 10000010 01111110 01111110 01111110 10011101 01111110 01111110 01111110 01111110 
11001100 11001100 10100110 01111110 01111110 11001100 10100111 01111110 01111110 01111110 10110001 01111110 01111110 01111110 01111110 10000010 01111110 01111110 01111110 01111111 01111110 01111110 01111110 01111110 01111111 
11001100 10100110 01111110 01111110 01111110 10100111 01111110 01111110 01111110 01111110 01111110 01111110 01111110 01111110 10000000 01111110 01111110 01111110 01111111 10000010 01111110 01111110 01111110 01111111 01110111 
10100110 01111110 01111110 01111110 01111110 01111110 01111110 01111110 01111110 01111110 01111110 01111110 01111110 10000000 10000011 01111110 01111110 01111111 10000010 01110111 01111110 01111110 01111111 01110111 01110111 
01111110 01111110 01111110 01111110 01111110 01111110 01111110 01111110 01111110 10000001 01111110 01111110 10000000 10000011 01110111 01111110 01111111 10000010 01110111 01110111 01111110 01111111 01110111 01110111 01110111 
01111110 01111110 01111110 01111110 01111111 01111110 01111110 01111110 10000001 01111101 01111110 10000000 10000011 01110111 01110111 01111111 10000010 01110111 01110111 01110111 01111111 01110111 01110111 01110111 01110111 
01111110 01111110 01111110 01111111 10000011 01111110 01111110 10000001 01111101 01110111 10000000 10000011 01110111 01110111 01110111 10000010 01110111 01110111 01110111 01110111 01110111 01110111 01110111 01110111 10000100 
01111110 01111110 01111111 10000011 01111111 01111110 10000001 01111101 01110111 01110111 10000011 01110111 01110111 01110111 01110111 01110111 01110111 01110111 01110111 01111100 01110111 01110111 01110111 10000100 10010101 
01111110 01111111 10000011 01111111 01110111 10000001 01111101 01110111 01110111 01110111 01110111 01110111 01110111 01110111 01110111 01110111 01110111 01110111 01111100 10001110 01110111 01110111 10000100 10010101 10010011 
01111111 10000011 01111111 01110111 01110111 01111101 01110111 01110111 01110111 01110111 01110111 01110111 01110111 01110111 10000001 01110111 01110111 01111100 10001110 10010100 01110111 10000100 10010101 10010011 10010011 
10000011 01111111 01110111 01110111 01110111 01110111 01110111 01110111 01110111 01110111 01110111 01110111 01110111 10000001 10001111 01110111 01111100 10001110 10010100 10010011 10000100 10010101 10010011 10010011 10010011 
11111111 11111111 11111111 11111111 11111111 11111111 11111111 11111111 11111111 11111111 11111111 11111111 11111111 11111111 11111111 11111111 11111111 11111111 11111111 11111111 11111111 11111111 11111111 11111111 11111111 
11111111 11111111 11111111 11111111 11111111 11111111 11111111 11111111 11111111 11111111 11111111 11111111 11111111 11111111 11111111 11111111 11111111 11111111 11111111 11111111 11111111 11111111 11111111 11111111 11111111 
11111111 11111111 11111111 11111111 11111111 11111111 11111111 11111111 11111111 11111111 11111111 11111111 11111111 11111111 11111111 11111111 11111111 11111111 11111111 11111111 11111111 11111111 11111111 11111111 11111111 
11111111 11111111 11111111 11111111 11111111 11111111 11111111 11111111 11111111 11111111 11111111 11111111 11111111 11111111 11111111 11111111 11111111 11111111 11111111 11111111 11111111 11111111 11111111 11111111 11111111 
11111111 11111111 11111111 11111111 11111111 11111111 11111111 11111111 11111111 11111111 11111111 11111111 11111111 11111111 11111111 11111111 11111111 11111111 11111111 11111111 11111111 11111111 11111111 11111111 11111111 
11111111 11111111 11111111 11111111 11111111 11111111 11111111 11111111 11111111 11111111 11111111 11111111 11111111 11111111 11111111 11111111 11111111 11111111 11111111 11111111 11111111 11111111 11111111 11111111 11111111 
11111111 11111111 11111111 11111111 11111111 11111111 11111111 11111111 11111111 11111111 11111111 11111111 11111111 11111111 11111111 11111111 11111111 11111111 11111111 11111111 11111111 11111111 11111111 11111111 11111111 
11111111 11111111 11111111 11111111 11111111 11111111 11111111 11111111 11111111 11111111 11111111 11111111 11111111 11111111 11111111 11111111 11111111 11111111 11111111 11111111 11111111 11111111 11111111 11111111 11111111 
11111111 11111111 11111111 11111111 11111111 11111111 11111111 11111111 11111111 11111111 11111111 11111111 11111111 11111111 11111111 11111111 11111111 11111111 11111111 11111111 11111111 11111111 11111111 11111111 11111111 
11111111 11111111 11111111 11111111 11111111 11111111 11111111 11111111 11111111 11111111 11111111 11111111 11111111 11111111 11111111 11111111 11111111 11111111 11111111 11111111 11111111 11111111 11111111 11111111 11111111 
11111111 11111111 11111111 11111111 11111111 11111111 11111111 11111111 11111111 11111111 11111111 11111111 11111111 11111111 11111111 11111111 11111111 11111111 11111111 11111111 11111111 11111111 11111111 11111111 11111111 
11111111 11111111 11111111 11111111 11111111 11111111 11111111 11111111 11111111 11111111 11111111 11111111 11111111 11111111 11111111 11111111 11111111 11111111 11111111 11111111 11111111 11111111 11111111 11111111 11111111 
11111111 11111111 11111111 11111111 11111111 11111111 11111111 11111111 11111111 11111111 11111111 11111111 11111111 11111111 11111111 11111111 11111111 11111111 11111111 11111111 11111111 11111111 11111111 11111111 11111111 
11111111 11111111 11111111 11111111 11111111 11111111 11111111 11111111 11111111 11111111 11111111 11111111 11111111 11111111 11111111 11111111 11111111 11111111 11111111 11111111 11111111 11111111 11111111 11111111 11111111 
11111111 11111111 11111111 11111111 11111111 11111111 11111111 11111111 11111111 11111111 11111111 11111111 11111111 11111111 11111111 11111111 11111111 11111111 11111111 11111111 11111111 11111111 11111111 11111111 11111111 
11111111 11111111 11111111 11111111 11111111 11111111 11111111 11111111 11111111 11111111 11111111 11111111 11111111 11111111 11111111 11111111 11111111 11111111 11111111 11111111 11111111 11111111 11111111 11111111 11111111 
11111111 11111111 11111111 11111111 11111111 11111111 11111111 11111111 11111111 11111111 11111111 11111111 11111111 11111111 11111111 11111111 11111111 11111111 11111111 11111111 11111111 11111111 11111111 11111111 11111111 
11111111 11111111 11111111 11111111 11111111 11111111 11111111 11111111 11111111 11111111 11111111 11111111 11111111 11111111 11111111 11111111 11111111 11111111 11111111 11111111 11111111 11111111 11111111 11111111 11111111 
11111111 11111111 11111111 11111111 11111111 11111111 11111111 11111111 11111111 11111111 11111111 11111111 11111111 11111111 11111111 11111111 11111111 11111111 11111111 11111111 11111111 11111111 11111111 11111111 11111111 
11111111 11111111 11111111 11111111 10111111 11111111 11111111 11111111 11111111 10111001 11111111 11111111 11111111 11111111 10110011 11111111 11111111 11111111 11111111 10101010 11111111 11111111 11111111 11111111 10001110 
11111111 11111111 11111111 10111111 01100100 11111111 11111111 11111111 10111001 01100100 11111111 11111111 11111111 10110011 01100100 11111111 11111111 11111111 10101010 01100100 11111111 11111111 11111111 10001110 01100100 
11111111 11111111 10111111 01100100 01100100 11111111 11111111 10111001 01100100 01100100 11111111 11111111 10110011 01100100 01100100 11111111 11111111 10101010 01100100 01100100 11111111 11111111 10001110 01100100 01100100 
11111111 10111111 01100100 01100100 01100100 11111111 10111001 01100100 01100100 01100100 11111111 10110011 01100100 01100100 01100100 11111111 10101010 01100100 01100100 01100100 11111111 10001110 01100100 01100100 01100100 
10111111 01100100 01100100 01100100 10000000 10111001 01100100 01100100 01100100 10000111 10110011 01100100 01100100 01100100 10010111 10101010 01100100 01100100 01100100 10011001 10001110 01100100 01100100 01100100 10011010 
01100100 01100100 01100100 10000000 10010111 01100100 01100100 01100100 10000111 10010111 01100100 01100100 01100100 10010111 10010111 01100100 01100100 01100100 10011001 10010111 01100100 01100100 01100100 10011010 10010111 
01100100 01100100 10000000 10010111 10010111 01100100 01100100 10000111 10010111 10010111 01100100 01100100 10010111 10010111 10010111 01100100 01100100 10011001 10010111 10010111 01100100 01100100 10011010 10010111 10010111 
01100100 10000000 10010111 10010111 10010111 01100100 10000111 10010111 10010111 10011000 01100100 10010111 10010111 10010111 10101100 01100100 10011001 10010111 10010111 10111101 01100100 10011010 10010111 10010111 11001001 
10000000 10010111 10010111 10010111 10101111 10000111 10010111 10010111 10011000 11001001 10010111 10010111 10010111 10101100 11001100 10011001 10010111 10010111 10111101 11001100 10011010 10010111 10010111 11001001 11001100 
10010111 10010111 10010111 10101111 11001100 10010111 10010111 10011000 11001001 11001100 10010111 10010111 10101100 11001100 11001100 10010111 10010111 10111101 11001100 11001100 10010111 10010111 11001001 11001100 11001100 
10010111 10010111 10101111 11001100 11001100 10010111 10011000 11001001 11001100 11001100 10010111 10101100 11001100 11001100 11001100 10010111 10111101 11001100 11001100 11001100 10010111 11001001 11001100 11001100 11000111 
10010111 10101111 11001100 11001100 11001100 10011000 11001001 11001100 11001100 11001100 10101100 11001100 11001100 11001100 11000100 10111101 11001100 11001100 11001100 10011101 11001001 11001100 11001100 11000111 10000000 
10101111 11001100 11001100 11001100 11001100 11001001 11001100 11001100 11001100 10110001 11001100 11001100 11001100 11000100 10000010 11001100 11001100 11001100 10011101 01111110 11001100 11001100 11000111 10000000 01111110 
11001100 11001100 11001100 11001100 10100111 11001100 11001100 11001100 10110001 01111110 11001100 11001100 11000100 10000010 01111110 11001100 11001100 10011101 01111110 01111110 11001100 11000111 10000000 01111110 01111110 
11001100 11001100 11001100 10100111 01111110 11001100 11001100 10110001 01111110 01111110 11001100 11000100 10000010 01111110 01111110 11001100 10011101 01111110 01111110 01111110 11000111 10000000 01111110 01111110 01111110 
11001100 11001100 10100111 01111110 01111110 11001100 10110001 01111110 01111110 01111110 11000100 10000010 01111110 01111110 01111110 10011101 01111110 01111110 01111110 01111110 10000000 01111110 01111110 01111110 10000001 
11001100 10100111 01111110 01111110 01111110 10110001 01111110 01111110 01111110 01111110 10000010 01111110 01111110 01111110 01111111 01111110 01111110 01111110 01111110 01111111 01111110 01111110 01111110 10000001 01110111 
10100111 01111110 01111110 01111110 01111110 01111110 01111110 01111110 01111110 10000000 01111110 01111110 01111110 01111111 10000010 01111110 01111110 01111110 01111111 01110111 01111110 01111110 10000001 01110111 01110111 
01111110 01111110 01111110 01111110 01111110 01111110 01111110 01111110 10000000 10000011 01111110 01111110 01111111 10000010 01110111 01111110 01111110 01111111 01110111 01110111 01111110 10000001 01110111 01110111 01110111 
01111110 01111110 01111110 01111110 10000001 01111110 01111110 10000000 10000011 01110111 01111110 01111111 10000010 01110111 01110111 01111110 01111111 01110111 01110111 01110111 10000001 01110111 01110111 01110111 01110111 
01111110 01111110 01111110 10000001 01111101 01111110 10000000 10000011 01110111 01110111 01111111 10000010 01110111 01110111 01110111 01111111 01110111 01110111 01110111 01110111 01110111 01110111 01110111 01110111 10000111 
01111110 01111110 10000001 01111101 01110111 10000000 10000011 01110111 01110111 01110111 10000010 01110111 01110111 01110111 01110111 01110111 01110111 01110111 01110111 10000100 01110111 01110111 01110111 10000111 10010100 
01111110 10000001 01111101 01110111 01110111 10000011 01110111 01110111 01110111 01110111 01110111 01110111 01110111 01110111 01111100 01110111 01110111 01110111 10000100 10010101 01110111 01110111 10000111 10010100 10010011 
10000001 01111101 01110111 01110111 01110111 01110111 01110111 01110111 01110111 01110111 01110111 01110111 01110111 01111100 10001110 01110111 01110111 10000100 10010101 10010011 01110111 10000111 10010100 10010011 10010011 
01111101 01110111 01110111 01110111 01110111 01110111 01110111 01110111 01110111 10000001 01110111 01110111 01111100 10001110 10010100 01110111 10000100 10010101 10010011 10010011 10000111 10010100 10010011 10010011 10010011 
01110111 01110111 01110111 01110111 01110111 01110111 01110111 01110111 10000001 10001111 01110111 01111100 10001110 10010100 10010011 10000100 10010101 10010011 10010011 10010011 10010100 10010011 10010011 10010011 10010011 
11111111 11111111 11111111 11111111 11111111 11111111 11111111 11111111 11111111 11111111 11111111 11111111 11111111 11111111 11111111 11111111 11111111 11111111 11111111 11111111 11111111 11111111 11111111 11111111 11111111 
11111111 11111111 11111111 11111111 11111111 11111111 11111111 11111111 11111111 11111111 11111111 11111111 11111111 11111111 11111111 11111111 11111111 11111111 11111111 11111111 11111111 11111111 11111111 11111111 11111111 
11111111 11111111 11111111 11111111 11111111 11111111 11111111 11111111 11111111 11111111 11111111 11111111 11111111 11111111 11111111 11111111 11111111 11111111 11111111 11111111 11111111 11111111 11111111 11111111 11111111 
11111111 11111111 11111111 11111111 11111111 11111111 11111111 11111111 11111111 11111111 11111111 11111111 11111111 11111111 11111111 11111111 11111111 11111111 11111111 11111111 11111111 11111111 11111111 11111111 11111111 
11111111 11111111 11111111 11111111 11111111 11111111 11111111 11111111 11111111 11111111 11111111 11111111 11111111 11111111 11111111 11111111 11111111 11111111 11111111 11111111 11111111 11111111 11111111 11111111 11111111 
11111111 11111111 11111111 11111111 11111111 11111111 11111111 11111111 11111111 11111111 11111111 11111111 11111111 11111111 11111111 11111111 11111111 11111111 11111111 11111111 11111111 11111111 11111111 11111111 11111111 
11111111 11111111 11111111 11111111 11111111 11111111 11111111 11111111 11111111 11111111 11111111 11111111 11111111 11111111 11111111 11111111 11111111 11111111 11111111 11111111 11111111 11111111 11111111 11111111 11111111 
11111111 11111111 11111111 11111111 11111111 11111111 11111111 11111111 11111111 11111111 11111111 11111111 11111111 11111111 11111111 11111111 11111111 11111111 11111111 11111111 11111111 11111111 11111111 11111111 11111111 
11111111 11111111 11111111 11111111 11111111 11111111 11111111 11111111 11111111 11111111 11111111 11111111 11111111 11111111 11111111 11111111 11111111 11111111 11111111 11111111 11111111 11111111 11111111 11111111 11111111 
11111111 11111111 11111111 11111111 11111111 11111111 11111111 11111111 11111111 11111111 11111111 11111111 11111111 11111111 11111111 11111111 11111111 11111111 11111111 11111111 11111111 11111111 11111111 11111111 11111111 
11111111 11111111 11111111 11111111 11111111 11111111 11111111 11111111 11111111 11111111 11111111 11111111 11111111 11111111 11111111 11111111 11111111 11111111 11111111 11111111 11111111 11111111 11111111 11111111 11111111 
11111111 11111111 11111111 11111111 11111111 11111111 11111111 11111111 11111111 11111111 11111111 11111111 11111111 11111111 11111111 11111111 11111111 11111111 11111111 11111111 11111111 11111111 11111111 11111111 11111111 
11111111 11111111 11111111 11111111 11111111 11111111 11111111 11111111 11111111 11111111 11111111 11111111 11111111 11111111 11111111 11111111 11111111 11111111 11111111 11111111 11111111 11111111 11111111 11111111 11111111 
11111111 11111111 11111111 11111111 11111111 11111111 11111111 11111111 11111111 11111111 11111111 11111111 11111111 11111111 11111111 11111111 11111111 11111111 11111111 11111111 11111111 11111111 11111111 11111111 11111111 
11111111 11111111 11111111 11111111 11111111 11111111 11111111 11111111 11111111 11111111 11111111 11111111 11111111 11111111 11111111 11111111 11111111 11111111 11111111 11111111 11111111 11111111 11111111 11111111 11111111 
11111111 11111111 11111111 11111111 11111111 11111111 11111111 11111111 11111111 11111111 11111111 11111111 11111111 11111111 11111111 11111111 11111111 11111111 11111111 11111111 11111111 11111111 11111111 11111111 11111111 
11111111 11111111 11111111 11111111 11111111 11111111 11111111 11111111 11111111 11111111 11111111 11111111 11111111 11111111 11111111 11111111 11111111 11111111 11111111 11111111 11111111 11111111 11111111 11111111 11111111 
11111111 11111111 11111111 11111111 11111111 11111111 11111111 11111111 11111111 11111111 11111111 11111111 11111111 11111111 11111111 11111111 11111111 11111111 11111111 11111111 11111111 11111111 11111111 11111111 11111111 
11111111 11111111 11111111 11111111 11111111 11111111 11111111 11111111 11111111 11111111 11111111 11111111 11111111 11111111 11111111 11111111 11111111 11111111 11111111 11111111 11111111 11111111 11111111 11111111 11111111 
11111111 11111111 11111111 11111111 10111001 11111111 11111111 11111111 11111111 10110011 11111111 11111111 11111111 11111111 10101010 11111111 11111111 11111111 11111111 10001110 11111111 11111111 11111111 11111111 01110000 
11111111 11111111 11111111 10111001 01100100 11111111 11111111 11111111 10110011 01100100 11111111 11111111 11111111 10101010 01100100 11111111 11111111 11111111 10001110 01100100 11111111 11111111 11111111 01110000 01100100 
11111111 11111111 10111001 01100100 01100100 11111111 11111111 10110011 01100100 01100100 11111111 11111111 10101010 01100100 01100100 11111111 11111111 10001110 01100100 01100100 11111111 11111111 01110000 01100100 01100100 
11111111 10111001 01100100 01100100 01100100 11111111 10110011 01100100 01100100 01100100 11111111 10101010 01100100 01100100 01100100 11111111 10001110 01100100 01100100 01100100 11111111 01110000 01100100 01100100 01100100 
10111001 01100100 01100100 01100100 10000111 10110011 01100100 01100100 01100100 10010111 10101010 01100100 01100100 01100100 10011001 10001110 01100100 01100100 01100100 10011010 01110000 01100100 01100100 01100100 10011010 
01100100 01100100 01100100 10000111 10010111 01100100 01100100 01100100 10010111 10010111 01100100 01100100 01100100 10011001 10010111 01100100 01100100 01100100 10011010 10010111 01100100 01100100 01100100 10011010 10010111 
01100100 01100100 10000111 10010111 10010111 01100100 01100100 10010111 10010111 10010111 01100100 01100100 10011001 10010111 10010111 01100100 01100100 10011010 10010111 10010111 01100100 01100100 10011010 10010111 10011000 
01100100 10000111 10010111 10010111 10011000 01100100 10010111 10010111 10010111 10101100 01100100 10011001 10010111 10010111 10111101 01100100 10011010 10010111 10010111 11001001 01100100 10011010 10010111 10011000 11001100 
10000111 10010111 10010111 10011000 11001001 10010111 10010111 10010111 10101100 11001100 10011001 10010111 10010111 10111101 11001100 10011010 10010111 10010111 11001001 11001100 10011010 10010111 10011000 11001100 11001100 
10010111 10010111 10011000 11001001 11001100 10010111 10010111 10101100 11001100 11001100 10010111 10010111 10111101 11001100 11001100 10010111 10010111 11001001 11001100 11001100 10010111 10011000 11001100 11001100 11001100 
10010111 10011000 11001001 11001100 11001100 10010111 10101100 11001100 11001100 11001100 10010111 10111101 11001100 11001100 11001100 10010111 11001001 11001100 11001100 11000111 10011000 11001100 11001100 11001100 10101110 
10011000 11001001 11001100 11001100 11001100 10101100 11001100 11001100 11001100 11000100 10111101 11001100 11001100 11001100 10011101 11001001 11001100 11001100 11000111 10000000 11001100 11001100 11001100 10101110 01111110 
11001001 11001100 11001100 11001100 10110001 11001100 11001100 11001100 11000100 10000010 11001100 11001100 11001100 10011101 01111110 11001100 11001100 11000111 10000000 01111110 11001100 11001100 10101110 01111110 01111110 
11001100 11001100 11001100 10110001 01111110 11001100 11001100 11000100 10000010 01111110 11001100 11001100 10011101 01111110 01111110 11001100 11000111 10000000 01111110 01111110 11001100 10101110 01111110 01111110 01111110 
11001100 11001100 10110001 01111110 01111110 11001100 11000100 10000010 01111110 01111110 11001100 10011101 01111110 01111110 01111110 11000111 10000000 01111110 01111110 01111110 10101110 01111110 01111110 01111110 10000001 
11001100 10110001 01111110 01111110 01111110 11000100 10000010 01111110 01111110 01111110 10011101 01111110 01111110 01111110 01111110 10000000 01111110 01111110 01111110 10000001 01111110 01111110 01111110 10000001 01111011 
10110001 01111110 01111110 01111110 01111110 10000010 01111110 01111110 01111110 01111111 01111110 01111110 01111110 01111110 01111111 01111110 01111110 01111110 10000001 01110111 01111110 01111110 10000001 01111011 01110111 
01111110 01111110 01111110 01111110 10000000 01111110 01111110 01111110 01111111 10000010 01111110 01111110 01111110 01111111 01110111 01111110 01111110 10000001 01110111 01110111 01111110 10000001 01111011 01110111 01110111 
01111110 01111110 01111110 10000000 10000011 01111110 01111110 01111111 10000010 01110111 01111110 01111110 01111111 01110111 01110111 01111110 10000001 01110111 01110111 01110111 10000001 01111011 01110111 01110111 01110111 
01111110 01111110 10000000 10000011 01110111 01111110 01111111 10000010 01110111 01110111 01111110 01111111 01110111 01110111 01110111 10000001 01110111 01110111 01110111 01110111 01111011 01110111 01110111 01110111 10000110 
01111110 10000000 10000011 01110111 01110111 01111111 10000010 01110111 01110111 01110111 01111111 01110111 01110111 01110111 01110111 01110111 01110111 01110111 01110111 10000111 01110111 01110111 01110111 10000110 10010100 
10000000 10000011 01110111 01110111 01110111 10000010 01110111 01110111 01110111 01110111 01110111 01110111 01110111 01110111 10000100 01110111 01110111 01110111 10000111 10010100 01110111 01110111 10000110 10010100 10010011 
10000011 01110111 01110111 01110111 01110111 01110111 01110111 01110111 01110111 01111100 01110111 01110111 01110111 10000100 10010101 01110111 01110111 10000111 10010100 10010011 01110111 10000110 10010100 10010011 10010011 
01110111 01110111 01110111 01110111 01110111 01110111 01110111 01110111 01111100 10001110 01110111 01110111 10000100 10010101 10010011 01110111 10000111 10010100 10010011 10010011 10000110 10010100 10010011 10010011 10010011 
01110111 01110111 01110111 01110111 10000001 01110111 01110111 01111100 10001110 10010100 01110111 10000100 10010101 10010011 10010011 10000111 10010100 10010011 10010011 10010011 10010100 10010011 10010011 10010011 10010011 
01110111 01110111 01110111 10000001 10001111 01110111 01111100 10001110 10010100 10010011 10000100 10010101 10010011 10010011 10010011 10010100 10010011 10010011 10010011 10010011 10010011 10010011 10010011 10010011 10010011 
11111111 11111111 11111111 11111111 11111111 11111111 11111111 11111111 11111111 11111111 11111111 11111111 11111111 11111111 11111111 11111111 11111111 11111111 11111111 11111111 11111111 11111111 11111111 11111111 11111111 
11111111 11111111 11111111 11111111 11111111 11111111 11111111 11111111 11111111 11111111 11111111 11111111 11111111 11111111 11111111 11111111 11111111 11111111 11111111 11111111 11111111 11111111 11111111 11111111 11111111 
11111111 11111111 11111111 11111111 11111111 11111111 11111111 11111111 11111111 11111111 11111111 11111111 11111111 11111111 11111111 11111111 11111111 11111111 11111111 11111111 11111111 11111111 11111111 11111111 11111111 
11111111 11111111 11111111 11111111 11111111 11111111 11111111 11111111 11111111 11111111 11111111 11111111 11111111 11111111 11111111 11111111 11111111 11111111 11111111 11111111 11111111 11111111 11111111 11111111 11111111 
11111111 11111111 11111111 11111111 11111111 11111111 11111111 11111111 11111111 11111111 11111111 11111111 11111111 11111111 11111111 11111111 11111111 11111111 11111111 11111111 11111111 11111111 11111111 11111111 11111111 
11111111 11111111 11111111 11111111 11111111 11111111 11111111 11111111 11111111 11111111 11111111 11111111 11111111 11111111 11111111 11111111 11111111 11111111 11111111 11111111 11111111 11111111 11111111 11111111 11111111 
11111111 11111111 11111111 11111111 11111111 11111111 11111111 11111111 11111111 11111111 11111111 11111111 11111111 11111111 11111111 11111111 11111111 11111111 11111111 11111111 11111111 11111111 11111111 11111111 11111111 
11111111 11111111 11111111 11111111 11111111 11111111 11111111 11111111 11111111 11111111 11111111 11111111 11111111 11111111 11111111 11111111 11111111 11111111 11111111 11111111 11111111 11111111 11111111 11111111 11111111 
11111111 11111111 11111111 11111111 11111111 11111111 11111111 11111111 11111111 11111111 11111111 11111111 11111111 11111111 11111111 11111111 11111111 11111111 11111111 11111111 11111111 11111111 11111111 11111111 11111111 
11111111 11111111 11111111 11111111 11111111 11111111 11111111 11111111 11111111 11111111 11111111 11111111 11111111 11111111 11111111 11111111 11111111 11111111 11111111 11111111 11111111 11111111 11111111 11111111 11111111 
11111111 11111111 11111111 11111111 11111111 11111111 11111111 11111111 11111111 11111111 11111111 11111111 11111111 11111111 11111111 11111111 11111111 11111111 11111111 11111111 11111111 11111111 11111111 11111111 11111111 
11111111 11111111 11111111 11111111 11111111 11111111 11111111 11111111 11111111 11111111 11111111 11111111 11111111 11111111 11111111 11111111 11111111 11111111 11111111 11111111 11111111 11111111 11111111 11111111 11111111 
11111111 11111111 11111111 11111111 11111111 11111111 11111111 11111111 11111111 11111111 11111111 11111111 11111111 11111111 11111111 11111111 11111111 11111111 11111111 11111111 11111111 11111111 11111111 11111111 11111111 
11111111 11111111 11111111 11111111 11111111 11111111 11111111 11111111 11111111 11111111 11111111 11111111 11111111 11111111 11111111 11111111 11111111 11111111 11111111 11111111 11111111 11111111 11111111 11111111 11111111 
11111111 11111111 11111111 11111111 11111111 11111111 11111111 11111111 11111111 11111111 11111111 11111111 11111111 11111111 11111111 11111111 11111111 11111111 11111111 11111111 11111111 11111111 11111111 11111111 11111111 
11111111 11111111 11111111 11111111 11111111 11111111 11111111 11111111 11111111 11111111 11111111 11111111 11111111 11111111 11111111 11111111 11111111 11111111 11111111 11111111 11111111 11111111 11111111 11111111 11111111 
11111111 11111111 11111111 11111111 11111111 11111111 11111111 11111111 11111111 11111111 11111111 11111111 11111111 11111111 11111111 11111111 11111111 11111111 11111111 11111111 11111111 11111111 11111111 11111111 11111111 
11111111 11111111 11111111 11111111 11111111 11111111 11111111 11111111 11111111 11111111 11111111 11111111 11111111 11111111 11111111 11111111 11111111 11111111 11111111 11111111 11111111 11111111 11111111 11111111 11111111 
11111111 11111111 11111111 11111111 11111111 11111111 11111111 11111111 11111111 11111111 11111111 11111111 11111111 11111111 11111111 11111111 11111111 11111111 11111111 11111111 11111111 11111111 11111111 11111111 11010001 
11111111 11111111 11111111 11111111 10110011 11111111 11111111 11111111 11111111 10101010 11111111 11111111 11111111 11111111 10001110 11111111 11111111 11111111 11111111 01110000 11111111 11111111 11111111 11010001 01100100 
11111111 11111111 11111111 10110011 01100100 11111111 11111111 11111111 10101010 01100100 11111111 11111111 11111111 10001110 01100100 11111111 11111111 11111111 01110000 01100100 11111111 11111111 11010001 01100100 01100100 
11111111 11111111 10110011 01100100 01100100 11111111 11111111 10101010 01100100 01100100 11111111 11111111 10001110 01100100 01100100 11111111 11111111 01110000 01100100 01100100 11111111 11010001 01100100 01100100 01100100 
11111111 10110011 01100100 01100100 01100100 11111111 10101010 01100100 01100100 01100100 11111111 10001110 01100100 01100100 01100100 11111111 01110000 01100100 01100100 01100100 11010001 01100100 01100100 01100100 01100100 
10110011 01100100 01100100 01100100 10010111 10101010 01100100 01100100 01100100 10011001 10001110 01100100 01100100 01100100 10011010 01110000 01100100 01100100 01100100 10011010 01100100 01100100 01100100 01100100 10010111 
01100100 01100100 01100100 10010111 10010111 01100100 01100100 01100100 10011001 10010111 01100100 01100100 01100100 10011010 10010111 01100100 01100100 01100100 10011010 10010111 01100100 01100100 01100100 10010111 10010111 
01100100 01100100 10010111 10010111 10010111 01100100 01100100 10011001 10010111 10010111 01100100 01100100 10011010 10010111 10010111 01100100 01100100 10011010 10010111 10011000 01100100 01100100 10010111 10010111 10011110 
01100100 10010111 10010111 10010111 10101100 01100100 10011001 10010111 10010111 10111101 01100100 10011010 10010111 10010111 11001001 01100100 10011010 10010111 10011000 11001100 01100100 10010111 10010111 10011110 11001100 
10010111 10010111 10010111 10101100 11001100 10011001 10010111 10010111 10111101 11001100 10011010 10010111 10010111 11001001 11001100 10011010 10010111 10011000 11001100 11001100 10010111 10010111 10011110 11001100 11001100 
10010111 10010111 10101100 11001100 11001100 10010111 10010111 10111101 11001100 11001100 10010111 10010111 11001001 11001100 11001100 10010111 10011000 11001100 11001100 11001100 10010111 10011110 11001100 11001100 11001100 
10010111 10101100 11001100 11001100 11001100 10010111 10111101 11001100 11001100 11001100 10010111 11001001 11001100 11001100 11000111 10011000 11001100 11001100 11001100 10101110 10011110 11001100 11001100 11001100 10011011 
10101100 11001100 11001100 11001100 11000100 10111101 11001100 11001100 11001100 10011101 11001001 11001100 11001100 11000111 10000000 11001100 11001100 11001100 10101110 01111110 11001100 11001100 11001100 10011011 01111110 
11001100 11001100 11001100 11000100 10000010 11001100 11001100 11001100 10011101 01111110 11001100 11001100 11000111 10000000 01111110 11001100 11001100 10101110 01111110 01111110 11001100 11001100 10011011 01111110 01111110 
11001100 11001100 11000100 10000010 01111110 11001100 11001100 10011101 01111110 01111110 11001100 11000111 10000000 01111110 01111110 11001100 10101110 01111110 01111110 01111110 11001100 10011011 01111110 01111110 01111110 
11001100 11000100 10000010 01111110 01111110 11001100 10011101 01111110 01111110 01111110 11000111 10000000 01111110 01111110 01111110 10101110 01111110 01111110 01111110 10000001 10011011 01111110 01111110 01111110 10000000 
11000100 10000010 01111110 01111110 01111110 10011101 01111110 01111110 01111110 01111110 10000000 01111110 01111110 01111110 10000001 01111110 01111110 01111110 10000001 01111011 01111110 01111110 01111110 10000000 01110111 
10000010 01111110 01111110 01111110 01111111 01111110 01111110 01111110 01111110 01111111 01111110 01111110 01111110 10000001 01110111 01111110 01111110 10000001 01111011 01110111 01111110 01111110 10000000 01110111 01110111 
01111110 01111110 01111110 01111111 10000010 01111110 01111110 01111110 01111111 01110111 01111110 01111110 10000001 01110111 01110111 01111110 10000001 01111011 01110111 01110111 01111110 10000000 01110111 01110111 01110111 
01111110 01111110 01111111 10000010 01110111 01111110 01111110 01111111 01110111 01110111 01111110 10000001 01110111 01110111 01110111 10000001 01111011 01110111 01110111 01110111 10000000 01110111 01110111 01110111 01111100 
01111110 01111111 10000010 01110111 01110111 01111110 01111111 01110111 01110111 01110111 10000001 01110111 01110111 01110111 01110111 01111011 01110111 01110111 01110111 10000110 01110111 01110111 01110111 01111100 10010101 
01111111 10000010 01110111 01110111 01110111 01111111 01110111 01110111 01110111 01110111 01110111 01110111 01110111 01110111 10000111 01110111 01110111 01110111 10000110 10010100 01110111 01110111 01111100 10010101 10010011 
10000010 01110111 01110111 01110111 01110111 01110111 01110111 01110111 01110111 10000100 01110111 01110111 01110111 10000111 10010100 01110111 01110111 10000110 10010100 10010011 01110111 01111100 10010101 10010011 10010011 
01110111 01110111 01110111 01110111 01111100 01110111 01110111 01110111 10000100 10010101 01110111 01110111 10000111 10010100 10010011 01110111 10000110 10010100 10010011 10010011 01111100 10010101 10010011 10010011 10010011 
01110111 01110111 01110111 01111100 10001110 01110111 01110111 10000100 10010101 10010011 01110111 10000111 10010100 10010011 10010011 10000110 10010100 10010011 10010011 10010011 10010101 10010011 10010011 10010011 10010011 
01110111 01110111 01111100 10001110 10010100 01110111 10000100 10010101 10010011 10010011 10000111 10010100 10010011 10010011 10010011 10010100 10010011 10010011 10010011 10010011 10010011 10010011 10010011 10010011 10010100 
01110111 01111100 10001110 10010100 10010011 10000100 10010101 10010011 10010011 10010011 10010100 10010011 10010011 10010011 10010011 10010011 10010011 10010011 10010011 10010011 10010011 10010011 10010011 10010100 11001110 
11111111 11111111 11111111 11111111 11111111 11111111 11111111 11111111 11111111 11111111 11111111 11111111 11111111 11111111 11111111 11111111 11111111 11111111 11111111 11111111 11111111 11111111 11111111 11111111 11111111 
11111111 11111111 11111111 11111111 11111111 11111111 11111111 11111111 11111111 11111111 11111111 11111111 11111111 11111111 11111111 11111111 11111111 11111111 11111111 11111111 11111111 11111111 11111111 11111111 11111111 
11111111 11111111 11111111 11111111 11111111 11111111 11111111 11111111 11111111 11111111 11111111 11111111 11111111 11111111 11111111 11111111 11111111 11111111 11111111 11111111 11111111 11111111 11111111 11111111 11111111 
11111111 11111111 11111111 11111111 11111111 11111111 11111111 11111111 11111111 11111111 11111111 11111111 11111111 11111111 11111111 11111111 11111111 11111111 11111111 11111111 11111111 11111111 11111111 11111111 11111111 
11111111 11111111 11111111 11111111 11111111 11111111 11111111 11111111 11111111 11111111 11111111 11111111 11111111 11111111 11111111 11111111 11111111 11111111 11111111 11111111 11111111 11111111 11111111 11111111 11111111 
11111111 11111111 11111111 11111111 11111111 11111111 11111111 11111111 11111111 11111111 11111111 11111111 11111111 11111111 11111111 11111111 11111111 11111111 11111111 11111111 11111111 11111111 11111111 11111111 11111111 
11111111 11111111 11111111 11111111 11111111 11111111 11111111 11111111 11111111 11111111 11111111 11111111 11111111 11111111 11111111 11111111 11111111 11111111 11111111 11111111 11111111 11111111 11111111 11111111 11111111 
11111111 11111111 11111111 11111111 11111111 11111111 11111111 11111111 11111111 11111111 11111111 11111111 11111111 11111111 11111111 11111111 11111111 11111111 11111111 11111111 11111111 11111111 11111111 11111111 11111111 
11111111 11111111 11111111 11111111 11111111 11111111 11111111 11111111 11111111 11111111 11111111 11111111 11111111 11111111 11111111 11111111 11111111 11111111 11111111 11111111 11111111 11111111 11111111 11111111 11111111 
11111111 11111111 11111111 11111111 11111111 11111111 11111111 11111111 11111111 11111111 11111111 11111111 11111111 11111111 11111111 11111111 11111111 11111111 11111111 11111111 11111111 11111111 11111111 11111111 11111111 
11111111 11111111 11111111 11111111 11111111 11111111 11111111 11111111 11111111 11111111 11111111 11111111 11111111 11111111 11111111 11111111 11111111 11111111 11111111 11111111 11111111 11111111 11111111 11111111 11111111 
11111111 11111111 11111111 11111111 11111111 11111111 11111111 11111111 11111111 11111111 11111111 11111111 11111111 11111111 11111111 11111111 11111111 11111111 11111111 11111111 11111111 11111111 11111111 11111111 11111111 
11111111 11111111 11111111 11111111 11111111 11111111 11111111 11111111 11111111 11111111 11111111 11111111 11111111 11111111 11111111 11111111 11111111 11111111 11111111 11111111 11111111 11111111 11111111 11111111 11111111 
11111111 11111111 11111111 11111111 11111111 11111111 11111111 11111111 11111111 11111111 11111111 11111111 11111111 11111111 11111111 11111111 11111111 11111111 11111111 11111111 11111111 11111111 11111111 11111111 11111111 
11111111 11111111 11111111 11111111 11111111 11111111 11111111 11111111 11111111 11111111 11111111 11111111 11111111 11111111 11111111 11111111 11111111 11111111 11111111 11111111 11111111 11111111 11111111 11111111 11111111 
11111111 11111111 11111111 11111111 11111111 11111111 11111111 11111111 11111111 11111111 11111111 11111111 11111111 11111111 11111111 11111111 11111111 11111111 11111111 11111111 11111111 11111111 11111111 11111111 11111111 
11111111 11111111 11111111 11111111 11111111 11111111 11111111 11111111 11111111 11111111 11111111 11111111 11111111 11111111 11111111 11111111 11111111 11111111 11111111 11111111 11111111 11111111 11111111 11111111 11111111 
11111111 11111111 11111111 11111111 11111111 11111111 11111111 11111111 11111111 11111111 11111111 11111111 11111111 11111111 11111111 11111111 11111111 11111111 11111111 11111111 11111111 11111111 11111111 11111111 11110101 
11111111 11111111 11111111 11111111 11111111 11111111 11111111 11111111 11111111 11111111 11111111 11111111 11111111 11111111 11111111 11111111 11111111 11111111 11111111 11010001 11111111 11111111 11111111 11110101 01111100 
11111111 11111111 11111111 11111111 10101010 11111111 11111111 11111111 11111111 10001110 11111111 11111111 11111111 11111111 01110000 11111111 11111111 11111111 11010001 01100100 11111111 11111111 11110101 01111100 01100100 
11111111 11111111 11111111 10101010 01100100 11111111 11111111 11111111 10001110 01100100 11111111 11111111 11111111 01110000 01100100 11111111 11111111 11010001 01100100 01100100 11111111 11110101 01111100 01100100 01100100 
11111111 11111111 10101010 01100100 01100100 11111111 11111111 10001110 01100100 01100100 11111111 11111111 01110000 01100100 01100100 11111111 11010001 01100100 01100100 01100100 11110101 01111100 01100100 01100100 01100100 
11111111 10101010 01100100 01100100 01100100 11111111 10001110 01100100 01100100 01100100 11111111 01110000 01100100 01100100 01100100 11010001 01100100 01100100 01100100 01100100 01111100 01100100 01100100 01100100 01110011 
10101010 01100100 01100100 01100100 10011001 10001110 01100100 01100100 01100100 10011010 01110000 01100100 01100100 01100100 10011010 01100100 01100100 01100100 01100100 10010111 01100100 01100100 01100100 01110011 10010111 
01100100 01100100 01100100 10011001 10010111 01100100 01100100 01100100 10011010 10010111 01100100 01100100 01100100 10011010 10010111 01100100 01100100 01100100 10010111 10010111 01100100 01100100 01110011 10010111 10010111 
01100100 01100100 10011001 10010111 10010111 01100100 01100100 10011010 10010111 10010111 01100100 01100100 10011010 10010111 10011000 01100100 01100100 10010111 10010111 10011110 01100100 01110011 10010111 10010111 10100001 
01100100 10011001 10010111 10010111 10111101 01100100 10011010 10010111 10010111 11001001 01100100 10011010 10010111 10011000 11001100 01100100 10010111 10010111 10011110 11001100 01110011 10010111 10010111 10100001 11001100 
10011001 10010111 10010111 10111101 11001100 10011010 10010111 10010111 11001001 11001100 10011010 10010111 10011000 11001100 11001100 10010111 10010111 10011110 11001100 11001100 10010111 10010111 10100001 11001100 11001100 
10010111 10010111 10111101 11001100 11001100 10010111 10010111 11001001 11001100 11001100 10010111 10011000 11001100 11001100 11001100 10010111 10011110 11001100 11001100 11001100 10010111 10100001 11001100 11001100 11001100 
10010111 10111101 11001100 11001100 11001100 10010111 11001001 11001100 11001100 11000111 10011000 11001100 11001100 11001100 10101110 10011110 11001100 11001100 11001100 10011011 10100001 11001100 11001100 11001100 10001101 
10111101 11001100 11001100 11001100 10011101 11001001 11001100 11001100 11000111 10000000 11001100 11001100 11001100 10101110 01111110 11001100 11001100 11001100 10011011 01111110 11001100 11001100 11001100 10001101 01111110 
11001100 11001100 11001100 10011101 01111110 11001100 11001100 11000111 10000000 01111110 11001100 11001100 10101110 01111110 01111110 11001100 11001100 10011011 01111110 01111110 11001100 11001100 10001101 01111110 01111110 
11001100 11001100 10011101 01111110 01111110 11001100 11000111 10000000 01111110 01111110 11001100 10101110 01111110 01111110 01111110 11001100 10011011 01111110 01111110 01111110 11001100 10001101 01111110 01111110 01111110 
11001100 10011101 01111110 01111110 01111110 11000111 10000000 01111110 01111110 01111110 10101110 01111110 01111110 01111110 10000001 10011011 01111110 01111110 01111110 10000000 10001101 01111110 01111110 01111110 01111111 
10011101 01111110 01111110 01111110 01111110 10000000 01111110 01111110 01111110 10000001 01111110 01111110 01111110 10000001 01111011 01111110 01111110 01111110 10000000 01110111 01111110 01111110 01111110 01111111 01110111 
01111110 01111110 01111110 01111110 01111111 01111110 01111110 01111110 10000001 01110111 01111110 01111110 10000001 01111011 01110111 01111110 01111110 10000000 01110111 01110111 01111110 01111110 01111111 01110111 01110111 
01111110 01111110 01111110 01111111 01110111 01111110 01111110 10000001 01110111 01110111 01111110 10000001 01111011 01110111 01110111 01111110 10000000 01110111 01110111 01110111 01111110 01111111 01110111 01110111 01110111 
01111110 01111110 01111111 01110111 01110111 01111110 10000001 01110111 01110111 01110111 10000001 01111011 01110111 01110111 01110111 10000000 01110111 01110111 01110111 01111100 01111111 01110111 01110111 01110111 10001111 
01111110 01111111 01110111 01110111 01110111 10000001 01110111 01110111 01110111 01110111 01111011 01110111 01110111 01110111 10000110 01110111 01110111 01110111 01111100 10010101 01110111 01110111 01110111 10001111 10010011 
01111111 01110111 01110111 01110111 01110111 01110111 01110111 01110111 01110111 10000111 01110111 01110111 01110111 10000110 10010100 01110111 01110111 01111100 10010101 10010011 01110111 01110111 10001111 10010011 10010011 
01110111 01110111 01110111 01110111 10000100 01110111 01110111 01110111 10000111 10010100 01110111 01110111 10000110 10010100 10010011 01110111 01111100 10010101 10010011 10010011 01110111 10001111 10010011 10010011 10010011 
01110111 01110111 01110111 10000100 10010101 01110111 01110111 10000111 10010100 10010011 01110111 10000110 10010100 10010011 10010011 01111100 10010101 10010011 10010011 10010011 10001111 10010011 10010011 10010011 10010011 
01110111 01110111 10000100 10010101 10010011 01110111 10000111 10010100 10010011 10010011 10000110 10010100 10010011 10010011 10010011 10010101 10010011 10010011 10010011 10010011 10010011 10010011 10010011 10010011 10010100 
01110111 10000100 10010101 10010011 10010011 10000111 10010100 10010011 10010011 10010011 10010100 10010011 10010011 10010011 10010011 10010011 10010011 10010011 10010011 10010100 10010011 10010011 10010011 10010100 11010111 
10000100 10010101 10010011 10010011 10010011 10010100 10010011 10010011 10010011 10010011 10010011 10010011 10010011 10010011 10010011 10010011 10010011 10010011 10010100 11001110 10010011 10010011 10010100 11010111 11111111 
11111111 11111111 11111111 11111111 11111111 11111111 11111111 11111111 11111111 11111111 11111111 11111111 11111111 11111111 11111111 11111111 11111111 11111111 11111111 11111111 11111111 11111111 11111111 11111111 11111111 
11111111 11111111 11111111 11111111 11111111 11111111 11111111 11111111 11111111 11111111 11111111 11111111 11111111 11111111 11111111 11111111 11111111 11111111 11111111 11111111 11111111 11111111 11111111 11111111 11111111 
11111111 11111111 11111111 11111111 11111111 11111111 11111111 11111111 11111111 11111111 11111111 11111111 11111111 11111111 11111111 11111111 11111111 11111111 11111111 11111111 11111111 11111111 11111111 11111111 11111111 
11111111 11111111 11111111 11111111 11111111 11111111 11111111 11111111 11111111 11111111 11111111 11111111 11111111 11111111 11111111 11111111 11111111 11111111 11111111 11111111 11111111 11111111 11111111 11111111 11111111 
11111111 11111111 11111111 11111111 11111111 11111111 11111111 11111111 11111111 11111111 11111111 11111111 11111111 11111111 11111111 11111111 11111111 11111111 11111111 11111111 11111111 11111111 11111111 11111111 11111111 
11111111 11111111 11111111 11111111 11111111 11111111 11111111 11111111 11111111 11111111 11111111 11111111 11111111 11111111 11111111 11111111 11111111 11111111 11111111 11111111 11111111 11111111 11111111 11111111 11111111 
11111111 11111111 11111111 11111111 11111111 11111111 11111111 11111111 11111111 11111111 11111111 11111111 11111111 11111111 11111111 11111111 11111111 11111111 11111111 11111111 11111111 11111111 11111111 11111111 11111111 
11111111 11111111 11111111 11111111 11111111 11111111 11111111 11111111 11111111 11111111 11111111 11111111 11111111 11111111 11111111 11111111 11111111 11111111 11111111 11111111 11111111 11111111 11111111 11111111 11111111 
11111111 11111111 11111111 11111111 11111111 11111111 11111111 11111111 11111111 11111111 11111111 11111111 11111111 11111111 11111111 11111111 11111111 11111111 11111111 11111111 11111111 11111111 11111111 11111111 11111111 
11111111 11111111 11111111 11111111 11111111 11111111 11111111 11111111 11111111 11111111 11111111 11111111 11111111 11111111 11111111 11111111 11111111 11111111 11111111 11111111 11111111 11111111 11111111 11111111 11111111 
11111111 11111111 11111111 11111111 11111111 11111111 11111111 11111111 11111111 11111111 11111111 11111111 11111111 11111111 11111111 11111111 11111111 11111111 11111111 11111111 11111111 11111111 11111111 11111111 11111111 
11111111 11111111 11111111 11111111 11111111 11111111 11111111 11111111 11111111 11111111 11111111 11111111 11111111 11111111 11111111 11111111 11111111 11111111 11111111 11111111 11111111 11111111 11111111 11111111 11111111 
11111111 11111111 11111111 11111111 11111111 11111111 11111111 11111111 11111111 11111111 11111111 11111111 11111111 11111111 11111111 11111111 11111111 11111111 11111111 11111111 11111111 11111111 11111111 11111111 11111111 
11111111 11111111 11111111 11111111 11111111 11111111 11111111 11111111 11111111 11111111 11111111 11111111 11111111 11111111 11111111 11111111 11111111 11111111 11111111 11111111 11111111 11111111 11111111 11111111 11111111 
11111111 11111111 11111111 11111111 11111111 11111111 11111111 11111111 11111111 11111111 11111111 11111111 11111111 11111111 11111111 11111111 11111111 11111111 11111111 11111111 11111111 11111111 11111111 11111111 11111111 
11111111 11111111 11111111 11111111 11111111 11111111 11111111 11111111 11111111 11111111 11111111 11111111 11111111 11111111 11111111 11111111 11111111 11111111 11111111 11111111 11111111 11111111 11111111 11111111 11111111 
11111111 11111111 11111111 11111111 11111111 11111111 11111111 11111111 11111111 11111111 11111111 11111111 11111111 11111111 11111111 11111111 11111111 11111111 11111111 11111111 11111111 11111111 11111111 11111111 11010110 
11111111 11111111 11111111 11111111 11111111 11111111 11111111 11111111 11111111 11111111 11111111 11111111 11111111 11111111 11111111 11111111 11111111 11111111 11111111 11110101 11111111 11111111 11111111 11010110 01111110 
11111111 11111111 11111111 11111111 11111111 11111111 11111111 11111111 11111111 11111111 11111111 11111111 11111111 11111111 11010001 11111111 11111111 11111111 11110101 01111100 11111111 11111111 11010110 01111110 01100100 
11111111 11111111 11111111 11111111 10001110 11111111 11111111 11111111 11111111 01110000 11111111 11111111 11111111 11010001 01100100 11111111 11111111 11110101 01111100 01100100 11111111 11010110 01111110 01100100 01100100 
11111111 11111111 11111111 10001110 01100100 11111111 11111111 11111111 01110000 01100100 11111111 11111111 11010001 01100100 01100100 11111111 11110101 01111100 01100100 01100100 11010110 01111110 01100100 01100100 01100100 
11111111 11111111 10001110 01100100 01100100 11111111 11111111 01110000 01100100 01100100 11111111 11010001 01100100 01100100 01100100 11110101 01111100 01100100 01100100 01100100 01111110 01100100 01100100 01100100 01100100 
11111111 10001110 01100100 01100100 01100100 11111111 01110000 01100100 01100100 01100100 11010001 01100100 01100100 01100100 01100100 01111100 01100100 01100100 01100100 01110011 01100100 01100100 01100100 01100100 01111111 
10001110 01100100 01100100 01100100 10011010 01110000 01100100 01100100 01100100 10011010 01100100 01100100 01100100 01100100 10010111 01100100 01100100 01100100 01110011 10010111 01100100 01100100 01100100 01111111 10010111 
01100100 01100100 01100100 10011010 10010111 01100100 01100100 01100100 10011010 10010111 01100100 01100100 01100100 10010111 10010111 01100100 01100100 01110011 10010111 10010111 01100100 01100100 01111111 10010111 10010111 
01100100 01100100 10011010 10010111 10010111 01100100 01100100 10011010 10010111 10011000 01100100 01100100 10010111 10010111 10011110 01100100 01110011 10010111 10010111 10100001 01100100 01111111 10010111 10010111 10100110 
01100100 10011010 10010111 10010111 11001001 01100100 10011010 10010111 10011000 11001100 01100100 10010111 10010111 10011110 11001100 01110011 10010111 10010111 10100001 11001100 01111111 10010111 10010111 10100110 11001100 
10011010 10010111 10010111 11001001 11001100 10011010 10010111 10011000 11001100 11001100 10010111 10010111 10011110 11001100 11001100 10010111 10010111 10100001 11001100 11001100 10010111 10010111 10100110 11001100 11001100 
10010111 10010111 11001001 11001100 11001100 10010111 10011000 11001100 11001100 11001100 10010111 10011110 11001100 11001100 11001100 10010111 10100001 11001100 11001100 11001100 10010111 10100110 11001100 11001100 11001100 
10010111 11001001 11001100 11001100 11000111 10011000 11001100 11001100 11001100 10101110 10011110 11001100 11001100 11001100 10011011 10100001 11001100 11001100 11001100 10001101 10100110 11001100 11001100 11001100 10001000 
11001001 11001100 11001100 11000111 10000000 11001100 11001100 11001100 10101110 01111110 11001100 11001100 11001100 10011011 01111110 11001100 11001100 11001100 10001101 01111110 11001100 11001100 11001100 10001000 01111110 
11001100 11001100 11000111 10000000 01111110 11001100 11001100 10101110 01111110 01111110 11001100 11001100 10011011 01111110 01111110 11001100 11001100 10001101 01111110 01111110 11001100 11001100 10001000 01111110 01111110 
11001100 11000111 10000000 01111110 01111110 11001100 10101110 01111110 01111110 01111110 11001100 10011011 01111110 01111110 01111110 11001100 10001101 01111110 01111110 01111110 11001100 10001000 01111110 01111110 10000011 
11000111 10000000 01111110 01111110 01111110 10101110 01111110 01111110 01111110 10000001 10011011 01111110 01111110 01111110 10000000 10001101 01111110 01111110 01111110 01111111 10001000 01111110 01111110 10000011 01110111 
10000000 01111110 01111110 01111110 10000001 01111110 01111110 01111110 10000001 01111011 01111110 01111110 01111110 10000000 01110111 01111110 01111110 01111110 01111111 01110111 01111110 01111110 10000011 01110111 01110111 
01111110 01111110 01111110 10000001 01110111 01111110 01111110 10000001 01111011 01110111 01111110 01111110 10000000 01110111 01110111 01111110 01111110 01111111 01110111 01110111 01111110 10000011 01110111 01110111 01110111 
01111110 01111110 10000001 01110111 01110111 01111110 10000001 01111011 01110111 01110111 01111110 10000000 01110111 01110111 01110111 01111110 01111111 01110111 01110111 01110111 10000011 01110111 01110111 01110111 01111101 
01111110 10000001 01110111 01110111 01110111 10000001 01111011 01110111 01110111 01110111 10000000 01110111 01110111 01110111 01111100 01111111 01110111 01110111 01110111 10001111 01110111 01110111 01110111 01111101 10010101 
10000001 01110111 01110111 01110111 01110111 01111011 01110111 01110111 01110111 10000110 01110111 01110111 01110111 01111100 10010101 01110111 01110111 01110111 10001111 10010011 01110111 01110111 01111101 10010101 10010011 
01110111 01110111 01110111 01110111 10000111 01110111 01110111 01110111 10000110 10010100 01110111 01110111 01111100 10010101 10010011 01110111 01110111 10001111 10010011 10010011 01110111 01111101 10010101 10010011 10010011 
01110111 01110111 01110111 10000111 10010100 01110111 01110111 10000110 10010100 10010011 01110111 01111100 10010101 10010011 10010011 01110111 10001111 10010011 10010011 10010011 01111101 10010101 10010011 10010011 10010011 
01110111 01110111 10000111 10010100 10010011 01110111 10000110 10010100 10010011 10010011 01111100 10010101 10010011 10010011 10010011 10001111 10010011 10010011 10010011 10010011 10010101 10010011 10010011 10010011 10010011 
01110111 10000111 10010100 10010011 10010011 10000110 10010100 10010011 10010011 10010011 10010101 10010011 10010011 10010011 10010011 10010011 10010011 10010011 10010011 10010100 10010011 10010011 10010011 10010011 11000111 
10000111 10010100 10010011 10010011 10010011 10010100 10010011 10010011 10010011 10010011 10010011 10010011 10010011 10010011 10010100 10010011 10010011 10010011 10010100 11010111 10010011 10010011 10010011 11000111 11111111 
10010100 10010011 10010011 10010011 10010011 10010011 10010011 10010011 10010011 10010011 10010011 10010011 10010011 10010100 11001110 10010011 10010011 10010100 11010111 11111111 10010011 10010011 11000111 11111111 11111111 
11111111 11111111 11111111 11111111 11111111 11111111 11111111 11111111 11111111 11111111 11111111 11111111 11111111 11111111 11111111 11111111 11111111 11111111 11111111 11111111 11111111 11111111 11111111 11111111 11111111 
11111111 11111111 11111111 11111111 11111111 11111111 11111111 11111111 11111111 11111111 11111111 11111111 11111111 11111111 11111111 11111111 11111111 11111111 11111111 11111111 11111111 11111111 11111111 11111111 11111111 
11111111 11111111 11111111 11111111 11111111 11111111 11111111 11111111 11111111 11111111 11111111 11111111 11111111 11111111 11111111 11111111 11111111 11111111 11111111 11111111 11111111 11111111 11111111 11111111 11111111 
11111111 11111111 11111111 11111111 11111111 11111111 11111111 11111111 11111111 11111111 11111111 11111111 11111111 11111111 11111111 11111111 11111111 11111111 11111111 11111111 11111111 11111111 11111111 11111111 11111111 
11111111 11111111 11111111 11111111 11111111 11111111 11111111 11111111 11111111 11111111 11111111 11111111 11111111 11111111 11111111 11111111 11111111 11111111 11111111 11111111 11111111 11111111 11111111 11111111 11111111 
11111111 11111111 11111111 11111111 11111111 11111111 11111111 11111111 11111111 11111111 11111111 11111111 11111111 11111111 11111111 11111111 11111111 11111111 11111111 11111111 11111111 11111111 11111111 11111111 11111111 
11111111 11111111 11111111 11111111 11111111 11111111 11111111 11111111 11111111 11111111 11111111 11111111 11111111 11111111 11111111 11111111 11111111 11111111 11111111 11111111 11111111 11111111 11111111 11111111 11111111 
11111111 11111111 11111111 11111111 11111111 11111111 11111111 11111111 11111111 11111111 11111111 11111111 11111111 11111111 11111111 11111111 11111111 11111111 11111111 11111111 11111111 11111111 11111111 11111111 11110001 
11111111 11111111 11111111 11111111 11111111 11111111 11111111 11111111 11111111 11111111 11111111 11111111 11111111 11111111 11111111 11111111 11111111 11111111 11111111 11111111 11111111 11111111 11111111 11110001 11001101 
11111111 11111111 11111111 11111111 11111111 11111111 11111111 11111111 11111111 11111111 11111111 11111111 11111111 11111111 11111111 11111111 11111111 11111111 11111111 11111111 11111111 11111111 11110001 11001101 11000000 
11111111 11111111 11111111 11111111 11111111 11111111 11111111 11111111 11111111 11111111 11111111 11111111 11111111 11111111 11111111 11111111 11111111 11111111 11111111 11111111 11111111 11110001 11001101 11000000 10110100 
11111111 11111111 11111111 11111111 11111111 11111111 11111111 11111111 11111111 11111111 11111111 11111111 11111111 11111111 11111111 11111111 11111111 11111111 11111111 11111111 11110001 11001101 11000000 10110100 10101101 
11111111 11111111 11111111 11111111 11111111 11111111 11111111 11111111 11111111 11111111 11111111 11111111 11111111 11111111 11111111 11111111 11111111 11111111 11111111 11111111 11001101 11000000 10110100 10101101 10101000 
11111111 11111111 11111111 11111111 11111111 11111111 11111111 11111111 11111111 11111111 11111111 11111111 11111111 11111111 11111111 11111111 11111111 11111111 11111111 11111111 11000000 10110100 10101101 10101000 10011001 
11111111 11111111 11111111 11111111 11111111 11111111 11111111 11111111 11111111 11111111 11111111 11111111 11111111 11111111 11111111 11111111 11111111 11111111 11111111 11111111 10110100 10101101 10101000 10011001 10000111 
11111111 11111111 11111111 11111111 11111111 11111111 11111111 11111111 11111111 11111111 11111111 11111111 11111111 11111111 11111111 11111111 11111111 11111111 11111111 11111111 10101101 10101000 10011001 10000111 01101110 
11111111 11111111 11111111 11111111 11111111 11111111 11111111 11111111 11111111 11111111 11111111 11111111 11111111 11111111 11111111 11111111 11111111 11111111 11111111 11010110 10101000 10011001 10000111 01101110 01100100 
11111111 11111111 11111111 11111111 11111111 11111111 11111111 11111111 11111111 11111111 11111111 11111111 11111111 11111111 11110101 11111111 11111111 11111111 11010110 01111110 10011001 10000111 01101110 01100100 01100100 
11111111 11111111 11111111 11111111 11111111 11111111 11111111 11111111 11111111 11010001 11111111 11111111 11111111 11110101 01111100 11111111 11111111 11010110 01111110 01100100 10000111 01101110 01100100 01100100 01100100 
11111111 11111111 11111111 11111111 01110000 11111111 11111111 11111111 11010001 01100100 11111111 11111111 11110101 01111100 01100100 11111111 11010110 01111110 01100100 01100100 01101110 01100100 01100100 01100100 01100100 
11111111 11111111 11111111 01110000 01100100 11111111 11111111 11010001 01100100 01100100 11111111 11110101 01111100 01100100 01100100 11010110 01111110 01100100 01100100 01100100 01100100 01100100 01100100 01100100 01100100 
11111111 11111111 01110000 01100100 01100100 11111111 11010001 01100100 01100100 01100100 11110101 01111100 01100100 01100100 01100100 01111110 01100100 01100100 01100100 01100100 01100100 01100100 01100100 01100100 01100100 
11111111 01110000 01100100 01100100 01100100 11010001 01100100 01100100 01100100 01100100 01111100 01100100 01100100 01100100 01110011 01100100 01100100 01100100 01100100 01111111 01100100 01100100 01100100 01100100 10010011 
01110000 01100100 01100100 01100100 10011010 01100100 01100100 01100100 01100100 10010111 01100100 01100100 01100100 01110011 10010111 01100100 01100100 01100100 01111111 10010111 01100100 01100100 01100100 10010011 10010111 
01100100 01100100 01100100 10011010 10010111 01100100 01100100 01100100 10010111 10010111 01100100 01100100 01110011 10010111 10010111 01100100 01100100 01111111 10010111 10010111 01100100 01100100 10010011 10010111 10010111 
01100100 01100100 10011010 10010111 10011000 01100100 01100100 10010111 10010111 10011110 01100100 01110011 10010111 10010111 10100001 01100100 01111111 10010111 10010111 10100110 01100100 10010011 10010111 10010111 10101010 
01100100 10011010 10010111 10011000 11001100 01100100 10010111 10010111 10011110 11001100 01110011 10010111 10010111 10100001 11001100 01111111 10010111 10010111 10100110 11001100 10010011 10010111 10010111 10101010 11001100 
10011010 10010111 10011000 11001100 11001100 10010111 10010111 10011110 11001100 11001100 10010111 10010111 10100001 11001100 11001100 10010111 10010111 10100110 11001100 11001100 10010111 10010111 10101010 11001100 11001100 
10010111 10011000 11001100 11001100 11001100 10010111 10011110 11001100 11001100 11001100 10010111 10100001 11001100 11001100 11001100 10010111 10100110 11001100 11001100 11001100 10010111 10101010 11001100 11001100 11001100 
10011000 11001100 11001100 11001100 10101110 10011110 11001100 11001100 11001100 10011011 10100001 11001100 11001100 11001100 10001101 10100110 11001100 11001100 11001100 10001000 10101010 11001100 11001100 11001100 10000110 
11001100 11001100 11001100 10101110 01111110 11001100 11001100 11001100 10011011 01111110 11001100 11001100 11001100 10001101 01111110 11001100 11001100 11001100 10001000 01111110 11001100 11001100 11001100 10000110 01111110 
11001100 11001100 10101110 01111110 01111110 11001100 11001100 10011011 01111110 01111110 11001100 11001100 10001101 01111110 01111110 11001100 11001100 10001000 01111110 01111110 11001100 11001100 10000110 01111110 01111110 
11001100 10101110 01111110 01111110 01111110 11001100 10011011 01111110 01111110 01111110 11001100 10001101 01111110 01111110 01111110 11001100 10001000 01111110 01111110 10000011 11001100 10000110 01111110 01111110 10000100 
10101110 01111110 01111110 01111110 10000001 10011011 01111110 01111110 01111110 10000000 10001101 01111110 01111110 01111110 01111111 10001000 01111110 01111110 10000011 01110111 10000110 01111110 01111110 10000100 01110111 
01111110 01111110 01111110 10000001 01111011 01111110 01111110 01111110 10000000 01110111 01111110 01111110 01111110 01111111 01110111 01111110 01111110 10000011 01110111 01110111 01111110 01111110 10000100 01110111 01110111 
01111110 01111110 10000001 01111011 01110111 01111110 01111110 10000000 01110111 01110111 01111110 01111110 01111111 01110111 01110111 01111110 10000011 01110111 01110111 01110111 01111110 10000100 01110111 01110111 01110111 
01111110 10000001 01111011 01110111 01110111 01111110 10000000 01110111 01110111 01110111 01111110 01111111 01110111 01110111 01110111 10000011 01110111 01110111 01110111 01111101 10000100 01110111 01110111 01110111 10001001 
10000001 01111011 01110111 01110111 01110111 10000000 01110111 01110111 01110111 01111100 01111111 01110111 01110111 01110111 10001111 01110111 01110111 01110111 01111101 10010101 01110111 01110111 01110111 10001001 10010011 
01111011 01110111 01110111 01110111 10000110 01110111 01110111 01110111 01111100 10010101 01110111 01110111 01110111 10001111 10010011 01110111 01110111 01111101 10010101 10010011 01110111 01110111 10001001 10010011 10010011 
01110111 01110111 01110111 10000110 10010100 01110111 01110111 01111100 10010101 10010011 01110111 01110111 10001111 10010011 10010011 01110111 01111101 10010101 10010011 10010011 01110111 10001001 10010011 10010011 10010011 
01110111 01110111 10000110 10010100 10010011 01110111 01111100 10010101 10010011 10010011 01110111 10001111 10010011 10010011 10010011 01111101 10010101 10010011 10010011 10010011 10001001 10010011 10010011 10010011 10010011 
01110111 10000110 10010100 10010011 10010011 01111100 10010101 10010011 10010011 10010011 10001111 10010011 10010011 10010011 10010011 10010101 10010011 10010011 10010011 10010011 10010011 10010011 10010011 10010011 10101000 
10000110 10010100 10010011 10010011 10010011 10010101 10010011 10010011 10010011 10010011 10010011 10010011 10010011 10010011 10010100 10010011 10010011 10010011 10010011 11000111 10010011 10010011 10010011 10101000 11111111 
10010100 10010011 10010011 10010011 10010011 10010011 10010011 10010011 10010011 10010100 10010011 10010011 10010011 10010100 11010111 10010011 10010011 10010011 11000111 11111111 10010011 10010011 10101000 11111111 11111111 
10010011 10010011 10010011 10010011 10010011 10010011 10010011 10010011 10010100 11001110 10010011 10010011 10010100 11010111 11111111 10010011 10010011 11000111 11111111 11111111 10010011 10101000 11111111 11111111 11111111 
11111111 11111111 11111111 11111111 11111111 11111111 11111111 11111111 11111111 11111111 11111111 11111111 11111111 11111111 11111111 11111111 11111111 11111111 11111111 11111111 11111111 11111111 11111111 11111111 11111111 
11111111 11111111 11111111 11111111 11111111 11111111 11111111 11111111 11111111 11111111 11111111 11111111 11111111 11111111 11111111 11111111 11111111 11111111 11111111 11111111 11111111 11111111 11111111 11111111 11111111 
11111111 11111111 11111111 11111111 11111111 11111111 11111111 11111111 11111111 11111111 11111111 11111111 11111111 11111111 11111111 11111111 11111111 11111111 11111111 11111111 11111111 11111111 11111111 11111111 11111111 
11111111 11111111 11111111 11111111 11111111 11111111 11111111 11111111 11111111 11111111 11111111 11111111 11111111 11111111 11111111 11111111 11111111 11111111 11111111 11111111 11111111 11111111 11111111 11111111 11111111 
11111111 11111111 11111111 11111111 11111111 11111111 11111111 11111111 11111111 11111111 11111111 11111111 11111111 11111111 11111111 11111111 11111111 11111111 11111111 11111111 11111111 11111111 11111111 11111111 11111111 
11111111 11111111 11111111 11111111 11111111 11111111 11111111 11111111 11111111 11111111 11111111 11111111 11111111 11111111 11111111 11111111 11111111 11111111 11111111 11111111 11111111 11111111 11111111 11111111 11010100 
11111111 11111111 11111111 11111111 11111111 11111111 11111111 11111111 11111111 11111111 11111111 11111111 11111111 11111111 11111111 11111111 11111111 11111111 11111111 11111111 11111111 11111111 11111111 11010100 10001001 
11111111 11111111 11111111 11111111 11111111 11111111 11111111 11111111 11111111 11111111 11111111 11111111 11111111 11111111 11111111 11111111 11111111 11111111 11111111 11110001 11111111 11111111 11010100 10001001 01100100 
11111111 11111111 11111111 11111111 11111111 11111111 11111111 11111111 11111111 11111111 11111111 11111111 11111111 11111111 11111111 11111111 11111111 11111111 11110001 11001101 11111111 11010100 10001001 01100100 01100100 
11111111 11111111 11111111 11111111 11111111 11111111 11111111 11111111 11111111 11111111 11111111 11111111 11111111 11111111 11111111 11111111 11111111 11110001 11001101 11000000 11010100 10001001 01100100 01100100 01100100 
11111111 11111111 11111111 11111111 11111111 11111111 11111111 11111111 11111111 11111111 11111111 11111111 11111111 11111111 11111111 11111111 11110001 11001101 11000000 10110100 10001001 01100100 01100100 01100100 01100100 
11111111 11111111 11111111 11111111 11111111 11111111 11111111 11111111 11111111 11111111 11111111 11111111 11111111 11111111 11111111 11110001 11001101 11000000 10110100 10101101 01100100 01100100 01100100 01100100 01100100 
11111111 11111111 11111111 11111111 11111111 11111111 11111111 11111111 11111111 11111111 11111111 11111111 11111111 11111111 11111111 11001101 11000000 10110100 10101101 10101000 01100100 01100100 01100100 01100100 01100100 
11111111 11111111 11111111 11111111 11111111 11111111 11111111 11111111 11111111 11111111 11111111 11111111 11111111 11111111 11111111 11000000 10110100 10101101 10101000 10011001 01100100 01100100 01100100 01100100 01100100 
11111111 11111111 11111111 11111111 11111111 11111111 11111111 11111111 11111111 11111111 11111111 11111111 11111111 11111111 11111111 10110100 10101101 10101000 10011001 10000111 01100100 01100100 01100100 01100100 01100100 
11111111 11111111 11111111 11111111 11111111 11111111 11111111 11111111 11111111 11111111 11111111 11111111 11111111 11111111 11111111 10101101 10101000 10011001 10000111 01101110 01100100 01100100 01100100 01100100 01100100 
11111111 11111111 11111111 11111111 11111111 11111111 11111111 11111111 11111111 11111111 11111111 11111111 11111111 11111111 11010110 10101000 10011001 10000111 01101110 01100100 01100100 01100100 01100100 01100100 01100100 
11111111 11111111 11111111 11111111 11111111 11111111 11111111 11111111 11111111 11110101 11111111 11111111 11111111 11010110 01111110 10011001 10000111 01101110 01100100 01100100 01100100 01100100 01100100 01100100 01100100 
11111111 11111111 11111111 11111111 11010001 11111111 11111111 11111111 11110101 01111100 11111111 11111111 11010110 01111110 01100100 10000111 01101110 01100100 01100100 01100100 01100100 01100100 01100100 01100100 01100100 
11111111 11111111 11111111 11010001 01100100 11111111 11111111 11110101 01111100 01100100 11111111 11010110 01111110 01100100 01100100 01101110 01100100 01100100 01100100 01100100 01100100 01100100 01100100 01100100 01100100 
11111111 11111111 11010001 01100100 01100100 11111111 11110101 01111100 01100100 01100100 11010110 01111110 01100100 01100100 01100100 01100100 01100100 01100100 01100100 01100100 01100100 01100100 01100100 01100100 01100100 
11111111 11010001 01100100 01100100 01100100 11110101 01111100 01100100 01100100 01100100 01111110 01100100 01100100 01100100 01100100 01100100 01100100 01100100 01100100 01100100 01100100 01100100 01100100 01100100 10000011 
11010001 01100100 01100100 01100100 01100100 01111100 01100100 01100100 01100100 01110011 01100100 01100100 01100100 01100100 01111111 01100100 01100100 01100100 01100100 10010011 01100100 01100100 01100100 10000011 10010111 
01100100 01100100 01100100 01100100 10010111 01100100 01100100 01100100 01110011 10010111 01100100 01100100 01100100 01111111 10010111 01100100 01100100 01100100 10010011 10010111 01100100 01100100 10000011 10010111 10010111 
01100100 01100100 01100100 10010111 10010111 01100100 01100100 01110011 10010111 10010111 01100100 01100100 01111111 10010111 10010111 01100100 01100100 10010011 10010111 10010111 01100100 10000011 10010111 10010111 10010111 
01100100 01100100 10010111 10010111 10011110 01100100 01110011 10010111 10010111 10100001 01100100 01111111 10010111 10010111 10100110 01100100 10010011 10010111 10010111 10101010 10000011 10010111 10010111 10010111 10110000 
01100100 10010111 10010111 10011110 11001100 01110011 10010111 10010111 10100001 11001100 01111111 10010111 10010111 10100110 11001100 10010011 10010111 10010111 10101010 11001100 10010111 10010111 10010111 10110000 11001100 
10010111 10010111 10011110 11001100 11001100 10010111 10010111 10100001 11001100 11001100 10010111 10010111 10100110 11001100 11001100 10010111 10010111 10101010 11001100 11001100 10010111 10010111 10110000 11001100 11001100 
10010111 10011110 11001100 11001100 11001100 10010111 10100001 11001100 11001100 11001100 10010111 10100110 11001100 11001100 11001100 10010111 10101010 11001100 11001100 11001100 10010111 10110000 11001100 11001100 11001100 
10011110 11001100 11001100 11001100 10011011 10100001 11001100 11001100 11001100 10001101 10100110 11001100 11001100 11001100 10001000 10101010 11001100 11001100 11001100 10000110 10110000 11001100 11001100 11001100 10000011 
11001100 11001100 11001100 10011011 01111110 11001100 11001100 11001100 10001101 01111110 11001100 11001100 11001100 10001000 01111110 11001100 11001100 11001100 10000110 01111110 11001100 11001100 11001100 10000011 01111110 
11001100 11001100 10011011 01111110 01111110 11001100 11001100 10001101 01111110 01111110 11001100 11001100 10001000 01111110 01111110 11001100 11001100 10000110 01111110 01111110 11001100 11001100 10000011 01111110 01111110 
11001100 10011011 01111110 01111110 01111110 11001100 10001101 01111110 01111110 01111110 11001100 10001000 01111110 01111110 10000011 11001100 10000110 01111110 01111110 10000100 11001100 10000011 01111110 01111110 01111111 
10011011 01111110 01111110 01111110 10000000 10001101 01111110 01111110 01111110 01111111 10001000 01111110 01111110 10000011 01110111 10000110 01111110 01111110 10000100 01110111 10000011 01111110 01111110 01111111 01110111 
01111110 01111110 01111110 10000000 01110111 01111110 01111110 01111110 01111111 01110111 01111110 01111110 10000011 01110111 01110111 01111110 01111110 10000100 01110111 01110111 01111110 01111110 01111111 01110111 01110111 
01111110 01111110 10000000 01110111 01110111 01111110 01111110 01111111 01110111 01110111 01111110 10000011 01110111 01110111 01110111 01111110 10000100 01110111 01110111 01110111 01111110 01111111 01110111 01110111 01110111 
01111110 10000000 01110111 01110111 01110111 01111110 01111111 01110111 01110111 01110111 10000011 01110111 01110111 01110111 01111101 10000100 01110111 01110111 01110111 10001001 01111111 01110111 01110111 01110111 10010100 
10000000 01110111 01110111 01110111 01111100 01111111 01110111 01110111 01110111 10001111 01110111 01110111 01110111 01111101 10010101 01110111 01110111 01110111 10001001 10010011 01110111 01110111 01110111 10010100 10010011 
01110111 01110111 01110111 01111100 10010101 01110111 01110111 01110111 10001111 10010011 01110111 01110111 01111101 10010101 10010011 01110111 01110111 10001001 10010011 10010011 01110111 01110111 10010100 10010011 10010011 
01110111 01110111 01111100 10010101 10010011 01110111 01110111 10001111 10010011 10010011 01110111 01111101 10010101 10010011 10010011 01110111 10001001 10010011 10010011 10010011 01110111 10010100 10010011 10010011 10010011 
01110111 01111100 10010101 10010011 10010011 01110111 10001111 10010011 10010011 10010011 01111101 10010101 10010011 10010011 10010011 10001001 10010011 10010011 10010011 10010011 10010100 10010011 10010011 10010011 10010011 
01111100 10010101 10010011 10010011 10010011 10001111 10010011 10010011 10010011 10010011 10010101 10010011 10010011 10010011 10010011 10010011 10010011 10010011 10010011 10101000 10010011 10010011 10010011 10010011 11100110 
10010101 10010011 10010011 10010011 10010011 10010011 10010011 10010011 10010011 10010100 10010011 10010011 10010011 10010011 11000111 10010011 10010011 10010011 10101000 11111111 10010011 10010011 10010011 11100110 11111111 
10010011 10010011 10010011 10010011 10010100 10010011 10010011 10010011 10010100 11010111 10010011 10010011 10010011 11000111 11111111 10010011 10010011 10101000 11111111 11111111 10010011 10010011 11100110 11111111 11111111 
10010011 10010011 10010011 10010100 11001110 10010011 10010011 10010100 11010111 11111111 10010011 10010011 11000111 11111111 11111111 10010011 10101000 11111111 11111111 11111111 10010011 11100110 11111111 11111111 11111111 
11111111 11111111 11111111 11111111 11111111 11111111 11111111 11111111 11111111 11111111 11111111 11111111 11111111 11111111 11111111 11111111 11111111 11111111 11111111 11111111 11111111 11111111 11111111 11111111 11111111 
11111111 11111111 11111111 11111111 11111111 11111111 11111111 11111111 11111111 11111111 11111111 11111111 11111111 11111111 11111111 11111111 11111111 11111111 11111111 11111111 11111111 11111111 11111111 11111111 11111111 
11111111 11111111 11111111 11111111 11111111 11111111 11111111 11111111 11111111 11111111 11111111 11111111 11111111 11111111 11111111 11111111 11111111 11111111 11111111 11111111 11111111 11111111 11111111 11111111 11111111 
11111111 11111111 11111111 11111111 11111111 11111111 11111111 11111111 11111111 11111111 11111111 11111111 11111111 11111111 11111111 11111111 11111111 11111111 11111111 11111111 11111111 11111111 11111111 11111111 11111100 
11111111 11111111 11111111 11111111 11111111 11111111 11111111 11111111 11111111 11111111 11111111 11111111 11111111 11111111 11111111 11111111 11111111 11111111 11111111 11111111 11111111 11111111 11111111 11111100 10100000 
11111111 11111111 11111111 11111111 11111111 11111111 11111111 11111111 11111111 11111111 11111111 11111111 11111111 11111111 11111111 11111111 11111111 11111111 11111111 11010100 11111111 11111111 11111100 10100000 01100100 
11111111 11111111 11111111 11111111 11111111 11111111 11111111 11111111 11111111 11111111 11111111 11111111 11111111 11111111 11111111 11111111 11111111 11111111 11010100 10001001 11111111 11111100 10100000 01100100 01100100 
11111111 11111111 11111111 11111111 11111111 11111111 11111111 11111111 11111111 11111111 11111111 11111111 11111111 11111111 11110001 11111111 11111111 11010100 10001001 01100100 11111100 10100000 01100100 01100100 01100100 
11111111 11111111 11111111 11111111 11111111 11111111 11111111 11111111 11111111 11111111 11111111 11111111 11111111 11110001 11001101 11111111 11010100 10001001 01100100 01100100 10100000 01100100 01100100 01100100 01100100 
11111111 11111111 11111111 11111111 11111111 11111111 11111111 11111111 11111111 11111111 11111111 11111111 11110001 11001101 11000000 11010100 10001001 01100100 01100100 01100100 01100100 01100100 01100100 01100100 01100100 
11111111 11111111 11111111 11111111 11111111 11111111 11111111 11111111 11111111 11111111 11111111 11110001 11001101 11000000 10110100 10001001 01100100 01100100 01100100 01100100 01100100 01100100 01100100 01100100 01100100 
11111111 11111111 11111111 11111111 11111111 11111111 11111111 11111111 11111111 11111111 11110001 11001101 11000000 10110100 10101101 01100100 01100100 01100100 01100100 01100100 01100100 01100100 01100100 01100100 01100100 
11111111 11111111 11111111 11111111 11111111 11111111 11111111 11111111 11111111 11111111 11001101 11000000 10110100 10101101 10101000 01100100 01100100 01100100 01100100 01100100 01100100 01100100 01100100 01100100 01100100 
11111111 11111111 11111111 11111111 11111111 11111111 11111111 11111111 11111111 11111111 11000000 10110100 10101101 10101000 10011001 01100100 01100100 01100100 01100100 01100100 01100100 01100100 01100100 01100100 01100100 
11111111 11111111 11111111 11111111 11111111 11111111 11111111 11111111 11111111 11111111 10110100 10101101 10101000 10011001 10000111 01100100 01100100 01100100 01100100 01100100 01100100 01100100 01100100 01100100 01100100 
11111111 11111111 11111111 11111111 11111111 11111111 11111111 11111111 11111111 11111111 10101101 10101000 10011001 10000111 01101110 01100100 01100100 01100100 01100100 01100100 01100100 01100100 01100100 01100100 01100100 
11111111 11111111 11111111 11111111 11111111 11111111 11111111 11111111 11111111 11010110 10101000 10011001 10000111 01101110 01100100 01100100 01100100 01100100 01100100 01100100 01100100 01100100 01100100 01100100 01100100 
11111111 11111111 11111111 11111111 11110101 11111111 11111111 11111111 11010110 01111110 10011001 10000111 01101110 01100100 01100100 01100100 01100100 01100100 01100100 01100100 01100100 01100100 01100100 01100100 01100100 
11111111 11111111 11111111 11110101 01111100 11111111 11111111 11010110 01111110 01100100 10000111 01101110 01100100 01100100 01100100 01100100 01100100 01100100 01100100 01100100 01100100 01100100 01100100 01100100 01100100 
11111111 11111111 11110101 01111100 01100100 11111111 11010110 01111110 01100100 01100100 01101110 01100100 01100100 01100100 01100100 01100100 01100100 01100100 01100100 01100100 01100100 01100100 01100100 01100100 01110100 
11111111 11110101 01111100 01100100 01100100 11010110 01111110 01100100 01100100 01100100 01100100 01100100 01100100 01100100 01100100 01100100 01100100 01100100 01100100 01100100 01100100 01100100 01100100 01110100 10001001 
11110101 01111100 01100100 01100100 01100100 01111110 01100100 01100100 01100100 01100100 01100100 01100100 01100100 01100100 01100100 01100100 01100100 01100100 01100100 10000011 01100100 01100100 01110100 10001001 10010111 
01111100 01100100 01100100 01100100 01110011 01100100 01100100 01100100 01100100 01111111 01100100 01100100 01100100 01100100 10010011 01100100 01100100 01100100 10000011 10010111 01100100 01110100 10001001 10010111 10010111 
01100100 01100100 01100100 01110011 10010111 01100100 01100100 01100100 01111111 10010111 01100100 01100100 01100100 10010011 10010111 01100100 01100100 10000011 10010111 10010111 01110100 10001001 10010111 10010111 10010111 
01100100 01100100 01110011 10010111 10010111 01100100 01100100 01111111 10010111 10010111 01100100 01100100 10010011 10010111 10010111 01100100 10000011 10010111 10010111 10010111 10001001 10010111 10010111 10010111 10010111 
01100100 01110011 10010111 10010111 10100001 01100100 01111111 10010111 10010111 10100110 01100100 10010011 10010111 10010111 10101010 10000011 10010111 10010111 10010111 10110000 10010111 10010111 10010111 10010111 10111110 
01110011 10010111 10010111 10100001 11001100 01111111 10010111 10010111 10100110 11001100 10010011 10010111 10010111 10101010 11001100 10010111 10010111 10010111 10110000 11001100 10010111 10010111 10010111 10111110 11001100 
10010111 10010111 10100001 11001100 11001100 10010111 10010111 10100110 11001100 11001100 10010111 10010111 10101010 11001100 11001100 10010111 10010111 10110000 11001100 11001100 10010111 10010111 10111110 11001100 11001100 
10010111 10100001 11001100 11001100 11001100 10010111 10100110 11001100 11001100 11001100 10010111 10101010 11001100 11001100 11001100 10010111 10110000 11001100 11001100 11001100 10010111 10111110 11001100 11001100 11001100 
10100001 11001100 11001100 11001100 10001101 10100110 11001100 11001100 11001100 10001000 10101010 11001100 11001100 11001100 10000110 10110000 11001100 11001100 11001100 10000011 10111110 11001100 11001100 11001100 01111111 
11001100 11001100 11001100 10001101 01111110 11001100 11001100 11001100 10001000 01111110 11001100 11001100 11001100 10000110 01111110 11001100 11001100 11001100 10000011 01111110 11001100 11001100 11001100 01111111 01111110 
11001100 11001100 10001101 01111110 01111110 11001100 11001100 10001000 01111110 01111110 11001100 11001100 10000110 01111110 01111110 11001100 11001100 10000011 01111110 01111110 11001100 11001100 01111111 01111110 01111110 
11001100 10001101 01111110 01111110 01111110 11001100 10001000 01111110 01111110 10000011 11001100 10000110 01111110 01111110 10000100 11001100 10000011 01111110 01111110 01111111 11001100 01111111 01111110 01111110 01111010 
10001101 01111110 01111110 01111110 01111111 10001000 01111110 01111110 10000011 01110111 10000110 01111110 01111110 10000100 01110111 10000011 01111110 01111110 01111111 01110111 01111111 01111110 01111110 01111010 01110111 
01111110 01111110 01111110 01111111 01110111 01111110 01111110 10000011 01110111 01110111 01111110 01111110 10000100 01110111 01110111 01111110 01111110 01111111 01110111 01110111 01111110 01111110 01111010 01110111 01110111 
01111110 01111110 01111111 01110111 01110111 01111110 10000011 01110111 01110111 01110111 01111110 10000100 01110111 01110111 01110111 01111110 01111111 01110111 01110111 01110111 01111110 01111010 01110111 01110111 01110111 
01111110 01111111 01110111 01110111 01110111 10000011 01110111 01110111 01110111 01111101 10000100 01110111 01110111 01110111 10001001 01111111 01110111 01110111 01110111 10010100 01111010 01110111 01110111 01110111 10010101 
01111111 01110111 01110111 01110111 10001111 01110111 01110111 01110111 01111101 10010101 01110111 01110111 01110111 10001001 10010011 01110111 01110111 01110111 10010100 10010011 01110111 01110111 01110111 10010101 10010011 
01110111 01110111 01110111 10001111 10010011 01110111 01110111 01111101 10010101 10010011 01110111 01110111 10001001 10010011 10010011 01110111 01110111 10010100 10010011 10010011 01110111 01110111 10010101 10010011 10010011 
01110111 01110111 10001111 10010011 10010011 01110111 01111101 10010101 10010011 10010011 01110111 10001001 10010011 10010011 10010011 01110111 10010100 10010011 10010011 10010011 01110111 10010101 10010011 10010011 10010011 
01110111 10001111 10010011 10010011 10010011 01111101 10010101 10010011 10010011 10010011 10001001 10010011 10010011 10010011 10010011 10010100 10010011 10010011 10010011 10010011 10010101 10010011 10010011 10010011 10100101 
10001111 10010011 10010011 10010011 10010011 10010101 10010011 10010011 10010011 10010011 10010011 10010011 10010011 10010011 10101000 10010011 10010011 10010011 10010011 11100110 10010011 10010011 10010011 10100101 11111111 
10010011 10010011 10010011 10010011 10010100 10010011 10010011 10010011 10010011 11000111 10010011 10010011 10010011 10101000 11111111 10010011 10010011 10010011 11100110 11111111 10010011 10010011 10100101 11111111 11111111 
10010011 10010011 10010011 10010100 11010111 10010011 10010011 10010011 11000111 11111111 10010011 10010011 10101000 11111111 11111111 10010011 10010011 11100110 11111111 11111111 10010011 10100101 11111111 11111111 11111111 
10010011 10010011 10010100 11010111 11111111 10010011 10010011 11000111 11111111 11111111 10010011 10101000 11111111 11111111 11111111 10010011 11100110 11111111 11111111 11111111 10100101 11111111 11111111 11111111 11111111 
11111111 11111111 11111111 11111111 11111111 11111111 11111111 11111111 11111111 11111111 11111111 11111111 11111111 11111111 11111111 11111111 11111111 11111111 11111111 11111111 11111111 11111111 11111111 11111111 11111111 
11111111 11111111 11111111 11111111 11111111 11111111 11111111 11111111 11111111 11111111 11111111 11111111 11111111 11111111 11111111 11111111 11111111 11111111 11111111 11111111 11111111 11111111 11111111 11111111 11111111 
11111111 11111111 11111111 11111111 11111111 11111111 11111111 11111111 11111111 11111111 11111111 11111111 11111111 11111111 11111111 11111111 11111111 11111111 11111111 11111111 11111111 11111111 11111111 11111111 11111111 
11111111 11111111 11111111 11111111 11111111 11111111 11111111 11111111 11111111 11111111 11111111 11111111 11111111 11111111 11111111 11111111 11111111 11111111 11111111 11111100 11111111 11111111 11111111 11111111 10010011 
11111111 11111111 11111111 11111111 11111111 11111111 11111111 11111111 11111111 11111111 11111111 11111111 11111111 11111111 11111111 11111111 11111111 11111111 11111100 10100000 11111111 11111111 11111111 10010011 01100100 
11111111 11111111 11111111 11111111 11111111 11111111 11111111 11111111 11111111 11111111 11111111 11111111 11111111 11111111 11010100 11111111 11111111 11111100 10100000 01100100 11111111 11111111 10010011 01100100 01100100 
11111111 11111111 11111111 11111111 11111111 11111111 11111111 11111111 11111111 11111111 11111111 11111111 11111111 11010100 10001001 11111111 11111100 10100000 01100100 01100100 11111111 10010011 01100100 01100100 01100100 
11111111 11111111 11111111 11111111 11111111 11111111 11111111 11111111 11111111 11110001 11111111 11111111 11010100 10001001 01100100 11111100 10100000 01100100 01100100 01100100 10010011 01100100 01100100 01100100 01100100 
11111111 11111111 11111111 11111111 11111111 11111111 11111111 11111111 11110001 11001101 11111111 11010100 10001001 01100100 01100100 10100000 01100100 01100100 01100100 01100100 01100100 01100100 01100100 01100100 01100100 
11111111 11111111 11111111 11111111 11111111 11111111 11111111 11110001 11001101 11000000 11010100 10001001 01100100 01100100 01100100 01100100 01100100 01100100 01100100 01100100 01100100 01100100 01100100 01100100 01100100 
11111111 11111111 11111111 11111111 11111111 11111111 11110001 11001101 11000000 10110100 10001001 01100100 01100100 01100100 01100100 01100100 01100100 01100100 01100100 01100100 01100100 01100100 01100100 01100100 01101011 
11111111 11111111 11111111 11111111 11111111 11110001 11001101 11000000 10110100 10101101 01100100 01100100 01100100 01100100 01100100 01100100 01100100 01100100 01100100 01100100 01100100 01100100 01100100 01101011 01111110 
11111111 11111111 11111111 11111111 11111111 11001101 11000000 10110100 10101101 10101000 01100100 01100100 01100100 01100100 01100100 01100100 01100100 01100100 01100100 01100100 01100100 01100100 01101011 01111110 01111111 
11111111 11111111 11111111 11111111 11111111 11000000 10110100 10101101 10101000 10011001 01100100 01100100 01100100 01100100 01100100 01100100 01100100 01100100 01100100 01100100 01100100 01101011 01111110 01111111 10000001 
11111111 11111111 11111111 11111111 11111111 10110100 10101101 10101000 10011001 10000111 01100100 01100100 01100100 01100100 01100100 01100100 01100100 01100100 01100100 01100100 01101011 01111110 01111111 10000001 10001100 
11111111 11111111 11111111 11111111 11111111 10101101 10101000 10011001 10000111 01101110 01100100 01100100 01100100 01100100 01100100 01100100 01100100 01100100 01100100 01100100 01111110 01111111 10000001 10001100 10001110 
11111111 11111111 11111111 11111111 11010110 10101000 10011001 10000111 01101110 01100100 01100100 01100100 01100100 01100100 01100100 01100100 01100100 01100100 01100100 01100100 01111111 10000001 10001100 10001110 10010010 
11111111 11111111 11111111 11010110 01111110 10011001 10000111 01101110 01100100 01100100 01100100 01100100 01100100 01100100 01100100 01100100 01100100 01100100 01100100 01100100 10000001 10001100 10001110 10010010 10011000 
11111111 11111111 11010110 01111110 01100100 10000111 01101110 01100100 01100100 01100100 01100100 01100100 01100100 01100100 01100100 01100100 01100100 01100100 01100100 01100100 10001100 10001110 10010010 10011000 10011001 
11111111 11010110 01111110 01100100 01100100 01101110 01100100 01100100 01100100 01100100 01100100 01100100 01100100 01100100 01100100 01100100 01100100 01100100 01100100 01110100 10001110 10010010 10011000 10011001 10010111 
11010110 01111110 01100100 01100100 01100100 01100100 01100100 01100100 01100100 01100100 01100100 01100100 01100100 01100100 01100100 01100100 01100100 01100100 01110100 10001001 10010010 10011000 10011001 10010111 10010111 
01111110 01100100 01100100 01100100 01100100 01100100 01100100 01100100 01100100 01100100 01100100 01100100 01100100 01100100 10000011 01100100 01100100 01110100 10001001 10010111 10011000 10011001 10010111 10010111 10010111 
01100100 01100100 01100100 01100100 01111111 01100100 01100100 01100100 01100100 10010011 01100100 01100100 01100100 10000011 10010111 01100100 01110100 10001001 10010111 10010111 10011001 10010111 10010111 10010111 10010111 
01100100 01100100 01100100 01111111 10010111 01100100 01100100 01100100 10010011 10010111 01100100 01100100 10000011 10010111 10010111 01110100 10001001 10010111 10010111 10010111 10010111 10010111 10010111 10010111 10010111 
01100100 01100100 01111111 10010111 10010111 01100100 01100100 10010011 10010111 10010111 01100100 10000011 10010111 10010111 10010111 10001001 10010111 10010111 10010111 10010111 10010111 10010111 10010111 10010111 10011110 
01100100 01111111 10010111 10010111 10100110 01100100 10010011 10010111 10010111 10101010 10000011 10010111 10010111 10010111 10110000 10010111 10010111 10010111 10010111 10111110 10010111 10010111 10010111 10011110 11001011 
01111111 10010111 10010111 10100110 11001100 10010011 10010111 10010111 10101010 11001100 10010111 10010111 10010111 10110000 11001100 10010111 10010111 10010111 10111110 11001100 10010111 10010111 10011110 11001011 11001100 
10010111 10010111 10100110 11001100 11001100 10010111 10010111 10101010 11001100 11001100 10010111 10010111 10110000 11001100 11001100 10010111 10010111 10111110 11001100 11001100 10010111 10011110 11001011 11001100 11001100 
10010111 10100110 11001100 11001100 11001100 10010111 10101010 11001100 11001100 11001100 10010111 10110000 11001100 11001100 11001100 10010111 10111110 11001100 11001100 11001100 10011110 11001011 11001100 11001100 11000001 
10100110 11001100 11001100 11001100 10001000 10101010 11001100 11001100 11001100 10000110 10110000 11001100 11001100 11001100 10000011 10111110 11001100 11001100 11001100 01111111 11001011 11001100 11001100 11000001 01111110 
11001100 11001100 11001100 10001000 01111110 11001100 11001100 11001100 10000110 01111110 11001100 11001100 11001100 10000011 01111110 11001100 11001100 11001100 01111111 01111110 11001100 11001100 11000001 01111110 01111110 
11001100 11001100 10001000 01111110 01111110 11001100 11001100 10000110 01111110 01111110 11001100 11001100 10000011 01111110 01111110 11001100 11001100 01111111 01111110 01111110 11001100 11000001 01111110 01111110 01111110 
11001100 10001000 01111110 01111110 10000011 11001100 10000110 01111110 01111110 10000100 11001100 10000011 01111110 01111110 01111111 11001100 01111111 01111110 01111110 01111010 11000001 01111110 01111110 01111110 01111100 
10001000 01111110 01111110 10000011 01110111 10000110 01111110 01111110 10000100 01110111 10000011 01111110 01111110 01111111 01110111 01111111 01111110 01111110 01111010 01110111 01111110 01111110 01111110 01111100 01110111 
01111110 01111110 10000011 01110111 01110111 01111110 01111110 10000100 01110111 01110111 01111110 01111110 01111111 01110111 01110111 01111110 01111110 01111010 01110111 01110111 01111110 01111110 01111100 01110111 01110111 
01111110 10000011 01110111 01110111 01110111 01111110 10000100 01110111 01110111 01110111 01111110 01111111 01110111 01110111 01110111 01111110 01111010 01110111 01110111 01110111 01111110 01111100 01110111 01110111 01111001 
10000011 01110111 01110111 01110111 01111101 10000100 01110111 01110111 01110111 10001001 01111111 01110111 01110111 01110111 10010100 01111010 01110111 01110111 01110111 10010101 01111100 01110111 01110111 01111001 10010011 
01110111 01110111 01110111 01111101 10010101 01110111 01110111 01110111 10001001 10010011 01110111 01110111 01110111 10010100 10010011 01110111 01110111 01110111 10010101 10010011 01110111 01110111 01111001 10010011 10010011 
01110111 01110111 01111101 10010101 10010011 01110111 01110111 10001001 10010011 10010011 01110111 01110111 10010100 10010011 10010011 01110111 01110111 10010101 10010011 10010011 01110111 01111001 10010011 10010011 10010011 
01110111 01111101 10010101 10010011 10010011 01110111 10001001 10010011 10010011 10010011 01110111 10010100 10010011 10010011 10010011 01110111 10010101 10010011 10010011 10010011 01111001 10010011 10010011 10010011 10010011 
01111101 10010101 10010011 10010011 10010011 10001001 10010011 10010011 10010011 10010011 10010100 10010011 10010011 10010011 10010011 10010101 10010011 10010011 10010011 10100101 10010011 10010011 10010011 10010011 11001110 
10010101 10010011 10010011 10010011 10010011 10010011 10010011 10010011 10010011 10101000 10010011 10010011 10010011 10010011 11100110 10010011 10010011 10010011 10100101 11111111 10010011 10010011 10010011 11001110 11111111 
10010011 10010011 10010011 10010011 11000111 10010011 10010011 10010011 10101000 11111111 10010011 10010011 10010011 11100110 11111111 10010011 10010011 10100101 11111111 11111111 10010011 10010011 11001110 11111111 11111111 
10010011 10010011 10010011 11000111 11111111 10010011 10010011 10101000 11111111 11111111 10010011 10010011 11100110 11111111 11111111 10010011 10100101 11111111 11111111 11111111 10010011 11001110 11111111 11111111 11111111 
10010011 10010011 11000111 11111111 11111111 10010011 10101000 11111111 11111111 11111111 10010011 11100110 11111111 11111111 11111111 10100101 11111111 11111111 11111111 11111111 11001110 11111111 11111111 11111111 11111111 
11111111 11111111 11111111 11111111 11111111 11111111 11111111 11111111 11111111 11111111 11111111 11111111 11111111 11111111 11111111 11111111 11111111 11111111 11111111 11111111 11111111 11111111 11111111 11111111 11111111 
11111111 11111111 11111111 11111111 11111111 11111111 11111111 11111111 11111111 11111111 11111111 11111111 11111111 11111111 11111111 11111111 11111111 11111111 11111111 11111111 11111111 11111111 11111111 11111111 11111111 
11111111 11111111 11111111 11111111 11111111 11111111 11111111 11111111 11111111 11111111 11111111 11111111 11111111 11111111 11111111 11111111 11111111 11111111 11111111 11111111 11111111 11111111 11111111 11111111 10110100 
11111111 11111111 11111111 11111111 11111111 11111111 11111111 11111111 11111111 11111111 11111111 11111111 11111111 11111111 11111100 11111111 11111111 11111111 11111111 10010011 11111111 11111111 11111111 10110100 01100100 
11111111 11111111 11111111 11111111 11111111 11111111 11111111 11111111 11111111 11111111 11111111 11111111 11111111 11111100 10100000 11111111 11111111 11111111 10010011 01100100 11111111 11111111 10110100 01100100 01100100 
11111111 11111111 11111111 11111111 11111111 11111111 11111111 11111111 11111111 11010100 11111111 11111111 11111100 10100000 01100100 11111111 11111111 10010011 01100100 01100100 11111111 10110100 01100100 01100100 01100100 
11111111 11111111 11111111 11111111 11111111 11111111 11111111 11111111 11010100 10001001 11111111 11111100 10100000 01100100 01100100 11111111 10010011 01100100 01100100 01100100 10110100 01100100 01100100 01100100 01100100 
11111111 11111111 11111111 11111111 11110001 11111111 11111111 11010100 10001001 01100100 11111100 10100000 01100100 01100100 01100100 10010011 01100100 01100100 01100100 01100100 01100100 01100100 01100100 01100100 01100100 
11111111 11111111 11111111 11110001 11001101 11111111 11010100 10001001 01100100 01100100 10100000 01100100 01100100 01100100 01100100 01100100 01100100 01100100 01100100 01100100 01100100 01100100 01100100 01100100 01101110 
11111111 11111111 11110001 11001101 11000000 11010100 10001001 01100100 01100100 01100100 01100100 01100100 01100100 01100100 01100100 01100100 01100100 01100100 01100100 01100100 01100100 01100100 01100100 01101110 10001010 
11111111 11110001 11001101 11000000 10110100 10001001 01100100 01100100 01100100 01100100 01100100 01100100 01100100 01100100 01100100 01100100 01100100 01100100 01100100 01101011 01100100 01100100 01101110 10001010 10011000 
11110001 11001101 11000000 10110100 10101101 01100100 01100100 01100100 01100100 01100100 01100100 01100100 01100100 01100100 01100100 01100100 01100100 01100100 01101011 01111110 01100100 01101110 10001010 10011000 10010111 
11001101 11000000 10110100 10101101 10101000 01100100 01100100 01100100 01100100 01100100 01100100 01100100 01100100 01100100 01100100 01100100 01100100 01101011 01111110 01111111 01101110 10001010 10011000 10010111 10010111 
11000000 10110100 10101101 10101000 10011001 01100100 01100100 01100100 01100100 01100100 01100100 01100100 01100100 01100100 01100100 01100100 01101011 01111110 01111111 10000001 10001010 10011000 10010111 10010111 10010111 
10110100 10101101 10101000 10011001 10000111 01100100 01100100 01100100 01100100 01100100 01100100 01100100 01100100 01100100 01100100 01101011 01111110 01111111 10000001 10001100 10011000 10010111 10010111 10010111 10010111 
10101101 10101000 10011001 10000111 01101110 01100100 01100100 01100100 01100100 01100100 01100100 01100100 01100100 01100100 01100100 01111110 01111111 10000001 10001100 10001110 10010111 10010111 10010111 10010111 10010111 
10101000 10011001 10000111 01101110 01100100 01100100 01100100 01100100 01100100 01100100 01100100 01100100 01100100 01100100 01100100 01111111 10000001 10001100 10001110 10010010 10010111 10010111 10010111 10010111 10010111 
10011001 10000111 01101110 01100100 01100100 01100100 01100100 01100100 01100100 01100100 01100100 01100100 01100100 01100100 01100100 10000001 10001100 10001110 10010010 10011000 10010111 10010111 10010111 10010111 10010111 
10000111 01101110 01100100 01100100 01100100 01100100 01100100 01100100 01100100 01100100 01100100 01100100 01100100 01100100 01100100 10001100 10001110 10010010 10011000 10011001 10010111 10010111 10010111 10010111 10010111 
01101110 01100100 01100100 01100100 01100100 01100100 01100100 01100100 01100100 01100100 01100100 01100100 01100100 01100100 01110100 10001110 10010010 10011000 10011001 10010111 10010111 10010111 10010111 10010111 10010111 
01100100 01100100 01100100 01100100 01100100 01100100 01100100 01100100 01100100 01100100 01100100 01100100 01100100 01110100 10001001 10010010 10011000 10011001 10010111 10010111 10010111 10010111 10010111 10010111 10010111 
01100100 01100100 01100100 01100100 01100100 01100100 01100100 01100100 01100100 10000011 01100100 01100100 01110100 10001001 10010111 10011000 10011001 10010111 10010111 10010111 10010111 10010111 10010111 10010111 10010111 
01100100 01100100 01100100 01100100 10010011 01100100 01100100 01100100 10000011 10010111 01100100 01110100 10001001 10010111 10010111 10011001 10010111 10010111 10010111 10010111 10010111 10010111 10010111 10010111 10010111 
01100100 01100100 01100100 10010011 10010111 01100100 01100100 10000011 10010111 10010111 01110100 10001001 10010111 10010111 10010111 10010111 10010111 10010111 10010111 10010111 10010111 10010111 10010111 10010111 10011010 
01100100 01100100 10010011 10010111 10010111 01100100 10000011 10010111 10010111 10010111 10001001 10010111 10010111 10010111 10010111 10010111 10010111 10010111 10010111 10011110 10010111 10010111 10010111 10011010 11000001 
01100100 10010011 10010111 10010111 10101010 10000011 10010111 10010111 10010111 10110000 10010111 10010111 10010111 10010111 10111110 10010111 10010111 10010111 10011110 11001011 10010111 10010111 10011010 11000001 11001100 
10010011 10010111 10010111 10101010 11001100 10010111 10010111 10010111 10110000 11001100 10010111 10010111 10010111 10111110 11001100 10010111 10010111 10011110 11001011 11001100 10010111 10011010 11000001 11001100 11001100 
10010111 10010111 10101010 11001100 11001100 10010111 10010111 10110000 11001100 11001100 10010111 10010111 10111110 11001100 11001100 10010111 10011110 11001011 11001100 11001100 10011010 11000001 11001100 11001100 11001100 
10010111 10101010 11001100 11001100 11001100 10010111 10110000 11001100 11001100 11001100 10010111 10111110 11001100 11001100 11001100 10011110 11001011 11001100 11001100 11000001 11000001 11001100 11001100 11001100 10110000 
10101010 11001100 11001100 11001100 10000110 10110000 11001100 11001100 11001100 10000011 10111110 11001100 11001100 11001100 01111111 11001011 11001100 11001100 11000001 01111110 11001100 11001100 11001100 10110000 01111110 
11001100 11001100 11001100 10000110 01111110 11001100 11001100 11001100 10000011 01111110 11001100 11001100 11001100 01111111 01111110 11001100 11001100 11000001 01111110 01111110 11001100 11001100 10110000 01111110 01111110 
11001100 11001100 10000110 01111110 01111110 11001100 11001100 10000011 01111110 01111110 11001100 11001100 01111111 01111110 01111110 11001100 11000001 01111110 01111110 01111110 11001100 10110000 01111110 01111110 01111110 
11001100 10000110 01111110 01111110 10000100 11001100 10000011 01111110 01111110 01111111 11001100 01111111 01111110 01111110 01111010 11000001 01111110 01111110 01111110 01111100 10110000 01111110 01111110 01111110 01111110 
10000110 01111110 01111110 10000100 01110111 10000011 01111110 01111110 01111111 01110111 01111111 01111110 01111110 01111010 01110111 01111110 01111110 01111110 01111100 01110111 01111110 01111110 01111110 01111110 01110111 
01111110 01111110 10000100 01110111 01110111 01111110 01111110 01111111 01110111 01110111 01111110 01111110 01111010 01110111 01110111 01111110 01111110 01111100 01110111 01110111 01111110 01111110 01111110 01110111 01110111 
01111110 10000100 01110111 01110111 01110111 01111110 01111111 01110111 01110111 01110111 01111110 01111010 01110111 01110111 01110111 01111110 01111100 01110111 01110111 01111001 01111110 01111110 01110111 01110111 10000010 
10000100 01110111 01110111 01110111 10001001 01111111 01110111 01110111 01110111 10010100 01111010 01110111 01110111 01110111 10010101 01111100 01110111 01110111 01111001 10010011 01111110 01110111 01110111 10000010 10010011 
01110111 01110111 01110111 10001001 10010011 01110111 01110111 01110111 10010100 10010011 01110111 01110111 01110111 10010101 10010011 01110111 01110111 01111001 10010011 10010011 01110111 01110111 10000010 10010011 10010011 
01110111 01110111 10001001 10010011 10010011 01110111 01110111 10010100 10010011 10010011 01110111 01110111 10010101 10010011 10010011 01110111 01111001 10010011 10010011 10010011 01110111 10000010 10010011 10010011 10010011 
01110111 10001001 10010011 10010011 10010011 01110111 10010100 10010011 10010011 10010011 01110111 10010101 10010011 10010011 10010011 01111001 10010011 10010011 10010011 10010011 10000010 10010011 10010011 10010011 10010011 
10001001 10010011 10010011 10010011 10010011 10010100 10010011 10010011 10010011 10010011 10010101 10010011 10010011 10010011 10100101 10010011 10010011 10010011 10010011 11001110 10010011 10010011 10010011 10010011 11100101 
10010011 10010011 10010011 10010011 10101000 10010011 10010011 10010011 10010011 11100110 10010011 10010011 10010011 10100101 11111111 10010011 10010011 10010011 11001110 11111111 10010011 10010011 10010011 11100101 11111111 
10010011 10010011 10010011 10101000 11111111 10010011 10010011 10010011 11100110 11111111 10010011 10010011 10100101 11111111 11111111 10010011 10010011 11001110 11111111 11111111 10010011 10010011 11100101 11111111 11111111 
10010011 10010011 10101000 11111111 11111111 10010011 10010011 11100110 11111111 11111111 10010011 10100101 11111111 11111111 11111111 10010011 11001110 11111111 11111111 11111111 10010011 11100101 11111111 11111111 11111111 
10010011 10101000 11111111 11111111 11111111 10010011 11100110 11111111 11111111 11111111 10100101 11111111 11111111 11111111 11111111 11001110 11111111 11111111 11111111 11111111 11100101 11111111 11111111 11111111 11111111 
11111111 11111111 11111111 11111111 11111111 11111111 11111111 11111111 11111111 11111111 11111111 11111111 11111111 11111111 11111111 11111111 11111111 11111111 11111111 11111111 11111111 11111111 11111111 11111111 11111111 
11111111 11111111 11111111 11111111 11111111 11111111 11111111 11111111 11111111 11111111 11111111 11111111 11111111 11111111 11111111 11111111 11111111 11111111 11111111 11111111 11111111 11111111 11111111 11111111 11110001 
11111111 11111111 11111111 11111111 11111111 11111111 11111111 11111111 11111111 11111111 11111111 11111111 11111111 11111111 11111111 11111111 11111111 11111111 11111111 10110100 11111111 11111111 11111111 11110001 01101000 
11111111 11111111 11111111 11111111 11111111 11111111 11111111 11111111 11111111 11111100 11111111 11111111 11111111 11111111 10010011 11111111 11111111 11111111 10110100 01100100 11111111 11111111 11110001 01101000 01100100 
11111111 11111111 11111111 11111111 11111111 11111111 11111111 11111111 11111100 10100000 11111111 11111111 11111111 10010011 01100100 11111111 11111111 10110100 01100100 01100100 11111111 11110001 01101000 01100100 01100100 
11111111 11111111 11111111 11111111 11010100 11111111 11111111 11111100 10100000 01100100 11111111 11111111 10010011 01100100 01100100 11111111 10110100 01100100 01100100 01100100 11110001 01101000 01100100 01100100 01100100 
11111111 11111111 11111111 11010100 10001001 11111111 11111100 10100000 01100100 01100100 11111111 10010011 01100100 01100100 01100100 10110100 01100100 01100100 01100100 01100100 01101000 01100100 01100100 01100100 01100100 
11111111 11111111 11010100 10001001 01100100 11111100 10100000 01100100 01100100 01100100 10010011 01100100 01100100 01100100 01100100 01100100 01100100 01100100 01100100 01100100 01100100 01100100 01100100 01100100 01110110 
11111111 11010100 10001001 01100100 01100100 10100000 01100100 01100100 01100100 01100100 01100100 01100100 01100100 01100100 01100100 01100100 01100100 01100100 01100100 01101110 01100100 01100100 01100100 01110110 10011000 
11010100 10001001 01100100 01100100 01100100 01100100 01100100 01100100 01100100 01100100 01100100 01100100 01100100 01100100 01100100 01100100 01100100 01100100 01101110 10001010 01100100 01100100 01110110 10011000 10010111 
10001001 01100100 01100100 01100100 01100100 01100100 01100100 01100100 01100100 01100100 01100100 01100100 01100100 01100100 01101011 01100100 01100100 01101110 10001010 10011000 01100100 01110110 10011000 10010111 10010111 
01100100 01100100 01100100 01100100 01100100 01100100 01100100 01100100 01100100 01100100 01100100 01100100 01100100 01101011 01111110 01100100 01101110 10001010 10011000 10010111 01110110 10011000 10010111 10010111 10010111 
01100100 01100100 01100100 01100100 01100100 01100100 01100100 01100100 01100100 01100100 01100100 01100100 01101011 01111110 01111111 01101110 10001010 10011000 10010111 10010111 10011000 10010111 10010111 10010111 10010111 
01100100 01100100 01100100 01100100 01100100 01100100 01100100 01100100 01100100 01100100 01100100 01101011 01111110 01111111 10000001 10001010 10011000 10010111 10010111 10010111 10010111 10010111 10010111 10010111 10010111 
01100100 01100100 01100100 01100100 01100100 01100100 01100100 01100100 01100100 01100100 01101011 01111110 01111111 10000001 10001100 10011000 10010111 10010111 10010111 10010111 10010111 10010111 10010111 10010111 10010111 
01100100 01100100 01100100 01100100 01100100 01100100 01100100 01100100 01100100 01100100 01111110 01111111 10000001 10001100 10001110 10010111 10010111 10010111 10010111 10010111 10010111 10010111 10010111 10010111 10010111 
01100100 01100100 01100100 01100100 01100100 01100100 01100100 01100100 01100100 01100100 01111111 10000001 10001100 10001110 10010010 10010111 10010111 10010111 10010111 10010111 10010111 10010111 10010111 10010111 10010111 
01100100 01100100 01100100 01100100 01100100 01100100 01100100 01100100 01100100 01100100 10000001 10001100 10001110 10010010 10011000 10010111 10010111 10010111 10010111 10010111 10010111 10010111 10010111 10010111 10010111 
01100100 01100100 01100100 01100100 01100100 01100100 01100100 01100100 01100100 01100100 10001100 10001110 10010010 10011000 10011001 10010111 10010111 10010111 10010111 10010111 10010111 10010111 10010111 10010111 10010111 
01100100 01100100 01100100 01100100 01100100 01100100 01100100 01100100 01100100 01110100 10001110 10010010 10011000 10011001 10010111 10010111 10010111 10010111 10010111 10010111 10010111 10010111 10010111 10010111 10010111 
01100100 01100100 01100100 01100100 01100100 01100100 01100100 01100100 01110100 10001001 10010010 10011000 10011001 10010111 10010111 10010111 10010111 10010111 10010111 10010111 10010111 10010111 10010111 10010111 10010111 
01100100 01100100 01100100 01100100 10000011 01100100 01100100 01110100 10001001 10010111 10011000 10011001 10010111 10010111 10010111 10010111 10010111 10010111 10010111 10010111 10010111 10010111 10010111 10010111 10011110 
01100100 01100100 01100100 10000011 10010111 01100100 01110100 10001001 10010111 10010111 10011001 10010111 10010111 10010111 10010111 10010111 10010111 10010111 10010111 10010111 10010111 10010111 10010111 10011110 10101110 
01100100 01100100 10000011 10010111 10010111 01110100 10001001 10010111 10010111 10010111 10010111 10010111 10010111 10010111 10010111 10010111 10010111 10010111 10010111 10011010 10010111 10010111 10011110 10101110 11000101 
01100100 10000011 10010111 10010111 10010111 10001001 10010111 10010111 10010111 10010111 10010111 10010111 10010111 10010111 10011110 10010111 10010111 10010111 10011010 11000001 10010111 10011110 10101110 11000101 11001100 
10000011 10010111 10010111 10010111 10110000 10010111 10010111 10010111 10010111 10111110 10010111 10010111 10010111 10011110 11001011 10010111 10010111 10011010 11000001 11001100 10011110 10101110 11000101 11001100 11001100 
10010111 10010111 10010111 10110000 11001100 10010111 10010111 10010111 10111110 11001100 10010111 10010111 10011110 11001011 11001100 10010111 10011010 11000001 11001100 11001100 10101110 11000101 11001100 11001100 11001100 
10010111 10010111 10110000 11001100 11001100 10010111 10010111 10111110 11001100 11001100 10010111 10011110 11001011 11001100 11001100 10011010 11000001 11001100 11001100 11001100 11000101 11001100 11001100 11001100 11001100 
10010111 10110000 11001100 11001100 11001100 10010111 10111110 11001100 11001100 11001100 10011110 11001011 11001100 11001100 11000001 11000001 11001100 11001100 11001100 10110000 11001100 11001100 11001100 11001100 10010101 
10110000 11001100 11001100 11001100 10000011 10111110 11001100 11001100 11001100 01111111 11001011 11001100 11001100 11000001 01111110 11001100 11001100 11001100 10110000 01111110 11001100 11001100 11001100 10010101 01111110 
11001100 11001100 11001100 10000011 01111110 11001100 11001100 11001100 01111111 01111110 11001100 11001100 11000001 01111110 01111110 11001100 11001100 10110000 01111110 01111110 11001100 11001100 10010101 01111110 01111110 
11001100 11001100 10000011 01111110 01111110 11001100 11001100 01111111 01111110 01111110 11001100 11000001 01111110 01111110 01111110 11001100 10110000 01111110 01111110 01111110 11001100 10010101 01111110 01111110 01111110 
11001100 10000011 01111110 01111110 01111111 11001100 01111111 01111110 01111110 01111010 11000001 01111110 01111110 01111110 01111100 10110000 01111110 01111110 01111110 01111110 10010101 01111110 01111110 01111110 10000001 
10000011 01111110 01111110 01111111 01110111 01111111 01111110 01111110 01111010 01110111 01111110 01111110 01111110 01111100 01110111 01111110 01111110 01111110 01111110 01110111 01111110 01111110 01111110 10000001 01110111 
01111110 01111110 01111111 01110111 01110111 01111110 01111110 01111010 01110111 01110111 01111110 01111110 01111100 01110111 01110111 01111110 01111110 01111110 01110111 01110111 01111110 01111110 10000001 01110111 01110111 
01111110 01111111 01110111 01110111 01110111 01111110 01111010 01110111 01110111 01110111 01111110 01111100 01110111 01110111 01111001 01111110 01111110 01110111 01110111 10000010 01111110 10000001 01110111 01110111 10000010 
01111111 01110111 01110111 01110111 10010100 01111010 01110111 01110111 01110111 10010101 01111100 01110111 01110111 01111001 10010011 01111110 01110111 01110111 10000010 10010011 10000001 01110111 01110111 10000010 10010011 
01110111 01110111 01110111 10010100 10010011 01110111 01110111 01110111 10010101 10010011 01110111 01110111 01111001 10010011 10010011 01110111 01110111 10000010 10010011 10010011 01110111 01110111 10000010 10010011 10010011 
01110111 01110111 10010100 10010011 10010011 01110111 01110111 10010101 10010011 10010011 01110111 01111001 10010011 10010011 10010011 01110111 10000010 10010011 10010011 10010011 01110111 10000010 10010011 10010011 10010011 
01110111 10010100 10010011 10010011 10010011 01110111 10010101 10010011 10010011 10010011 01111001 10010011 10010011 10010011 10010011 10000010 10010011 10010011 10010011 10010011 10000010 10010011 10010011 10010011 10010011 
10010100 10010011 10010011 10010011 10010011 10010101 10010011 10010011 10010011 10100101 10010011 10010011 10010011 10010011 11001110 10010011 10010011 10010011 10010011 11100101 10010011 10010011 10010011 10010011 11111100 
10010011 10010011 10010011 10010011 11100110 10010011 10010011 10010011 10100101 11111111 10010011 10010011 10010011 11001110 11111111 10010011 10010011 10010011 11100101 11111111 10010011 10010011 10010011 11111100 11111111 
10010011 10010011 10010011 11100110 11111111 10010011 10010011 10100101 11111111 11111111 10010011 10010011 11001110 11111111 11111111 10010011 10010011 11100101 11111111 11111111 10010011 10010011 11111100 11111111 11111111 
10010011 10010011 11100110 11111111 11111111 10010011 10100101 11111111 11111111 11111111 10010011 11001110 11111111 11111111 11111111 10010011 11100101 11111111 11111111 11111111 10010011 11111100 11111111 11111111 11111111 
10010011 11100110 11111111 11111111 11111111 10100101 11111111 11111111 11111111 11111111 11001110 11111111 11111111 11111111 11111111 11100101 11111111 11111111 11111111 11111111 11111100 11111111 11111111 11111111 11111111 
11111111 11111111 11111111 11111111 11111111 11111111 11111111 11111111 11111111 11111111 11111111 11111111 11111111 11111111 11111111 11111111 11111111 11111111 11111111 11111111 11111111 11111111 11111111 11111111 11111111 
11111111 11111111 11111111 11111111 11111111 11111111 11111111 11111111 11111111 11111111 11111111 11111111 11111111 11111111 11111111 11111111 11111111 11111111 11111111 11110001 11111111 11111111 11111111 11111111 10110000 
11111111 11111111 11111111 11111111 11111111 11111111 11111111 11111111 11111111 11111111 11111111 11111111 11111111 11111111 10110100 11111111 11111111 11111111 11110001 01101000 11111111 11111111 11111111 10110000 01100100 
11111111 11111111 11111111 11111111 11111100 11111111 11111111 11111111 11111111 10010011 11111111 11111111 11111111 10110100 01100100 11111111 11111111 11110001 01101000 01100100 11111111 11111111 10110000 01100100 01100100 
11111111 11111111 11111111 11111100 10100000 11111111 11111111 11111111 10010011 01100100 11111111 11111111 10110100 01100100 01100100 11111111 11110001 01101000 01100100 01100100 11111111 10110000 01100100 01100100 01100100 
11111111 11111111 11111100 10100000 01100100 11111111 11111111 10010011 01100100 01100100 11111111 10110100 01100100 01100100 01100100 11110001 01101000 01100100 01100100 01100100 10110000 01100100 01100100 01100100 01100100 
11111111 11111100 10100000 01100100 01100100 11111111 10010011 01100100 01100100 01100100 10110100 01100100 01100100 01100100 01100100 01101000 01100100 01100100 01100100 01100100 01100100 01100100 01100100 01100100 01110011 
11111100 10100000 01100100 01100100 01100100 10010011 01100100 01100100 01100100 01100100 01100100 01100100 01100100 01100100 01100100 01100100 01100100 01100100 01100100 01110110 01100100 01100100 01100100 01110011 10011000 
10100000 01100100 01100100 01100100 01100100 01100100 01100100 01100100 01100100 01100100 01100100 01100100 01100100 01100100 01101110 01100100 01100100 01100100 01110110 10011000 01100100 01100100 01110011 10011000 10010111 
01100100 01100100 01100100 01100100 01100100 01100100 01100100 01100100 01100100 01100100 01100100 01100100 01100100 01101110 10001010 01100100 01100100 01110110 10011000 10010111 01100100 01110011 10011000 10010111 10010111 
01100100 01100100 01100100 01100100 01100100 01100100 01100100 01100100 01100100 01101011 01100100 01100100 01101110 10001010 10011000 01100100 01110110 10011000 10010111 10010111 01110011 10011000 10010111 10010111 10010111 
01100100 01100100 01100100 01100100 01100100 01100100 01100100 01100100 01101011 01111110 01100100 01101110 10001010 10011000 10010111 01110110 10011000 10010111 10010111 10010111 10011000 10010111 10010111 10010111 10010111 
01100100 01100100 01100100 01100100 01100100 01100100 01100100 01101011 01111110 01111111 01101110 10001010 10011000 10010111 10010111 10011000 10010111 10010111 10010111 10010111 10010111 10010111 10010111 10010111 10010111 
01100100 01100100 01100100 01100100 01100100 01100100 01101011 01111110 01111111 10000001 10001010 10011000 10010111 10010111 10010111 10010111 10010111 10010111 10010111 10010111 10010111 10010111 10010111 10010111 10101000 
01100100 01100100 01100100 01100100 01100100 01101011 01111110 01111111 10000001 10001100 10011000 10010111 10010111 10010111 10010111 10010111 10010111 10010111 10010111 10010111 10010111 10010111 10010111 10101000 10110010 
01100100 01100100 01100100 01100100 01100100 01111110 01111111 10000001 10001100 10001110 10010111 10010111 10010111 10010111 10010111 10010111 10010111 10010111 10010111 10010111 10010111 10010111 10101000 10110010 10111010 
01100100 01100100 01100100 01100100 01100100 01111111 10000001 10001100 10001110 10010010 10010111 10010111 10010111 10010111 10010111 10010111 10010111 10010111 10010111 10010111 10010111 10101000 10110010 10111010 11000001 
01100100 01100100 01100100 01100100 01100100 10000001 10001100 10001110 10010010 10011000 10010111 10010111 10010111 10010111 10010111 10010111 10010111 10010111 10010111 10010111 10101000 10110010 10111010 11000001 11000101 
01100100 01100100 01100100 01100100 01100100 10001100 10001110 10010010 10011000 10011001 10010111 10010111 10010111 10010111 10010111 10010111 10010111 10010111 10010111 10010111 10110010 10111010 11000001 11000101 11000101 
01100100 01100100 01100100 01100100 01110100 10001110 10010010 10011000 10011001 10010111 10010111 10010111 10010111 10010111 10010111 10010111 10010111 10010111 10010111 10010111 10111010 11000001 11000101 11000101 11001001 
01100100 01100100 01100100 01110100 10001001 10010010 10011000 10011001 10010111 10010111 10010111 10010111 10010111 10010111 10010111 10010111 10010111 10010111 10010111 10010111 11000001 11000101 11000101 11001001 11001011 
01100100 01100100 01110100 10001001 10010111 10011000 10011001 10010111 10010111 10010111 10010111 10010111 10010111 10010111 10010111 10010111 10010111 10010111 10010111 10011110 11000101 11000101 11001001 11001011 11001100 
01100100 01110100 10001001 10010111 10010111 10011001 10010111 10010111 10010111 10010111 10010111 10010111 10010111 10010111 10010111 10010111 10010111 10010111 10011110 10101110 11000101 11001001 11001011 11001100 11001100 
01110100 10001001 10010111 10010111 10010111 10010111 10010111 10010111 10010111 10010111 10010111 10010111 10010111 10010111 10011010 10010111 10010111 10011110 10101110 11000101 11001001 11001011 11001100 11001100 11001100 
10001001 10010111 10010111 10010111 10010111 10010111 10010111 10010111 10010111 10011110 10010111 10010111 10010111 10011010 11000001 10010111 10011110 10101110 11000101 11001100 11001011 11001100 11001100 11001100 11001100 
10010111 10010111 10010111 10010111 10111110 10010111 10010111 10010111 10011110 11001011 10010111 10010111 10011010 11000001 11001100 10011110 10101110 11000101 11001100 11001100 11001100 11001100 11001100 11001100 11001100 
10010111 10010111 10010111 10111110 11001100 10010111 10010111 10011110 11001011 11001100 10010111 10011010 11000001 11001100 11001100 10101110 11000101 11001100 11001100 11001100 11001100 11001100 11001100 11001100 11001100 
10010111 10010111 10111110 11001100 11001100 10010111 10011110 11001011 11001100 11001100 10011010 11000001 11001100 11001100 11001100 11000101 11001100 11001100 11001100 11001100 11001100 11001100 11001100 11001100 10110011 
10010111 10111110 11001100 11001100 11001100 10011110 11001011 11001100 11001100 11000001 11000001 11001100 11001100 11001100 10110000 11001100 11001100 11001100 11001100 10010101 11001100 11001100 11001100 10110011 01111110 
10111110 11001100 11001100 11001100 01111111 11001011 11001100 11001100 11000001 01111110 11001100 11001100 11001100 10110000 01111110 11001100 11001100 11001100 10010101 01111110 11001100 11001100 10110011 01111110 01111110 
11001100 11001100 11001100 01111111 01111110 11001100 11001100 11000001 01111110 01111110 11001100 11001100 10110000 01111110 01111110 11001100 11001100 10010101 01111110 01111110 11001100 10110011 01111110 01111110 01111110 
11001100 11001100 01111111 01111110 01111110 11001100 11000001 01111110 01111110 01111110 11001100 10110000 01111110 01111110 01111110 11001100 10010101 01111110 01111110 01111110 10110011 01111110 01111110 01111110 01111110 
11001100 01111111 01111110 01111110 01111010 11000001 01111110 01111110 01111110 01111100 10110000 01111110 01111110 01111110 01111110 10010101 01111110 01111110 01111110 10000001 01111110 01111110 01111110 01111110 01111110 
01111111 01111110 01111110 01111010 01110111 01111110 01111110 01111110 01111100 01110111 01111110 01111110 01111110 01111110 01110111 01111110 01111110 01111110 10000001 01110111 01111110 01111110 01111110 01111110 01110111 
01111110 01111110 01111010 01110111 01110111 01111110 01111110 01111100 01110111 01110111 01111110 01111110 01111110 01110111 01110111 01111110 01111110 10000001 01110111 01110111 01111110 01111110 01111110 01110111 01110111 
01111110 01111010 01110111 01110111 01110111 01111110 01111100 01110111 01110111 01111001 01111110 01111110 01110111 01110111 10000010 01111110 10000001 01110111 01110111 10000010 01111110 01111110 01110111 01110111 10001000 
01111010 01110111 01110111 01110111 10010101 01111100 01110111 01110111 01111001 10010011 01111110 01110111 01110111 10000010 10010011 10000001 01110111 01110111 10000010 10010011 01111110 01110111 01110111 10001000 10010011 
01110111 01110111 01110111 10010101 10010011 01110111 01110111 01111001 10010011 10010011 01110111 01110111 10000010 10010011 10010011 01110111 01110111 10000010 10010011 10010011 01110111 01110111 10001000 10010011 10010011 
01110111 01110111 10010101 10010011 10010011 01110111 01111001 10010011 10010011 10010011 01110111 10000010 10010011 10010011 10010011 01110111 10000010 10010011 10010011 10010011 01110111 10001000 10010011 10010011 10010011 
01110111 10010101 10010011 10010011 10010011 01111001 10010011 10010011 10010011 10010011 10000010 10010011 10010011 10010011 10010011 10000010 10010011 10010011 10010011 10010011 10001000 10010011 10010011 10010011 10011001 
10010101 10010011 10010011 10010011 10100101 10010011 10010011 10010011 10010011 11001110 10010011 10010011 10010011 10010011 11100101 10010011 10010011 10010011 10010011 11111100 10010011 10010011 10010011 10011001 11111111 
10010011 10010011 10010011 10100101 11111111 10010011 10010011 10010011 11001110 11111111 10010011 10010011 10010011 11100101 11111111 10010011 10010011 10010011 11111100 11111111 10010011 10010011 10011001 11111111 11111111 
10010011 10010011 10100101 11111111 11111111 10010011 10010011 11001110 11111111 11111111 10010011 10010011 11100101 11111111 11111111 10010011 10010011 11111100 11111111 11111111 10010011 10011001 11111111 11111111 11111111 
10010011 10100101 11111111 11111111 11111111 10010011 11001110 11111111 11111111 11111111 10010011 11100101 11111111 11111111 11111111 10010011 11111100 11111111 11111111 11111111 10011001 11111111 11111111 11111111 11111111 
10100101 11111111 11111111 11111111 11111111 11001110 11111111 11111111 11111111 11111111 11100101 11111111 11111111 11111111 11111111 11111100 11111111 11111111 11111111 11111111 11111111 11111111 11111111 11111111 11111111 
11111111 11111111 11111111 11111111 11111111 11111111 11111111 11111111 11111111 11111111 11111111 11111111 11111111 11111111 11111111 11111111 11111111 11111111 11111111 11111111 11111111 11111111 11111111 11111111 11111111 
11111111 11111111 11111111 11111111 11111111 11111111 11111111 11111111 11111111 11111111 11111111 11111111 11111111 11111111 11110001 11111111 11111111 11111111 11111111 10110000 11111111 11111111 11111111 11111111 01111011 
11111111 11111111 11111111 11111111 11111111 11111111 11111111 11111111 11111111 10110100 11111111 11111111 11111111 11110001 01101000 11111111 11111111 11111111 10110000 01100100 11111111 11111111 11111111 01111011 01100100 
11111111 11111111 11111111 11111111 10010011 11111111 11111111 11111111 10110100 01100100 11111111 11111111 11110001 01101000 01100100 11111111 11111111 10110000 01100100 01100100 11111111 11111111 01111011 01100100 01100100 
11111111 11111111 11111111 10010011 01100100 11111111 11111111 10110100 01100100 01100100 11111111 11110001 01101000 01100100 01100100 11111111 10110000 01100100 01100100 01100100 11111111 01111011 01100100 01100100 01100100 
11111111 11111111 10010011 01100100 01100100 11111111 10110100 01100100 01100100 01100100 11110001 01101000 01100100 01100100 01100100 10110000 01100100 01100100 01100100 01100100 01111011 01100100 01100100 01100100 01101000 
11111111 10010011 01100100 01100100 01100100 10110100 01100100 01100100 01100100 01100100 01101000 01100100 01100100 01100100 01100100 01100100 01100100 01100100 01100100 01110011 01100100 01100100 01100100 01101000 10010101 
10010011 01100100 01100100 01100100 01100100 01100100 01100100 01100100 01100100 01100100 01100100 01100100 01100100 01100100 01110110 01100100 01100100 01100100 01110011 10011000 01100100 01100100 01101000 10010101 10010111 
01100100 01100100 01100100 01100100 01100100 01100100 01100100 01100100 01100100 01101110 01100100 01100100 01100100 01110110 10011000 01100100 01100100 01110011 10011000 10010111 01100100 01101000 10010101 10010111 10010111 
01100100 01100100 01100100 01100100 01100100 01100100 01100100 01100100 01101110 10001010 01100100 01100100 01110110 10011000 10010111 01100100 01110011 10011000 10010111 10010111 01101000 10010101 10010111 10010111 10010111 
01100100 01100100 01100100 01100100 01101011 01100100 01100100 01101110 10001010 10011000 01100100 01110110 10011000 10010111 10010111 01110011 10011000 10010111 10010111 10010111 10010101 10010111 10010111 10010111 10010111 
01100100 01100100 01100100 01101011 01111110 01100100 01101110 10001010 10011000 10010111 01110110 10011000 10010111 10010111 10010111 10011000 10010111 10010111 10010111 10010111 10010111 10010111 10010111 10010111 10101010 
01100100 01100100 01101011 01111110 01111111 01101110 10001010 10011000 10010111 10010111 10011000 10010111 10010111 10010111 10010111 10010111 10010111 10010111 10010111 10010111 10010111 10010111 10010111 10101010 11000111 
01100100 01101011 01111110 01111111 10000001 10001010 10011000 10010111 10010111 10010111 10010111 10010111 10010111 10010111 10010111 10010111 10010111 10010111 10010111 10101000 10010111 10010111 10101010 11000111 11001100 
01101011 01111110 01111111 10000001 10001100 10011000 10010111 10010111 10010111 10010111 10010111 10010111 10010111 10010111 10010111 10010111 10010111 10010111 10101000 10110010 10010111 10101010 11000111 11001100 11001100 
01111110 01111111 10000001 10001100 10001110 10010111 10010111 10010111 10010111 10010111 10010111 10010111 10010111 10010111 10010111 10010111 10010111 10101000 10110010 10111010 10101010 11000111 11001100 11001100 11001100 
01111111 10000001 10001100 10001110 10010010 10010111 10010111 10010111 10010111 10010111 10010111 10010111 10010111 10010111 10010111 10010111 10101000 10110010 10111010 11000001 11000111 11001100 11001100 11001100 11001100 
10000001 10001100 10001110 10010010 10011000 10010111 10010111 10010111 10010111 10010111 10010111 10010111 10010111 10010111 10010111 10101000 10110010 10111010 11000001 11000101 11001100 11001100 11001100 11001100 11001100 
10001100 10001110 10010010 10011000 10011001 10010111 10010111 10010111 10010111 10010111 10010111 10010111 10010111 10010111 10010111 10110010 10111010 11000001 11000101 11000101 11001100 11001100 11001100 11001100 11001100 
10001110 10010010 10011000 10011001 10010111 10010111 10010111 10010111 10010111 10010111 10010111 10010111 10010111 10010111 10010111 10111010 11000001 11000101 11000101 11001001 11001100 11001100 11001100 11001100 11001100 
10010010 10011000 10011001 10010111 10010111 10010111 10010111 10010111 10010111 10010111 10010111 10010111 10010111 10010111 10010111 11000001 11000101 11000101 11001001 11001011 11001100 11001100 11001100 11001100 11001100 
10011000 10011001 10010111 10010111 10010111 10010111 10010111 10010111 10010111 10010111 10010111 10010111 10010111 10010111 10011110 11000101 11000101 11001001 11001011 11001100 11001100 11001100 11001100 11001100 11001100 
10011001 10010111 10010111 10010111 10010111 10010111 10010111 10010111 10010111 10010111 10010111 10010111 10010111 10011110 10101110 11000101 11001001 11001011 11001100 11001100 11001100 11001100 11001100 11001100 11001100 
10010111 10010111 10010111 10010111 10010111 10010111 10010111 10010111 10010111 10011010 10010111 10010111 10011110 10101110 11000101 11001001 11001011 11001100 11001100 11001100 11001100 11001100 11001100 11001100 11001100 
10010111 10010111 10010111 10010111 10011110 10010111 10010111 10010111 10011010 11000001 10010111 10011110 10101110 11000101 11001100 11001011 11001100 11001100 11001100 11001100 11001100 11001100 11001100 11001100 11001100 
10010111 10010111 10010111 10011110 11001011 10010111 10010111 10011010 11000001 11001100 10011110 10101110 11000101 11001100 11001100 11001100 11001100 11001100 11001100 11001100 11001100 11001100 11001100 11001100 11000111 
10010111 10010111 10011110 11001011 11001100 10010111 10011010 11000001 11001100 11001100 10101110 11000101 11001100 11001100 11001100 11001100 11001100 11001100 11001100 11001100 11001100 11001100 11001100 11000111 10101001 
10010111 10011110 11001011 11001100 11001100 10011010 11000001 11001100 11001100 11001100 11000101 11001100 11001100 11001100 11001100 11001100 11001100 11001100 11001100 10110011 11001100 11001100 11000111 10101001 01111111 
10011110 11001011 11001100 11001100 11000001 11000001 11001100 11001100 11001100 10110000 11001100 11001100 11001100 11001100 10010101 11001100 11001100 11001100 10110011 01111110 11001100 11000111 10101001 01111111 01111110 
11001011 11001100 11001100 11000001 01111110 11001100 11001100 11001100 10110000 01111110 11001100 11001100 11001100 10010101 01111110 11001100 11001100 10110011 01111110 01111110 11000111 10101001 01111111 01111110 01111110 
11001100 11001100 11000001 01111110 01111110 11001100 11001100 10110000 01111110 01111110 11001100 11001100 10010101 01111110 01111110 11001100 10110011 01111110 01111110 01111110 10101001 01111111 01111110 01111110 01111110 
11001100 11000001 01111110 01111110 01111110 11001100 10110000 01111110 01111110 01111110 11001100 10010101 01111110 01111110 01111110 10110011 01111110 01111110 01111110 01111110 01111111 01111110 01111110 01111110 10000101 
11000001 01111110 01111110 01111110 01111100 10110000 01111110 01111110 01111110 01111110 10010101 01111110 01111110 01111110 10000001 01111110 01111110 01111110 01111110 01111110 01111110 01111110 01111110 10000101 01110111 
01111110 01111110 01111110 01111100 01110111 01111110 01111110 01111110 01111110 01110111 01111110 01111110 01111110 10000001 01110111 01111110 01111110 01111110 01111110 01110111 01111110 01111110 10000101 01110111 01110111 
01111110 01111110 01111100 01110111 01110111 01111110 01111110 01111110 01110111 01110111 01111110 01111110 10000001 01110111 01110111 01111110 01111110 01111110 01110111 01110111 01111110 10000101 01110111 01110111 01110111 
01111110 01111100 01110111 01110111 01111001 01111110 01111110 01110111 01110111 10000010 01111110 10000001 01110111 01110111 10000010 01111110 01111110 01110111 01110111 10001000 10000101 01110111 01110111 01110111 10001001 
01111100 01110111 01110111 01111001 10010011 01111110 01110111 01110111 10000010 10010011 10000001 01110111 01110111 10000010 10010011 01111110 01110111 01110111 10001000 10010011 01110111 01110111 01110111 10001001 10010011 
01110111 01110111 01111001 10010011 10010011 01110111 01110111 10000010 10010011 10010011 01110111 01110111 10000010 10010011 10010011 01110111 01110111 10001000 10010011 10010011 01110111 01110111 10001001 10010011 10010011 
01110111 01111001 10010011 10010011 10010011 01110111 10000010 10010011 10010011 10010011 01110111 10000010 10010011 10010011 10010011 01110111 10001000 10010011 10010011 10010011 01110111 10001001 10010011 10010011 10010011 
01111001 10010011 10010011 10010011 10010011 10000010 10010011 10010011 10010011 10010011 10000010 10010011 10010011 10010011 10010011 10001000 10010011 10010011 10010011 10011001 10001001 10010011 10010011 10010011 10011100 
10010011 10010011 10010011 10010011 11001110 10010011 10010011 10010011 10010011 11100101 10010011 10010011 10010011 10010011 11111100 10010011 10010011 10010011 10011001 11111111 10010011 10010011 10010011 10011100 11111111 
10010011 10010011 10010011 11001110 11111111 10010011 10010011 10010011 11100101 11111111 10010011 10010011 10010011 11111100 11111111 10010011 10010011 10011001 11111111 11111111 10010011 10010011 10011100 11111111 11111111 
10010011 10010011 11001110 11111111 11111111 10010011 10010011 11100101 11111111 11111111 10010011 10010011 11111100 11111111 11111111 10010011 10011001 11111111 11111111 11111111 10010011 10011100 11111111 11111111 11111111 
10010011 11001110 11111111 11111111 11111111 10010011 11100101 11111111 11111111 11111111 10010011 11111100 11111111 11111111 11111111 10011001 11111111 11111111 11111111 11111111 10011100 11111111 11111111 11111111 11111111 
11001110 11111111 11111111 11111111 11111111 11100101 11111111 11111111 11111111 11111111 11111100 11111111 11111111 11111111 11111111 11111111 11111111 11111111 11111111 11111111 11111111 11111111 11111111 11111111 11111111 
11111111 11111111 11111111 11111111 11111111 11111111 11111111 11111111 11111111 11111111 11111111 11111111 11111111 11111111 11111111 11111111 11111111 11111111 11111111 11111111 11111111 11111111 11111111 11111111 11101001 
11111111 11111111 11111111 11111111 11111111 11111111 11111111 11111111 11111111 11110001 11111111 11111111 11111111 11111111 10110000 11111111 11111111 11111111 11111111 01111011 11111111 11111111 11111111 11101001 01100100 
11111111 11111111 11111111 11111111 10110100 11111111 11111111 11111111 11110001 01101000 11111111 11111111 11111111 10110000 01100100 11111111 11111111 11111111 01111011 01100100 11111111 11111111 11101001 01100100 01100100 
11111111 11111111 11111111 10110100 01100100 11111111 11111111 11110001 01101000 01100100 11111111 11111111 10110000 01100100 01100100 11111111 11111111 01111011 01100100 01100100 11111111 11101001 01100100 01100100 01100100 
11111111 11111111 10110100 01100100 01100100 11111111 11110001 01101000 01100100 01100100 11111111 10110000 01100100 01100100 01100100 11111111 01111011 01100100 01100100 01100100 11101001 01100100 01100100 01100100 01100100 
11111111 10110100 01100100 01100100 01100100 11110001 01101000 01100100 01100100 01100100 10110000 01100100 01100100 01100100 01100100 01111011 01100100 01100100 01100100 01101000 01100100 01100100 01100100 01100100 10000011 
10110100 01100100 01100100 01100100 01100100 01101000 01100100 01100100 01100100 01100100 01100100 01100100 01100100 01100100 01110011 01100100 01100100 01100100 01101000 10010101 01100100 01100100 01100100 10000011 10010111 
01100100 01100100 01100100 01100100 01100100 01100100 01100100 01100100 01100100 01110110 01100100 01100100 01100100 01110011 10011000 01100100 01100100 01101000 10010101 10010111 01100100 01100100 10000011 10010111 10010111 
01100100 01100100 01100100 01100100 01101110 01100100 01100100 01100100 01110110 10011000 01100100 01100100 01110011 10011000 10010111 01100100 01101000 10010101 10010111 10010111 01100100 10000011 10010111 10010111 10010111 
01100100 01100100 01100100 01101110 10001010 01100100 01100100 01110110 10011000 10010111 01100100 01110011 10011000 10010111 10010111 01101000 10010101 10010111 10010111 10010111 10000011 10010111 10010111 10010111 10010111 
01100100 01100100 01101110 10001010 10011000 01100100 01110110 10011000 10010111 10010111 01110011 10011000 10010111 10010111 10010111 10010101 10010111 10010111 10010111 10010111 10010111 10010111 10010111 10010111 10111010 
01100100 01101110 10001010 10011000 10010111 01110110 10011000 10010111 10010111 10010111 10011000 10010111 10010111 10010111 10010111 10010111 10010111 10010111 10010111 10101010 10010111 10010111 10010111 10111010 11001100 
01101110 10001010 10011000 10010111 10010111 10011000 10010111 10010111 10010111 10010111 10010111 10010111 10010111 10010111 10010111 10010111 10010111 10010111 10101010 11000111 10010111 10010111 10111010 11001100 11001100 
10001010 10011000 10010111 10010111 10010111 10010111 10010111 10010111 10010111 10010111 10010111 10010111 10010111 10010111 10101000 10010111 10010111 10101010 11000111 11001100 10010111 10111010 11001100 11001100 11001100 
10011000 10010111 10010111 10010111 10010111 10010111 10010111 10010111 10010111 10010111 10010111 10010111 10010111 10101000 10110010 10010111 10101010 11000111 11001100 11001100 10111010 11001100 11001100 11001100 11001100 
10010111 10010111 10010111 10010111 10010111 10010111 10010111 10010111 10010111 10010111 10010111 10010111 10101000 10110010 10111010 10101010 11000111 11001100 11001100 11001100 11001100 11001100 11001100 11001100 11001100 
10010111 10010111 10010111 10010111 10010111 10010111 10010111 10010111 10010111 10010111 10010111 10101000 10110010 10111010 11000001 11000111 11001100 11001100 11001100 11001100 11001100 11001100 11001100 11001100 11001100 
10010111 10010111 10010111 10010111 10010111 10010111 10010111 10010111 10010111 10010111 10101000 10110010 10111010 11000001 11000101 11001100 11001100 11001100 11001100 11001100 11001100 11001100 11001100 11001100 10111101 
10010111 10010111 10010111 10010111 10010111 10010111 10010111 10010111 10010111 10010111 10110010 10111010 11000001 11000101 11000101 11001100 11001100 11001100 11001100 11001100 11001100 11001100 11001100 10111101 10110011 
10010111 10010111 10010111 10010111 10010111 10010111 10010111 10010111 10010111 10010111 10111010 11000001 11000101 11000101 11001001 11001100 11001100 11001100 11001100 11001100 11001100 11001100 10111101 10110011 10101011 
10010111 10010111 10010111 10010111 10010111 10010111 10010111 10010111 10010111 10010111 11000001 11000101 11000101 11001001 11001011 11001100 11001100 11001100 11001100 11001100 11001100 10111101 10110011 10101011 10100110 
10010111 10010111 10010111 10010111 10010111 10010111 10010111 10010111 10010111 10011110 11000101 11000101 11001001 11001011 11001100 11001100 11001100 11001100 11001100 11001100 10111101 10110011 10101011 10100110 10100100 
10010111 10010111 10010111 10010111 10010111 10010111 10010111 10010111 10011110 10101110 11000101 11001001 11001011 11001100 11001100 11001100 11001100 11001100 11001100 11001100 10110011 10101011 10100110 10100100 10011111 
10010111 10010111 10010111 10010111 10011010 10010111 10010111 10011110 10101110 11000101 11001001 11001011 11001100 11001100 11001100 11001100 11001100 11001100 11001100 11001100 10101011 10100110 10100100 10011111 10010111 
10010111 10010111 10010111 10011010 11000001 10010111 10011110 10101110 11000101 11001100 11001011 11001100 11001100 11001100 11001100 11001100 11001100 11001100 11001100 11001100 10100110 10100100 10011111 10010111 10001101 
10010111 10010111 10011010 11000001 11001100 10011110 10101110 11000101 11001100 11001100 11001100 11001100 11001100 11001100 11001100 11001100 11001100 11001100 11001100 11000111 10100100 10011111 10010111 10001101 10000000 
10010111 10011010 11000001 11001100 11001100 10101110 11000101 11001100 11001100 11001100 11001100 11001100 11001100 11001100 11001100 11001100 11001100 11001100 11000111 10101001 10011111 10010111 10001101 10000000 01111110 
10011010 11000001 11001100 11001100 11001100 11000101 11001100 11001100 11001100 11001100 11001100 11001100 11001100 11001100 10110011 11001100 11001100 11000111 10101001 01111111 10010111 10001101 10000000 01111110 01111110 
11000001 11001100 11001100 11001100 10110000 11001100 11001100 11001100 11001100 10010101 11001100 11001100 11001100 10110011 01111110 11001100 11000111 10101001 01111111 01111110 10001101 10000000 01111110 01111110 01111110 
11001100 11001100 11001100 10110000 01111110 11001100 11001100 11001100 10010101 01111110 11001100 11001100 10110011 01111110 01111110 11000111 10101001 01111111 01111110 01111110 10000000 01111110 01111110 01111110 01111110 
11001100 11001100 10110000 01111110 01111110 11001100 11001100 10010101 01111110 01111110 11001100 10110011 01111110 01111110 01111110 10101001 01111111 01111110 01111110 01111110 01111110 01111110 01111110 01111110 01111110 
11001100 10110000 01111110 01111110 01111110 11001100 10010101 01111110 01111110 01111110 10110011 01111110 01111110 01111110 01111110 01111111 01111110 01111110 01111110 10000101 01111110 01111110 01111110 01111110 10000001 
10110000 01111110 01111110 01111110 01111110 10010101 01111110 01111110 01111110 10000001 01111110 01111110 01111110 01111110 01111110 01111110 01111110 01111110 10000101 01110111 01111110 01111110 01111110 10000001 01110111 
01111110 01111110 01111110 01111110 01110111 01111110 01111110 01111110 10000001 01110111 01111110 01111110 01111110 01111110 01110111 01111110 01111110 10000101 01110111 01110111 01111110 01111110 10000001 01110111 01110111 
01111110 01111110 01111110 01110111 01110111 01111110 01111110 10000001 01110111 01110111 01111110 01111110 01111110 01110111 01110111 01111110 10000101 01110111 01110111 01110111 01111110 10000001 01110111 01110111 01110111 
01111110 01111110 01110111 01110111 10000010 01111110 10000001 01110111 01110111 10000010 01111110 01111110 01110111 01110111 10001000 10000101 01110111 01110111 01110111 10001001 10000001 01110111 01110111 01110111 10001001 
01111110 01110111 01110111 10000010 10010011 10000001 01110111 01110111 10000010 10010011 01111110 01110111 01110111 10001000 10010011 01110111 01110111 01110111 10001001 10010011 01110111 01110111 01110111 10001001 10010011 
01110111 01110111 10000010 10010011 10010011 01110111 01110111 10000010 10010011 10010011 01110111 01110111 10001000 10010011 10010011 01110111 01110111 10001001 10010011 10010011 01110111 01110111 10001001 10010011 10010011 
01110111 10000010 10010011 10010011 10010011 01110111 10000010 10010011 10010011 10010011 01110111 10001000 10010011 10010011 10010011 01110111 10001001 10010011 10010011 10010011 01110111 10001001 10010011 10010011 10010011 
10000010 10010011 10010011 10010011 10010011 10000010 10010011 10010011 10010011 10010011 10001000 10010011 10010011 10010011 10011001 10001001 10010011 10010011 10010011 10011100 10001001 10010011 10010011 10010011 10100001 
10010011 10010011 10010011 10010011 11100101 10010011 10010011 10010011 10010011 11111100 10010011 10010011 10010011 10011001 11111111 10010011 10010011 10010011 10011100 11111111 10010011 10010011 10010011 10100001 11111111 
10010011 10010011 10010011 11100101 11111111 10010011 10010011 10010011 11111100 11111111 10010011 10010011 10011001 11111111 11111111 10010011 10010011 10011100 11111111 11111111 10010011 10010011 10100001 11111111 11111111 
10010011 10010011 11100101 11111111 11111111 10010011 10010011 11111100 11111111 11111111 10010011 10011001 11111111 11111111 11111111 10010011 10011100 11111111 11111111 11111111 10010011 10100001 11111111 11111111 11111111 
10010011 11100101 11111111 11111111 11111111 10010011 11111100 11111111 11111111 11111111 10011001 11111111 11111111 11111111 11111111 10011100 11111111 11111111 11111111 11111111 10100001 11111111 11111111 11111111 11111111 
11100101 11111111 11111111 11111111 11111111 11111100 11111111 11111111 11111111 11111111 11111111 11111111 11111111 11111111 11111111 11111111 11111111 11111111 11111111 11111111 11111111 11111111 11111111 11111111 11111111 
11111111 11111111 11111111 11111111 11111111 11111111 11111111 11111111 11111111 11111111 11111111 11111111 11111111 11111111 11111111 11111111 11111111 11111111 11111111 11101001 11111111 11111111 11111111 11111111 11000011 
11111111 11111111 11111111 11111111 11110001 11111111 11111111 11111111 11111111 10110000 11111111 11111111 11111111 11111111 01111011 11111111 11111111 11111111 11101001 01100100 11111111 11111111 11111111 11000011 01100100 
11111111 11111111 11111111 11110001 01101000 11111111 11111111 11111111 10110000 01100100 11111111 11111111 11111111 01111011 01100100 11111111 11111111 11101001 01100100 01100100 11111111 11111111 11000011 01100100 01100100 
11111111 11111111 11110001 01101000 01100100 11111111 11111111 10110000 01100100 01100100 11111111 11111111 01111011 01100100 01100100 11111111 11101001 01100100 01100100 01100100 11111111 11000011 01100100 01100100 01100100 
11111111 11110001 01101000 01100100 01100100 11111111 10110000 01100100 01100100 01100100 11111111 01111011 01100100 01100100 01100100 11101001 01100100 01100100 01100100 01100100 11000011 01100100 01100100 01100100 01100100 
11110001 01101000 01100100 01100100 01100100 10110000 01100100 01100100 01100100 01100100 01111011 01100100 01100100 01100100 01101000 01100100 01100100 01100100 01100100 10000011 01100100 01100100 01100100 01100100 10011000 
01101000 01100100 01100100 01100100 01100100 01100100 01100100 01100100 01100100 01110011 01100100 01100100 01100100 01101000 10010101 01100100 01100100 01100100 10000011 10010111 01100100 01100100 01100100 10011000 10010111 
01100100 01100100 01100100 01100100 01110110 01100100 01100100 01100100 01110011 10011000 01100100 01100100 01101000 10010101 10010111 01100100 01100100 10000011 10010111 10010111 01100100 01100100 10011000 10010111 10010111 
01100100 01100100 01100100 01110110 10011000 01100100 01100100 01110011 10011000 10010111 01100100 01101000 10010101 10010111 10010111 01100100 10000011 10010111 10010111 10010111 01100100 10011000 10010111 10010111 10010111 
01100100 01100100 01110110 10011000 10010111 01100100 01110011 10011000 10010111 10010111 01101000 10010101 10010111 10010111 10010111 10000011 10010111 10010111 10010111 10010111 10011000 10010111 10010111 10010111 10111010 
01100100 01110110 10011000 10010111 10010111 01110011 10011000 10010111 10010111 10010111 10010101 10010111 10010111 10010111 10010111 10010111 10010111 10010111 10010111 10111010 10010111 10010111 10010111 10111010 11001100 
01110110 10011000 10010111 10010111 10010111 10011000 10010111 10010111 10010111 10010111 10010111 10010111 10010111 10010111 10101010 10010111 10010111 10010111 10111010 11001100 10010111 10010111 10111010 11001100 11001100 
10011000 10010111 10010111 10010111 10010111 10010111 10010111 10010111 10010111 10010111 10010111 10010111 10010111 10101010 11000111 10010111 10010111 10111010 11001100 11001100 10010111 10111010 11001100 11001100 11001100 
10010111 10010111 10010111 10010111 10010111 10010111 10010111 10010111 10010111 10101000 10010111 10010111 10101010 11000111 11001100 10010111 10111010 11001100 11001100 11001100 10111010 11001100 11001100 11001100 11001100 
10010111 10010111 10010111 10010111 10010111 10010111 10010111 10010111 10101000 10110010 10010111 10101010 11000111 11001100 11001100 10111010 11001100 11001100 11001100 11001100 11001100 11001100 11001100 11001100 11001001 
10010111 10010111 10010111 10010111 10010111 10010111 10010111 10101000 10110010 10111010 10101010 11000111 11001100 11001100 11001100 11001100 11001100 11001100 11001100 11001100 11001100 11001100 11001100 11001001 10100111 
10010111 10010111 10010111 10010111 10010111 10010111 10101000 10110010 10111010 11000001 11000111 11001100 11001100 11001100 11001100 11001100 11001100 11001100 11001100 11001100 11001100 11001100 11001001 10100111 10000101 
10010111 10010111 10010111 10010111 10010111 10101000 10110010 10111010 11000001 11000101 11001100 11001100 11001100 11001100 11001100 11001100 11001100 11001100 11001100 10111101 11001100 11001001 10100111 10000101 01111110 
10010111 10010111 10010111 10010111 10010111 10110010 10111010 11000001 11000101 11000101 11001100 11001100 11001100 11001100 11001100 11001100 11001100 11001100 10111101 10110011 11001001 10100111 10000101 01111110 01111110 
10010111 10010111 10010111 10010111 10010111 10111010 11000001 11000101 11000101 11001001 11001100 11001100 11001100 11001100 11001100 11001100 11001100 10111101 10110011 10101011 10100111 10000101 01111110 01111110 01111110 
10010111 10010111 10010111 10010111 10010111 11000001 11000101 11000101 11001001 11001011 11001100 11001100 11001100 11001100 11001100 11001100 10111101 10110011 10101011 10100110 10000101 01111110 01111110 01111110 01111110 
10010111 10010111 10010111 10010111 10011110 11000101 11000101 11001001 11001011 11001100 11001100 11001100 11001100 11001100 11001100 10111101 10110011 10101011 10100110 10100100 01111110 01111110 01111110 01111110 01111110 
10010111 10010111 10010111 10011110 10101110 11000101 11001001 11001011 11001100 11001100 11001100 11001100 11001100 11001100 11001100 10110011 10101011 10100110 10100100 10011111 01111110 01111110 01111110 01111110 01111110 
10010111 10010111 10011110 10101110 11000101 11001001 11001011 11001100 11001100 11001100 11001100 11001100 11001100 11001100 11001100 10101011 10100110 10100100 10011111 10010111 01111110 01111110 01111110 01111110 01111110 
10010111 10011110 10101110 11000101 11001100 11001011 11001100 11001100 11001100 11001100 11001100 11001100 11001100 11001100 11001100 10100110 10100100 10011111 10010111 10001101 01111110 01111110 01111110 01111110 01111110 
10011110 10101110 11000101 11001100 11001100 11001100 11001100 11001100 11001100 11001100 11001100 11001100 11001100 11001100 11000111 10100100 10011111 10010111 10001101 10000000 01111110 01111110 01111110 01111110 01111110 
10101110 11000101 11001100 11001100 11001100 11001100 11001100 11001100 11001100 11001100 11001100 11001100 11001100 11000111 10101001 10011111 10010111 10001101 10000000 01111110 01111110 01111110 01111110 01111110 01111110 
11000101 11001100 11001100 11001100 11001100 11001100 11001100 11001100 11001100 10110011 11001100 11001100 11000111 10101001 01111111 10010111 10001101 10000000 01111110 01111110 01111110 01111110 01111110 01111110 01111110 
11001100 11001100 11001100 11001100 10010101 11001100 11001100 11001100 10110011 01111110 11001100 11000111 10101001 01111111 01111110 10001101 10000000 01111110 01111110 01111110 01111110 01111110 01111110 01111110 01111110 
11001100 11001100 11001100 10010101 01111110 11001100 11001100 10110011 01111110 01111110 11000111 10101001 01111111 01111110 01111110 10000000 01111110 01111110 01111110 01111110 01111110 01111110 01111110 01111110 10000010 
11001100 11001100 10010101 01111110 01111110 11001100 10110011 01111110 01111110 01111110 10101001 01111111 01111110 01111110 01111110 01111110 01111110 01111110 01111110 01111110 01111110 01111110 01111110 10000010 10000101 
11001100 10010101 01111110 01111110 01111110 10110011 01111110 01111110 01111110 01111110 01111111 01111110 01111110 01111110 10000101 01111110 01111110 01111110 01111110 10000001 01111110 01111110 10000010 10000101 01110111 
10010101 01111110 01111110 01111110 10000001 01111110 01111110 01111110 01111110 01111110 01111110 01111110 01111110 10000101 01110111 01111110 01111110 01111110 10000001 01110111 01111110 10000010 10000101 01110111 01110111 
01111110 01111110 01111110 10000001 01110111 01111110 01111110 01111110 01111110 01110111 01111110 01111110 10000101 01110111 01110111 01111110 01111110 10000001 01110111 01110111 10000010 10000101 01110111 01110111 01110111 
01111110 01111110 10000001 01110111 01110111 01111110 01111110 01111110 01110111 01110111 01111110 10000101 01110111 01110111 01110111 01111110 10000001 01110111 01110111 01110111 10000101 01110111 01110111 01110111 01110111 
01111110 10000001 01110111 01110111 10000010 01111110 01111110 01110111 01110111 10001000 10000101 01110111 01110111 01110111 10001001 10000001 01110111 01110111 01110111 10001001 01110111 01110111 01110111 01110111 10010110 
10000001 01110111 01110111 10000010 10010011 01111110 01110111 01110111 10001000 10010011 01110111 01110111 01110111 10001001 10010011 01110111 01110111 01110111 10001001 10010011 01110111 01110111 01110111 10010110 10010011 
01110111 01110111 10000010 10010011 10010011 01110111 01110111 10001000 10010011 10010011 01110111 01110111 10001001 10010011 10010011 01110111 01110111 10001001 10010011 10010011 01110111 01110111 10010110 10010011 10010011 
01110111 10000010 10010011 10010011 10010011 01110111 10001000 10010011 10010011 10010011 01110111 10001001 10010011 10010011 10010011 01110111 10001001 10010011 10010011 10010011 01110111 10010110 10010011 10010011 10010011 
10000010 10010011 10010011 10010011 10010011 10001000 10010011 10010011 10010011 10011001 10001001 10010011 10010011 10010011 10011100 10001001 10010011 10010011 10010011 10100001 10010110 10010011 10010011 10010011 10101000 
10010011 10010011 10010011 10010011 11111100 10010011 10010011 10010011 10011001 11111111 10010011 10010011 10010011 10011100 11111111 10010011 10010011 10010011 10100001 11111111 10010011 10010011 10010011 10101000 11111111 
10010011 10010011 10010011 11111100 11111111 10010011 10010011 10011001 11111111 11111111 10010011 10010011 10011100 11111111 11111111 10010011 10010011 10100001 11111111 11111111 10010011 10010011 10101000 11111111 11111111 
10010011 10010011 11111100 11111111 11111111 10010011 10011001 11111111 11111111 11111111 10010011 10011100 11111111 11111111 11111111 10010011 10100001 11111111 11111111 11111111 10010011 10101000 11111111 11111111 11111111 
10010011 11111100 11111111 11111111 11111111 10011001 11111111 11111111 11111111 11111111 10011100 11111111 11111111 11111111 11111111 10100001 11111111 11111111 11111111 11111111 10101000 11111111 11111111 11111111 11111111 
11111100 11111111 11111111 11111111 11111111 11111111 11111111 11111111 11111111 11111111 11111111 11111111 11111111 11111111 11111111 11111111 11111111 11111111 11111111 11111111 11111111 11111111 11111111 11111111 11111111 
11111111 11111111 11111111 11111111 11111111 11111111 11111111 11111111 11111111 11111111 11111111 11111111 11111111 11111111 11101001 11111111 11111111 11111111 11111111 11000011 11111111 11111111 11111111 11111111 10101000 
11111111 11111111 11111111 11111111 10110000 11111111 11111111 11111111 11111111 01111011 11111111 11111111 11111111 11101001 01100100 11111111 11111111 11111111 11000011 01100100 11111111 11111111 11111111 10101000 01100100 
11111111 11111111 11111111 10110000 01100100 11111111 11111111 11111111 01111011 01100100 11111111 11111111 11101001 01100100 01100100 11111111 11111111 11000011 01100100 01100100 11111111 11111111 10101000 01100100 01100100 
11111111 11111111 10110000 01100100 01100100 11111111 11111111 01111011 01100100 01100100 11111111 11101001 01100100 01100100 01100100 11111111 11000011 01100100 01100100 01100100 11111111 10101000 01100100 01100100 01100100 
11111111 10110000 01100100 01100100 01100100 11111111 01111011 01100100 01100100 01100100 11101001 01100100 01100100 01100100 01100100 11000011 01100100 01100100 01100100 01100100 10101000 01100100 01100100 01100100 01111011 
10110000 01100100 01100100 01100100 01100100 01111011 01100100 01100100 01100100 01101000 01100100 01100100 01100100 01100100 10000011 01100100 01100100 01100100 01100100 10011000 01100100 01100100 01100100 01111011 10010111 
01100100 01100100 01100100 01100100 01110011 01100100 01100100 01100100 01101000 10010101 01100100 01100100 01100100 10000011 10010111 01100100 01100100 01100100 10011000 10010111 01100100 01100100 01111011 10010111 10010111 
01100100 01100100 01100100 01110011 10011000 01100100 01100100 01101000 10010101 10010111 01100100 01100100 10000011 10010111 10010111 01100100 01100100 10011000 10010111 10010111 01100100 01111011 10010111 10010111 10010111 
01100100 01100100 01110011 10011000 10010111 01100100 01101000 10010101 10010111 10010111 01100100 10000011 10010111 10010111 10010111 01100100 10011000 10010111 10010111 10010111 01111011 10010111 10010111 10010111 10101001 
01100100 01110011 10011000 10010111 10010111 01101000 10010101 10010111 10010111 10010111 10000011 10010111 10010111 10010111 10010111 10011000 10010111 10010111 10010111 10111010 10010111 10010111 10010111 10101001 11001100 
01110011 10011000 10010111 10010111 10010111 10010101 10010111 10010111 10010111 10010111 10010111 10010111 10010111 10010111 10111010 10010111 10010111 10010111 10111010 11001100 10010111 10010111 10101001 11001100 11001100 
10011000 10010111 10010111 10010111 10010111 10010111 10010111 10010111 10010111 10101010 10010111 10010111 10010111 10111010 11001100 10010111 10010111 10111010 11001100 11001100 10010111 10101001 11001100 11001100 11001100 
10010111 10010111 10010111 10010111 10010111 10010111 10010111 10010111 10101010 11000111 10010111 10010111 10111010 11001100 11001100 10010111 10111010 11001100 11001100 11001100 10101001 11001100 11001100 11001100 11001100 
10010111 10010111 10010111 10010111 10101000 10010111 10010111 10101010 11000111 11001100 10010111 10111010 11001100 11001100 11001100 10111010 11001100 11001100 11001100 11001100 11001100 11001100 11001100 11001100 10111101 
10010111 10010111 10010111 10101000 10110010 10010111 10101010 11000111 11001100 11001100 10111010 11001100 11001100 11001100 11001100 11001100 11001100 11001100 11001100 11001001 11001100 11001100 11001100 10111101 10001000 
10010111 10010111 10101000 10110010 10111010 10101010 11000111 11001100 11001100 11001100 11001100 11001100 11001100 11001100 11001100 11001100 11001100 11001100 11001001 10100111 11001100 11001100 10111101 10001000 01111110 
10010111 10101000 10110010 10111010 11000001 11000111 11001100 11001100 11001100 11001100 11001100 11001100 11001100 11001100 11001100 11001100 11001100 11001001 10100111 10000101 11001100 10111101 10001000 01111110 01111110 
10101000 10110010 10111010 11000001 11000101 11001100 11001100 11001100 11001100 11001100 11001100 11001100 11001100 11001100 10111101 11001100 11001001 10100111 10000101 01111110 10111101 10001000 01111110 01111110 01111110 
10110010 10111010 11000001 11000101 11000101 11001100 11001100 11001100 11001100 11001100 11001100 11001100 11001100 10111101 10110011 11001001 10100111 10000101 01111110 01111110 10001000 01111110 01111110 01111110 01111110 
10111010 11000001 11000101 11000101 11001001 11001100 11001100 11001100 11001100 11001100 11001100 11001100 10111101 10110011 10101011 10100111 10000101 01111110 01111110 01111110 01111110 01111110 01111110 01111110 01111110 
11000001 11000101 11000101 11001001 11001011 11001100 11001100 11001100 11001100 11001100 11001100 10111101 10110011 10101011 10100110 10000101 01111110 01111110 01111110 01111110 01111110 01111110 01111110 01111110 01111110 
11000101 11000101 11001001 11001011 11001100 11001100 11001100 11001100 11001100 11001100 10111101 10110011 10101011 10100110 10100100 01111110 01111110 01111110 01111110 01111110 01111110 01111110 01111110 01111110 01111110 
11000101 11001001 11001011 11001100 11001100 11001100 11001100 11001100 11001100 11001100 10110011 10101011 10100110 10100100 10011111 01111110 01111110 01111110 01111110 01111110 01111110 01111110 01111110 01111110 01111110 
11001001 11001011 11001100 11001100 11001100 11001100 11001100 11001100 11001100 11001100 10101011 10100110 10100100 10011111 10010111 01111110 01111110 01111110 01111110 01111110 01111110 01111110 01111110 01111110 10000010 
11001011 11001100 11001100 11001100 11001100 11001100 11001100 11001100 11001100 11001100 10100110 10100100 10011111 10010111 10001101 01111110 01111110 01111110 01111110 01111110 01111110 01111110 01111110 10000010 10000011 
11001100 11001100 11001100 11001100 11001100 11001100 11001100 11001100 11001100 11000111 10100100 10011111 10010111 10001101 10000000 01111110 01111110 01111110 01111110 01111110 01111110 01111110 10000010 10000011 10000110 
11001100 11001100 11001100 11001100 11001100 11001100 11001100 11001100 11000111 10101001 10011111 10010111 10001101 10000000 01111110 01111110 01111110 01111110 01111110 01111110 01111110 10000010 10000011 10000110 10000001 
11001100 11001100 11001100 11001100 10110011 11001100 11001100 11000111 10101001 01111111 10010111 10001101 10000000 01111110 01111110 01111110 01111110 01111110 01111110 01111110 10000010 10000011 10000110 10000001 01111111 
11001100 11001100 11001100 10110011 01111110 11001100 11000111 10101001 01111111 01111110 10001101 10000000 01111110 01111110 01111110 01111110 01111110 01111110 01111110 01111110 10000011 10000110 10000001 01111111 01111101 
11001100 11001100 10110011 01111110 01111110 11000111 10101001 01111111 01111110 01111110 10000000 01111110 01111110 01111110 01111110 01111110 01111110 01111110 01111110 10000010 10000110 10000001 01111111 01111101 01111100 
11001100 10110011 01111110 01111110 01111110 10101001 01111111 01111110 01111110 01111110 01111110 01111110 01111110 01111110 01111110 01111110 01111110 01111110 10000010 10000101 10000001 01111111 01111101 01111100 01110111 
10110011 01111110 01111110 01111110 01111110 01111111 01111110 01111110 01111110 10000101 01111110 01111110 01111110 01111110 10000001 01111110 01111110 10000010 10000101 01110111 01111111 01111101 01111100 01110111 01110111 
01111110 01111110 01111110 01111110 01111110 01111110 01111110 01111110 10000101 01110111 01111110 01111110 01111110 10000001 01110111 01111110 10000010 10000101 01110111 01110111 01111101 01111100 01110111 01110111 01110111 
01111110 01111110 01111110 01111110 01110111 01111110 01111110 10000101 01110111 01110111 01111110 01111110 10000001 01110111 01110111 10000010 10000101 01110111 01110111 01110111 01111100 01110111 01110111 01110111 01110111 
01111110 01111110 01111110 01110111 01110111 01111110 10000101 01110111 01110111 01110111 01111110 10000001 01110111 01110111 01110111 10000101 01110111 01110111 01110111 01110111 01110111 01110111 01110111 01110111 10001000 
01111110 01111110 01110111 01110111 10001000 10000101 01110111 01110111 01110111 10001001 10000001 01110111 01110111 01110111 10001001 01110111 01110111 01110111 01110111 10010110 01110111 01110111 01110111 10001000 10010011 
01111110 01110111 01110111 10001000 10010011 01110111 01110111 01110111 10001001 10010011 01110111 01110111 01110111 10001001 10010011 01110111 01110111 01110111 10010110 10010011 01110111 01110111 10001000 10010011 10010011 
01110111 01110111 10001000 10010011 10010011 01110111 01110111 10001001 10010011 10010011 01110111 01110111 10001001 10010011 10010011 01110111 01110111 10010110 10010011 10010011 01110111 10001000 10010011 10010011 10010011 
01110111 10001000 10010011 10010011 10010011 01110111 10001001 10010011 10010011 10010011 01110111 10001001 10010011 10010011 10010011 01110111 10010110 10010011 10010011 10010011 10001000 10010011 10010011 10010011 10010011 
10001000 10010011 10010011 10010011 10011001 10001001 10010011 10010011 10010011 10011100 10001001 10010011 10010011 10010011 10100001 10010110 10010011 10010011 10010011 10101000 10010011 10010011 10010011 10010011 10111011 
10010011 10010011 10010011 10011001 11111111 10010011 10010011 10010011 10011100 11111111 10010011 10010011 10010011 10100001 11111111 10010011 10010011 10010011 10101000 11111111 10010011 10010011 10010011 10111011 11111111 
10010011 10010011 10011001 11111111 11111111 10010011 10010011 10011100 11111111 11111111 10010011 10010011 10100001 11111111 11111111 10010011 10010011 10101000 11111111 11111111 10010011 10010011 10111011 11111111 11111111 
10010011 10011001 11111111 11111111 11111111 10010011 10011100 11111111 11111111 11111111 10010011 10100001 11111111 11111111 11111111 10010011 10101000 11111111 11111111 11111111 10010011 10111011 11111111 11111111 11111111 
10011001 11111111 11111111 11111111 11111111 10011100 11111111 11111111 11111111 11111111 10100001 11111111 11111111 11111111 11111111 10101000 11111111 11111111 11111111 11111111 10111011 11111111 11111111 11111111 11111111 
11111111 11111111 11111111 11111111 11111111 11111111 11111111 11111111 11111111 11111111 11111111 11111111 11111111 11111111 11111111 11111111 11111111 11111111 11111111 11111111 11111111 11111111 11111111 11111111 11111111 
11111111 11111111 11111111 11111111 11111111 11111111 11111111 11111111 11111111 11101001 11111111 11111111 11111111 11111111 11000011 11111111 11111111 11111111 11111111 10101000 11111111 11111111 11111111 11111111 10001010 
11111111 11111111 11111111 11111111 01111011 11111111 11111111 11111111 11101001 01100100 11111111 11111111 11111111 11000011 01100100 11111111 11111111 11111111 10101000 01100100 11111111 11111111 11111111 10001010 01100100 
11111111 11111111 11111111 01111011 01100100 11111111 11111111 11101001 01100100 01100100 11111111 11111111 11000011 01100100 01100100 11111111 11111111 10101000 01100100 01100100 11111111 11111111 10001010 01100100 01100100 
11111111 11111111 01111011 01100100 01100100 11111111 11101001 01100100 01100100 01100100 11111111 11000011 01100100 01100100 01100100 11111111 10101000 01100100 01100100 01100100 11111111 10001010 01100100 01100100 01100100 
11111111 01111011 01100100 01100100 01100100 11101001 01100100 01100100 01100100 01100100 11000011 01100100 01100100 01100100 01100100 10101000 01100100 01100100 01100100 01111011 10001010 01100100 01100100 01100100 10000100 
01111011 01100100 01100100 01100100 01101000 01100100 01100100 01100100 01100100 10000011 01100100 01100100 01100100 01100100 10011000 01100100 01100100 01100100 01111011 10010111 01100100 01100100 01100100 10000100 10010111 
01100100 01100100 01100100 01101000 10010101 01100100 01100100 01100100 10000011 10010111 01100100 01100100 01100100 10011000 10010111 01100100 01100100 01111011 10010111 10010111 01100100 01100100 10000100 10010111 10010111 
01100100 01100100 01101000 10010101 10010111 01100100 01100100 10000011 10010111 10010111 01100100 01100100 10011000 10010111 10010111 01100100 01111011 10010111 10010111 10010111 01100100 10000100 10010111 10010111 10010111 
01100100 01101000 10010101 10010111 10010111 01100100 10000011 10010111 10010111 10010111 01100100 10011000 10010111 10010111 10010111 01111011 10010111 10010111 10010111 10101001 10000100 10010111 10010111 10010111 11000110 
01101000 10010101 10010111 10010111 10010111 10000011 10010111 10010111 10010111 10010111 10011000 10010111 10010111 10010111 10111010 10010111 10010111 10010111 10101001 11001100 10010111 10010111 10010111 11000110 11001100 
10010101 10010111 10010111 10010111 10010111 10010111 10010111 10010111 10010111 10111010 10010111 10010111 10010111 10111010 11001100 10010111 10010111 10101001 11001100 11001100 10010111 10010111 11000110 11001100 11001100 
10010111 10010111 10010111 10010111 10101010 10010111 10010111 10010111 10111010 11001100 10010111 10010111 10111010 11001100 11001100 10010111 10101001 11001100 11001100 11001100 10010111 11000110 11001100 11001100 11001100 
10010111 10010111 10010111 10101010 11000111 10010111 10010111 10111010 11001100 11001100 10010111 10111010 11001100 11001100 11001100 10101001 11001100 11001100 11001100 11001100 11000110 11001100 11001100 11001100 10111101 
10010111 10010111 10101010 11000111 11001100 10010111 10111010 11001100 11001100 11001100 10111010 11001100 11001100 11001100 11001100 11001100 11001100 11001100 11001100 10111101 11001100 11001100 11001100 10111101 10000011 
10010111 10101010 11000111 11001100 11001100 10111010 11001100 11001100 11001100 11001100 11001100 11001100 11001100 11001100 11001001 11001100 11001100 11001100 10111101 10001000 11001100 11001100 10111101 10000011 01111110 
10101010 11000111 11001100 11001100 11001100 11001100 11001100 11001100 11001100 11001100 11001100 11001100 11001100 11001001 10100111 11001100 11001100 10111101 10001000 01111110 11001100 10111101 10000011 01111110 01111110 
11000111 11001100 11001100 11001100 11001100 11001100 11001100 11001100 11001100 11001100 11001100 11001100 11001001 10100111 10000101 11001100 10111101 10001000 01111110 01111110 10111101 10000011 01111110 01111110 01111110 
11001100 11001100 11001100 11001100 11001100 11001100 11001100 11001100 11001100 10111101 11001100 11001001 10100111 10000101 01111110 10111101 10001000 01111110 01111110 01111110 10000011 01111110 01111110 01111110 01111110 
11001100 11001100 11001100 11001100 11001100 11001100 11001100 11001100 10111101 10110011 11001001 10100111 10000101 01111110 01111110 10001000 01111110 01111110 01111110 01111110 01111110 01111110 01111110 01111110 10000000 
11001100 11001100 11001100 11001100 11001100 11001100 11001100 10111101 10110011 10101011 10100111 10000101 01111110 01111110 01111110 01111110 01111110 01111110 01111110 01111110 01111110 01111110 01111110 10000000 10000000 
11001100 11001100 11001100 11001100 11001100 11001100 10111101 10110011 10101011 10100110 10000101 01111110 01111110 01111110 01111110 01111110 01111110 01111110 01111110 01111110 01111110 01111110 10000000 10000000 01111111 
11001100 11001100 11001100 11001100 11001100 10111101 10110011 10101011 10100110 10100100 01111110 01111110 01111110 01111110 01111110 01111110 01111110 01111110 01111110 01111110 01111110 10000000 10000000 01111111 01111001 
11001100 11001100 11001100 11001100 11001100 10110011 10101011 10100110 10100100 10011111 01111110 01111110 01111110 01111110 01111110 01111110 01111110 01111110 01111110 01111110 10000000 10000000 01111111 01111001 01110111 
11001100 11001100 11001100 11001100 11001100 10101011 10100110 10100100 10011111 10010111 01111110 01111110 01111110 01111110 01111110 01111110 01111110 01111110 01111110 10000010 10000000 01111111 01111001 01110111 01110111 
11001100 11001100 11001100 11001100 11001100 10100110 10100100 10011111 10010111 10001101 01111110 01111110 01111110 01111110 01111110 01111110 01111110 01111110 10000010 10000011 01111111 01111001 01110111 01110111 01110111 
11001100 11001100 11001100 11001100 11000111 10100100 10011111 10010111 10001101 10000000 01111110 01111110 01111110 01111110 01111110 01111110 01111110 10000010 10000011 10000110 01111001 01110111 01110111 01110111 01110111 
11001100 11001100 11001100 11000111 10101001 10011111 10010111 10001101 10000000 01111110 01111110 01111110 01111110 01111110 01111110 01111110 10000010 10000011 10000110 10000001 01110111 01110111 01110111 01110111 01110111 
11001100 11001100 11000111 10101001 01111111 10010111 10001101 10000000 01111110 01111110 01111110 01111110 01111110 01111110 01111110 10000010 10000011 10000110 10000001 01111111 01110111 01110111 01110111 01110111 01110111 
11001100 11000111 10101001 01111111 01111110 10001101 10000000 01111110 01111110 01111110 01111110 01111110 01111110 01111110 01111110 10000011 10000110 10000001 01111111 01111101 01110111 01110111 01110111 01110111 01110111 
11000111 10101001 01111111 01111110 01111110 10000000 01111110 01111110 01111110 01111110 01111110 01111110 01111110 01111110 10000010 10000110 10000001 01111111 01111101 01111100 01110111 01110111 01110111 01110111 01110111 
10101001 01111111 01111110 01111110 01111110 01111110 01111110 01111110 01111110 01111110 01111110 01111110 01111110 10000010 10000101 10000001 01111111 01111101 01111100 01110111 01110111 01110111 01110111 01110111 01110111 
01111111 01111110 01111110 01111110 10000101 01111110 01111110 01111110 01111110 10000001 01111110 01111110 10000010 10000101 01110111 01111111 01111101 01111100 01110111 01110111 01110111 01110111 01110111 01110111 01110111 
01111110 01111110 01111110 10000101 01110111 01111110 01111110 01111110 10000001 01110111 01111110 10000010 10000101 01110111 01110111 01111101 01111100 01110111 01110111 01110111 01110111 01110111 01110111 01110111 01110111 
01111110 01111110 10000101 01110111 01110111 01111110 01111110 10000001 01110111 01110111 10000010 10000101 01110111 01110111 01110111 01111100 01110111 01110111 01110111 01110111 01110111 01110111 01110111 01110111 10000110 
01111110 10000101 01110111 01110111 01110111 01111110 10000001 01110111 01110111 01110111 10000101 01110111 01110111 01110111 01110111 01110111 01110111 01110111 01110111 10001000 01110111 01110111 01110111 10000110 10010101 
10000101 01110111 01110111 01110111 10001001 10000001 01110111 01110111 01110111 10001001 01110111 01110111 01110111 01110111 10010110 01110111 01110111 01110111 10001000 10010011 01110111 01110111 10000110 10010101 10010011 
01110111 01110111 01110111 10001001 10010011 01110111 01110111 01110111 10001001 10010011 01110111 01110111 01110111 10010110 10010011 01110111 01110111 10001000 10010011 10010011 01110111 10000110 10010101 10010011 10010011 
01110111 01110111 10001001 10010011 10010011 01110111 01110111 10001001 10010011 10010011 01110111 01110111 10010110 10010011 10010011 01110111 10001000 10010011 10010011 10010011 10000110 10010101 10010011 10010011 10010011 
01110111 10001001 10010011 10010011 10010011 01110111 10001001 10010011 10010011 10010011 01110111 10010110 10010011 10010011 10010011 10001000 10010011 10010011 10010011 10010011 10010101 10010011 10010011 10010011 10010011 
10001001 10010011 10010011 10010011 10011100 10001001 10010011 10010011 10010011 10100001 10010110 10010011 10010011 10010011 10101000 10010011 10010011 10010011 10010011 10111011 10010011 10010011 10010011 10010011 11010001 
10010011 10010011 10010011 10011100 11111111 10010011 10010011 10010011 10100001 11111111 10010011 10010011 10010011 10101000 11111111 10010011 10010011 10010011 10111011 11111111 10010011 10010011 10010011 11010001 11111111 
10010011 10010011 10011100 11111111 11111111 10010011 10010011 10100001 11111111 11111111 10010011 10010011 10101000 11111111 11111111 10010011 10010011 10111011 11111111 11111111 10010011 10010011 11010001 11111111 11111111 
10010011 10011100 11111111 11111111 11111111 10010011 10100001 11111111 11111111 11111111 10010011 10101000 11111111 11111111 11111111 10010011 10111011 11111111 11111111 11111111 10010011 11010001 11111111 11111111 11111111 
10011100 11111111 11111111 11111111 11111111 10100001 11111111 11111111 11111111 11111111 10101000 11111111 11111111 11111111 11111111 10111011 11111111 11111111 11111111 11111111 11010001 11111111 11111111 11111111 11111111 
11111111 11111111 11111111 11111111 11111111 11111111 11111111 11111111 11111111 11111111 11111111 11111111 11111111 11111111 11111111 11111111 11111111 11111111 11111111 11111111 11111111 11111111 11111111 11111111 11111111 
11111111 11111111 11111111 11111111 11101001 11111111 11111111 11111111 11111111 11000011 11111111 11111111 11111111 11111111 10101000 11111111 11111111 11111111 11111111 10001010 11111111 11111111 11111111 11111111 01110111 
11111111 11111111 11111111 11101001 01100100 11111111 11111111 11111111 11000011 01100100 11111111 11111111 11111111 10101000 01100100 11111111 11111111 11111111 10001010 01100100 11111111 11111111 11111111 01110111 01100100 
11111111 11111111 11101001 01100100 01100100 11111111 11111111 11000011 01100100 01100100 11111111 11111111 10101000 01100100 01100100 11111111 11111111 10001010 01100100 01100100 11111111 11111111 01110111 01100100 01100100 
11111111 11101001 01100100 01100100 01100100 11111111 11000011 01100100 01100100 01100100 11111111 10101000 01100100 01100100 01100100 11111111 10001010 01100100 01100100 01100100 11111111 01110111 01100100 01100100 01100100 
11101001 01100100 01100100 01100100 01100100 11000011 01100100 01100100 01100100 01100100 10101000 01100100 01100100 01100100 01111011 10001010 01100100 01100100 01100100 10000100 01110111 01100100 01100100 01100100 10010111 
01100100 01100100 01100100 01100100 10000011 01100100 01100100 01100100 01100100 10011000 01100100 01100100 01100100 01111011 10010111 01100100 01100100 01100100 10000100 10010111 01100100 01100100 01100100 10010111 10010111 
01100100 01100100 01100100 10000011 10010111 01100100 01100100 01100100 10011000 10010111 01100100 01100100 01111011 10010111 10010111 01100100 01100100 10000100 10010111 10010111 01100100 01100100 10010111 10010111 10010111 
01100100 01100100 10000011 10010111 10010111 01100100 01100100 10011000 10010111 10010111 01100100 01111011 10010111 10010111 10010111 01100100 10000100 10010111 10010111 10010111 01100100 10010111 10010111 10010111 10101010 
01100100 10000011 10010111 10010111 10010111 01100100 10011000 10010111 10010111 10010111 01111011 10010111 10010111 10010111 10101001 10000100 10010111 10010111 10010111 11000110 10010111 10010111 10010111 10101010 11001100 
10000011 10010111 10010111 10010111 10010111 10011000 10010111 10010111 10010111 10111010 10010111 10010111 10010111 10101001 11001100 10010111 10010111 10010111 11000110 11001100 10010111 10010111 10101010 11001100 11001100 
10010111 10010111 10010111 10010111 10111010 10010111 10010111 10010111 10111010 11001100 10010111 10010111 10101001 11001100 11001100 10010111 10010111 11000110 11001100 11001100 10010111 10101010 11001100 11001100 11001100 
10010111 10010111 10010111 10111010 11001100 10010111 10010111 10111010 11001100 11001100 10010111 10101001 11001100 11001100 11001100 10010111 11000110 11001100 11001100 11001100 10101010 11001100 11001100 11001100 11001001 
10010111 10010111 10111010 11001100 11001100 10010111 10111010 11001100 11001100 11001100 10101001 11001100 11001100 11001100 11001100 11000110 11001100 11001100 11001100 10111101 11001100 11001100 11001100 11001001 10001000 
10010111 10111010 11001100 11001100 11001100 10111010 11001100 11001100 11001100 11001100 11001100 11001100 11001100 11001100 10111101 11001100 11001100 11001100 10111101 10000011 11001100 11001100 11001001 10001000 01111110 
10111010 11001100 11001100 11001100 11001100 11001100 11001100 11001100 11001100 11001001 11001100 11001100 11001100 10111101 10001000 11001100 11001100 10111101 10000011 01111110 11001100 11001001 10001000 01111110 01111110 
11001100 11001100 11001100 11001100 11001100 11001100 11001100 11001100 11001001 10100111 11001100 11001100 10111101 10001000 01111110 11001100 10111101 10000011 01111110 01111110 11001001 10001000 01111110 01111110 01111110 
11001100 11001100 11001100 11001100 11001100 11001100 11001100 11001001 10100111 10000101 11001100 10111101 10001000 01111110 01111110 10111101 10000011 01111110 01111110 01111110 10001000 01111110 01111110 01111110 01111110 
11001100 11001100 11001100 11001100 10111101 11001100 11001001 10100111 10000101 01111110 10111101 10001000 01111110 01111110 01111110 10000011 01111110 01111110 01111110 01111110 01111110 01111110 01111110 01111110 01111111 
11001100 11001100 11001100 10111101 10110011 11001001 10100111 10000101 01111110 01111110 10001000 01111110 01111110 01111110 01111110 01111110 01111110 01111110 01111110 10000000 01111110 01111110 01111110 01111111 01111011 
11001100 11001100 10111101 10110011 10101011 10100111 10000101 01111110 01111110 01111110 01111110 01111110 01111110 01111110 01111110 01111110 01111110 01111110 10000000 10000000 01111110 01111110 01111111 01111011 01110111 
11001100 10111101 10110011 10101011 10100110 10000101 01111110 01111110 01111110 01111110 01111110 01111110 01111110 01111110 01111110 01111110 01111110 10000000 10000000 01111111 01111110 01111111 01111011 01110111 01110111 
10111101 10110011 10101011 10100110 10100100 01111110 01111110 01111110 01111110 01111110 01111110 01111110 01111110 01111110 01111110 01111110 10000000 10000000 01111111 01111001 01111111 01111011 01110111 01110111 01110111 
10110011 10101011 10100110 10100100 10011111 01111110 01111110 01111110 01111110 01111110 01111110 01111110 01111110 01111110 01111110 10000000 10000000 01111111 01111001 01110111 01111011 01110111 01110111 01110111 01110111 
10101011 10100110 10100100 10011111 10010111 01111110 01111110 01111110 01111110 01111110 01111110 01111110 01111110 01111110 10000010 10000000 01111111 01111001 01110111 01110111 01110111 01110111 01110111 01110111 01110111 
10100110 10100100 10011111 10010111 10001101 01111110 01111110 01111110 01111110 01111110 01111110 01111110 01111110 10000010 10000011 01111111 01111001 01110111 01110111 01110111 01110111 01110111 01110111 01110111 01110111 
10100100 10011111 10010111 10001101 10000000 01111110 01111110 01111110 01111110 01111110 01111110 01111110 10000010 10000011 10000110 01111001 01110111 01110111 01110111 01110111 01110111 01110111 01110111 01110111 01110111 
10011111 10010111 10001101 10000000 01111110 01111110 01111110 01111110 01111110 01111110 01111110 10000010 10000011 10000110 10000001 01110111 01110111 01110111 01110111 01110111 01110111 01110111 01110111 01110111 01111110 
10010111 10001101 10000000 01111110 01111110 01111110 01111110 01111110 01111110 01111110 10000010 10000011 10000110 10000001 01111111 01110111 01110111 01110111 01110111 01110111 01110111 01110111 01110111 01111110 10000010 
10001101 10000000 01111110 01111110 01111110 01111110 01111110 01111110 01111110 01111110 10000011 10000110 10000001 01111111 01111101 01110111 01110111 01110111 01110111 01110111 01110111 01110111 01111110 10000010 10000100 
10000000 01111110 01111110 01111110 01111110 01111110 01111110 01111110 01111110 10000010 10000110 10000001 01111111 01111101 01111100 01110111 01110111 01110111 01110111 01110111 01110111 01111110 10000010 10000100 10001001 
01111110 01111110 01111110 01111110 01111110 01111110 01111110 01111110 10000010 10000101 10000001 01111111 01111101 01111100 01110111 01110111 01110111 01110111 01110111 01110111 01111110 10000010 10000100 10001001 10001001 
01111110 01111110 01111110 01111110 10000001 01111110 01111110 10000010 10000101 01110111 01111111 01111101 01111100 01110111 01110111 01110111 01110111 01110111 01110111 01110111 10000010 10000100 10001001 10001001 10000111 
01111110 01111110 01111110 10000001 01110111 01111110 10000010 10000101 01110111 01110111 01111101 01111100 01110111 01110111 01110111 01110111 01110111 01110111 01110111 01110111 10000100 10001001 10001001 10000111 10010101 
01111110 01111110 10000001 01110111 01110111 10000010 10000101 01110111 01110111 01110111 01111100 01110111 01110111 01110111 01110111 01110111 01110111 01110111 01110111 10000110 10001001 10001001 10000111 10010101 10010011 
01111110 10000001 01110111 01110111 01110111 10000101 01110111 01110111 01110111 01110111 01110111 01110111 01110111 01110111 10001000 01110111 01110111 01110111 10000110 10010101 10001001 10000111 10010101 10010011 10010011 
10000001 01110111 01110111 01110111 10001001 01110111 01110111 01110111 01110111 10010110 01110111 01110111 01110111 10001000 10010011 01110111 01110111 10000110 10010101 10010011 10000111 10010101 10010011 10010011 10010011 
01110111 01110111 01110111 10001001 10010011 01110111 01110111 01110111 10010110 10010011 01110111 01110111 10001000 10010011 10010011 01110111 10000110 10010101 10010011 10010011 10010101 10010011 10010011 10010011 10010011 
01110111 01110111 10001001 10010011 10010011 01110111 01110111 10010110 10010011 10010011 01110111 10001000 10010011 10010011 10010011 10000110 10010101 10010011 10010011 10010011 10010011 10010011 10010011 10010011 10010011 
01110111 10001001 10010011 10010011 10010011 01110111 10010110 10010011 10010011 10010011 10001000 10010011 10010011 10010011 10010011 10010101 10010011 10010011 10010011 10010011 10010011 10010011 10010011 10010011 10010110 
10001001 10010011 10010011 10010011 10100001 10010110 10010011 10010011 10010011 10101000 10010011 10010011 10010011 10010011 10111011 10010011 10010011 10010011 10010011 11010001 10010011 10010011 10010011 10010110 11110100 
10010011 10010011 10010011 10100001 11111111 10010011 10010011 10010011 10101000 11111111 10010011 10010011 10010011 10111011 11111111 10010011 10010011 10010011 11010001 11111111 10010011 10010011 10010110 11110100 11111111 
10010011 10010011 10100001 11111111 11111111 10010011 10010011 10101000 11111111 11111111 10010011 10010011 10111011 11111111 11111111 10010011 10010011 11010001 11111111 11111111 10010011 10010110 11110100 11111111 11111111 
10010011 10100001 11111111 11111111 11111111 10010011 10101000 11111111 11111111 11111111 10010011 10111011 11111111 11111111 11111111 10010011 11010001 11111111 11111111 11111111 10010110 11110100 11111111 11111111 11111111 
10100001 11111111 11111111 11111111 11111111 10101000 11111111 11111111 11111111 11111111 10111011 11111111 11111111 11111111 11111111 11010001 11111111 11111111 11111111 11111111 11110100 11111111 11111111 11111111 11111111 
11111111 11111111 11111111 11111111 11111111 11111111 11111111 11111111 11111111 11111111 11111111 11111111 11111111 11111111 11111111 11111111 11111111 11111111 11111111 11111111 11111111 11111111 11111111 11111111 11111111 
11111111 11111111 11111111 11111111 11000011 11111111 11111111 11111111 11111111 10101000 11111111 11111111 11111111 11111111 10001010 11111111 11111111 11111111 11111111 01110111 11111111 11111111 11111111 11111111 01101011 
11111111 11111111 11111111 11000011 01100100 11111111 11111111 11111111 10101000 01100100 11111111 11111111 11111111 10001010 01100100 11111111 11111111 11111111 01110111 01100100 11111111 11111111 11111111 01101011 01100100 
11111111 11111111 11000011 01100100 01100100 11111111 11111111 10101000 01100100 01100100 11111111 11111111 10001010 01100100 01100100 11111111 11111111 01110111 01100100 01100100 11111111 11111111 01101011 01100100 01100100 
11111111 11000011 01100100 01100100 01100100 11111111 10101000 01100100 01100100 01100100 11111111 10001010 01100100 01100100 01100100 11111111 01110111 01100100 01100100 01100100 11111111 01101011 01100100 01100100 01100100 
11000011 01100100 01100100 01100100 01100100 10101000 01100100 01100100 01100100 01111011 10001010 01100100 01100100 01100100 10000100 01110111 01100100 01100100 01100100 10010111 01101011 01100100 01100100 01100100 10011000 
01100100 01100100 01100100 01100100 10011000 01100100 01100100 01100100 01111011 10010111 01100100 01100100 01100100 10000100 10010111 01100100 01100100 01100100 10010111 10010111 01100100 01100100 01100100 10011000 10010111 
01100100 01100100 01100100 10011000 10010111 01100100 01100100 01111011 10010111 10010111 01100100 01100100 10000100 10010111 10010111 01100100 01100100 10010111 10010111 10010111 01100100 01100100 10011000 10010111 10010111 
01100100 01100100 10011000 10010111 10010111 01100100 01111011 10010111 10010111 10010111 01100100 10000100 10010111 10010111 10010111 01100100 10010111 10010111 10010111 10101010 01100100 10011000 10010111 10010111 10111000 
01100100 10011000 10010111 10010111 10010111 01111011 10010111 10010111 10010111 10101001 10000100 10010111 10010111 10010111 11000110 10010111 10010111 10010111 10101010 11001100 10011000 10010111 10010111 10111000 11001100 
10011000 10010111 10010111 10010111 10111010 10010111 10010111 10010111 10101001 11001100 10010111 10010111 10010111 11000110 11001100 10010111 10010111 10101010 11001100 11001100 10010111 10010111 10111000 11001100 11001100 
10010111 10010111 10010111 10111010 11001100 10010111 10010111 10101001 11001100 11001100 10010111 10010111 11000110 11001100 11001100 10010111 10101010 11001100 11001100 11001100 10010111 10111000 11001100 11001100 11001100 
10010111 10010111 10111010 11001100 11001100 10010111 10101001 11001100 11001100 11001100 10010111 11000110 11001100 11001100 11001100 10101010 11001100 11001100 11001100 11001001 10111000 11001100 11001100 11001100 10100110 
10010111 10111010 11001100 11001100 11001100 10101001 11001100 11001100 11001100 11001100 11000110 11001100 11001100 11001100 10111101 11001100 11001100 11001100 11001001 10001000 11001100 11001100 11001100 10100110 01111110 
10111010 11001100 11001100 11001100 11001100 11001100 11001100 11001100 11001100 10111101 11001100 11001100 11001100 10111101 10000011 11001100 11001100 11001001 10001000 01111110 11001100 11001100 10100110 01111110 01111110 
11001100 11001100 11001100 11001100 11001001 11001100 11001100 11001100 10111101 10001000 11001100 11001100 10111101 10000011 01111110 11001100 11001001 10001000 01111110 01111110 11001100 10100110 01111110 01111110 01111110 
11001100 11001100 11001100 11001001 10100111 11001100 11001100 10111101 10001000 01111110 11001100 10111101 10000011 01111110 01111110 11001001 10001000 01111110 01111110 01111110 10100110 01111110 01111110 01111110 01111110 
11001100 11001100 11001001 10100111 10000101 11001100 10111101 10001000 01111110 01111110 10111101 10000011 01111110 01111110 01111110 10001000 01111110 01111110 01111110 01111110 01111110 01111110 01111110 01111110 10000010 
11001100 11001001 10100111 10000101 01111110 10111101 10001000 01111110 01111110 01111110 10000011 01111110 01111110 01111110 01111110 01111110 01111110 01111110 01111110 01111111 01111110 01111110 01111110 10000010 01110111 
11001001 10100111 10000101 01111110 01111110 10001000 01111110 01111110 01111110 01111110 01111110 01111110 01111110 01111110 10000000 01111110 01111110 01111110 01111111 01111011 01111110 01111110 10000010 01110111 01110111 
10100111 10000101 01111110 01111110 01111110 01111110 01111110 01111110 01111110 01111110 01111110 01111110 01111110 10000000 10000000 01111110 01111110 01111111 01111011 01110111 01111110 10000010 01110111 01110111 01110111 
10000101 01111110 01111110 01111110 01111110 01111110 01111110 01111110 01111110 01111110 01111110 01111110 10000000 10000000 01111111 01111110 01111111 01111011 01110111 01110111 10000010 01110111 01110111 01110111 01110111 
01111110 01111110 01111110 01111110 01111110 01111110 01111110 01111110 01111110 01111110 01111110 10000000 10000000 01111111 01111001 01111111 01111011 01110111 01110111 01110111 01110111 01110111 01110111 01110111 01110111 
01111110 01111110 01111110 01111110 01111110 01111110 01111110 01111110 01111110 01111110 10000000 10000000 01111111 01111001 01110111 01111011 01110111 01110111 01110111 01110111 01110111 01110111 01110111 01110111 10000011 
01111110 01111110 01111110 01111110 01111110 01111110 01111110 01111110 01111110 10000010 10000000 01111111 01111001 01110111 01110111 01110111 01110111 01110111 01110111 01110111 01110111 01110111 01110111 10000011 10001100 
01111110 01111110 01111110 01111110 01111110 01111110 01111110 01111110 10000010 10000011 01111111 01111001 01110111 01110111 01110111 01110111 01110111 01110111 01110111 01110111 01110111 01110111 10000011 10001100 10010111 
01111110 01111110 01111110 01111110 01111110 01111110 01111110 10000010 10000011 10000110 01111001 01110111 01110111 01110111 01110111 01110111 01110111 01110111 01110111 01110111 01110111 10000011 10001100 10010111 10010101 
01111110 01111110 01111110 01111110 01111110 01111110 10000010 10000011 10000110 10000001 01110111 01110111 01110111 01110111 01110111 01110111 01110111 01110111 01110111 01111110 10000011 10001100 10010111 10010101 10010011 
01111110 01111110 01111110 01111110 01111110 10000010 10000011 10000110 10000001 01111111 01110111 01110111 01110111 01110111 01110111 01110111 01110111 01110111 01111110 10000010 10001100 10010111 10010101 10010011 10010011 
01111110 01111110 01111110 01111110 01111110 10000011 10000110 10000001 01111111 01111101 01110111 01110111 01110111 01110111 01110111 01110111 01110111 01111110 10000010 10000100 10010111 10010101 10010011 10010011 10010011 
01111110 01111110 01111110 01111110 10000010 10000110 10000001 01111111 01111101 01111100 01110111 01110111 01110111 01110111 01110111 01110111 01111110 10000010 10000100 10001001 10010101 10010011 10010011 10010011 10010011 
01111110 01111110 01111110 10000010 10000101 10000001 01111111 01111101 01111100 01110111 01110111 01110111 01110111 01110111 01110111 01111110 10000010 10000100 10001001 10001001 10010011 10010011 10010011 10010011 10010011 
01111110 01111110 10000010 10000101 01110111 01111111 01111101 01111100 01110111 01110111 01110111 01110111 01110111 01110111 01110111 10000010 10000100 10001001 10001001 10000111 10010011 10010011 10010011 10010011 10010011 
01111110 10000010 10000101 01110111 01110111 01111101 01111100 01110111 01110111 01110111 01110111 01110111 01110111 01110111 01110111 10000100 10001001 10001001 10000111 10010101 10010011 10010011 10010011 10010011 10010011 
10000010 10000101 01110111 01110111 01110111 01111100 01110111 01110111 01110111 01110111 01110111 01110111 01110111 01110111 10000110 10001001 10001001 10000111 10010101 10010011 10010011 10010011 10010011 10010011 10010011 
10000101 01110111 01110111 01110111 01110111 01110111 01110111 01110111 01110111 10001000 01110111 01110111 01110111 10000110 10010101 10001001 10000111 10010101 10010011 10010011 10010011 10010011 10010011 10010011 10010011 
01110111 01110111 01110111 01110111 10010110 01110111 01110111 01110111 10001000 10010011 01110111 01110111 10000110 10010101 10010011 10000111 10010101 10010011 10010011 10010011 10010011 10010011 10010011 10010011 10010011 
01110111 01110111 01110111 10010110 10010011 01110111 01110111 10001000 10010011 10010011 01110111 10000110 10010101 10010011 10010011 10010101 10010011 10010011 10010011 10010011 10010011 10010011 10010011 10010011 10010011 
01110111 01110111 10010110 10010011 10010011 01110111 10001000 10010011 10010011 10010011 10000110 10010101 10010011 10010011 10010011 10010011 10010011 10010011 10010011 10010011 10010011 10010011 10010011 10010011 10010011 
01110111 10010110 10010011 10010011 10010011 10001000 10010011 10010011 10010011 10010011 10010101 10010011 10010011 10010011 10010011 10010011 10010011 10010011 10010011 10010110 10010011 10010011 10010011 10010011 11001110 
10010110 10010011 10010011 10010011 10101000 10010011 10010011 10010011 10010011 10111011 10010011 10010011 10010011 10010011 11010001 10010011 10010011 10010011 10010110 11110100 10010011 10010011 10010011 11001110 11111111 
10010011 10010011 10010011 10101000 11111111 10010011 10010011 10010011 10111011 11111111 10010011 10010011 10010011 11010001 11111111 10010011 10010011 10010110 11110100 11111111 10010011 10010011 11001110 11111111 11111111 
10010011 10010011 10101000 11111111 11111111 10010011 10010011 10111011 11111111 11111111 10010011 10010011 11010001 11111111 11111111 10010011 10010110 11110100 11111111 11111111 10010011 11001110 11111111 11111111 11111111 
10010011 10101000 11111111 11111111 11111111 10010011 10111011 11111111 11111111 11111111 10010011 11010001 11111111 11111111 11111111 10010110 11110100 11111111 11111111 11111111 11001110 11111111 11111111 11111111 11111111 
10101000 11111111 11111111 11111111 11111111 10111011 11111111 11111111 11111111 11111111 11010001 11111111 11111111 11111111 11111111 11110100 11111111 11111111 11111111 11111111 11111111 11111111 11111111 11111111 11111111 
11111111 11111111 11111111 11111111 11111111 11111111 11111111 11111111 11111111 11111111 11111111 11111111 11111111 11111111 11111111 11111111 11111111 11111111 11111111 11111111 11111111 11111111 11111111 11111111 11111111 
11111111 11111111 11111111 11111111 10101000 11111111 11111111 11111111 11111111 10001010 11111111 11111111 11111111 11111111 01110111 11111111 11111111 11111111 11111111 01101011 11111111 11111111 11111111 11111101 01100100 
11111111 11111111 11111111 10101000 01100100 11111111 11111111 11111111 10001010 01100100 11111111 11111111 11111111 01110111 01100100 11111111 11111111 11111111 01101011 01100100 11111111 11111111 11111101 01100100 01100100 
11111111 11111111 10101000 01100100 01100100 11111111 11111111 10001010 01100100 01100100 11111111 11111111 01110111 01100100 01100100 11111111 11111111 01101011 01100100 01100100 11111111 11111101 01100100 01100100 01100100 
11111111 10101000 01100100 01100100 01100100 11111111 10001010 01100100 01100100 01100100 11111111 01110111 01100100 01100100 01100100 11111111 01101011 01100100 01100100 01100100 11111101 01100100 01100100 01100100 01110101 
10101000 01100100 01100100 01100100 01111011 10001010 01100100 01100100 01100100 10000100 01110111 01100100 01100100 01100100 10010111 01101011 01100100 01100100 01100100 10011000 01100100 01100100 01100100 01110101 10010111 
01100100 01100100 01100100 01111011 10010111 01100100 01100100 01100100 10000100 10010111 01100100 01100100 01100100 10010111 10010111 01100100 01100100 01100100 10011000 10010111 01100100 01100100 01110101 10010111 10010111 
01100100 01100100 01111011 10010111 10010111 01100100 01100100 10000100 10010111 10010111 01100100 01100100 10010111 10010111 10010111 01100100 01100100 10011000 10010111 10010111 01100100 01110101 10010111 10010111 10010111 
01100100 01111011 10010111 10010111 10010111 01100100 10000100 10010111 10010111 10010111 01100100 10010111 10010111 10010111 10101010 01100100 10011000 10010111 10010111 10111000 01110101 10010111 10010111 10010111 11001001 
01111011 10010111 10010111 10010111 10101001 10000100 10010111 10010111 10010111 11000110 10010111 10010111 10010111 10101010 11001100 10011000 10010111 10010111 10111000 11001100 10010111 10010111 10010111 11001001 11001100 
10010111 10010111 10010111 10101001 11001100 10010111 10010111 10010111 11000110 11001100 10010111 10010111 10101010 11001100 11001100 10010111 10010111 10111000 11001100 11001100 10010111 10010111 11001001 11001100 11001100 
10010111 10010111 10101001 11001100 11001100 10010111 10010111 11000110 11001100 11001100 10010111 10101010 11001100 11001100 11001100 10010111 10111000 11001100 11001100 11001100 10010111 11001001 11001100 11001100 11001010 
10010111 10101001 11001100 11001100 11001100 10010111 11000110 11001100 11001100 11001100 10101010 11001100 11001100 11001100 11001001 10111000 11001100 11001100 11001100 10100110 11001001 11001100 11001100 11001010 10000100 
10101001 11001100 11001100 11001100 11001100 11000110 11001100 11001100 11001100 10111101 11001100 11001100 11001100 11001001 10001000 11001100 11001100 11001100 10100110 01111110 11001100 11001100 11001010 10000100 01111110 
11001100 11001100 11001100 11001100 10111101 11001100 11001100 11001100 10111101 10000011 11001100 11001100 11001001 10001000 01111110 11001100 11001100 10100110 01111110 01111110 11001100 11001010 10000100 01111110 01111110 
11001100 11001100 11001100 10111101 10001000 11001100 11001100 10111101 10000011 01111110 11001100 11001001 10001000 01111110 01111110 11001100 10100110 01111110 01111110 01111110 11001010 10000100 01111110 01111110 01111110 
11001100 11001100 10111101 10001000 01111110 11001100 10111101 10000011 01111110 01111110 11001001 10001000 01111110 01111110 01111110 10100110 01111110 01111110 01111110 01111110 10000100 01111110 01111110 01111110 10000011 
11001100 10111101 10001000 01111110 01111110 10111101 10000011 01111110 01111110 01111110 10001000 01111110 01111110 01111110 01111110 01111110 01111110 01111110 01111110 10000010 01111110 01111110 01111110 10000011 01110111 
10111101 10001000 01111110 01111110 01111110 10000011 01111110 01111110 01111110 01111110 01111110 01111110 01111110 01111110 01111111 01111110 01111110 01111110 10000010 01110111 01111110 01111110 10000011 01110111 01110111 
10001000 01111110 01111110 01111110 01111110 01111110 01111110 01111110 01111110 10000000 01111110 01111110 01111110 01111111 01111011 01111110 01111110 10000010 01110111 01110111 01111110 10000011 01110111 01110111 01110111 
01111110 01111110 01111110 01111110 01111110 01111110 01111110 01111110 10000000 10000000 01111110 01111110 01111111 01111011 01110111 01111110 10000010 01110111 01110111 01110111 10000011 01110111 01110111 01110111 01110111 
01111110 01111110 01111110 01111110 01111110 01111110 01111110 10000000 10000000 01111111 01111110 01111111 01111011 01110111 01110111 10000010 01110111 01110111 01110111 01110111 01110111 01110111 01110111 01110111 01111100 
01111110 01111110 01111110 01111110 01111110 01111110 10000000 10000000 01111111 01111001 01111111 01111011 01110111 01110111 01110111 01110111 01110111 01110111 01110111 01110111 01110111 01110111 01110111 01111100 10010001 
01111110 01111110 01111110 01111110 01111110 10000000 10000000 01111111 01111001 01110111 01111011 01110111 01110111 01110111 01110111 01110111 01110111 01110111 01110111 10000011 01110111 01110111 01111100 10010001 10010011 
01111110 01111110 01111110 01111110 10000010 10000000 01111111 01111001 01110111 01110111 01110111 01110111 01110111 01110111 01110111 01110111 01110111 01110111 10000011 10001100 01110111 01111100 10010001 10010011 10010011 
01111110 01111110 01111110 10000010 10000011 01111111 01111001 01110111 01110111 01110111 01110111 01110111 01110111 01110111 01110111 01110111 01110111 10000011 10001100 10010111 01111100 10010001 10010011 10010011 10010011 
01111110 01111110 10000010 10000011 10000110 01111001 01110111 01110111 01110111 01110111 01110111 01110111 01110111 01110111 01110111 01110111 10000011 10001100 10010111 10010101 10010001 10010011 10010011 10010011 10010011 
01111110 10000010 10000011 10000110 10000001 01110111 01110111 01110111 01110111 01110111 01110111 01110111 01110111 01110111 01111110 10000011 10001100 10010111 10010101 10010011 10010011 10010011 10010011 10010011 10010011 
10000010 10000011 10000110 10000001 01111111 01110111 01110111 01110111 01110111 01110111 01110111 01110111 01110111 01111110 10000010 10001100 10010111 10010101 10010011 10010011 10010011 10010011 10010011 10010011 10010011 
10000011 10000110 10000001 01111111 01111101 01110111 01110111 01110111 01110111 01110111 01110111 01110111 01111110 10000010 10000100 10010111 10010101 10010011 10010011 10010011 10010011 10010011 10010011 10010011 10010011 
10000110 10000001 01111111 01111101 01111100 01110111 01110111 01110111 01110111 01110111 01110111 01111110 10000010 10000100 10001001 10010101 10010011 10010011 10010011 10010011 10010011 10010011 10010011 10010011 10010011 
10000001 01111111 01111101 01111100 01110111 01110111 01110111 01110111 01110111 01110111 01111110 10000010 10000100 10001001 10001001 10010011 10010011 10010011 10010011 10010011 10010011 10010011 10010011 10010011 10010011 
01111111 01111101 01111100 01110111 01110111 01110111 01110111 01110111 01110111 01110111 10000010 10000100 10001001 10001001 10000111 10010011 10010011 10010011 10010011 10010011 10010011 10010011 10010011 10010011 10010011 
01111101 01111100 01110111 01110111 01110111 01110111 01110111 01110111 01110111 01110111 10000100 10001001 10001001 10000111 10010101 10010011 10010011 10010011 10010011 10010011 10010011 10010011 10010011 10010011 10010011 
01111100 01110111 01110111 01110111 01110111 01110111 01110111 01110111 01110111 10000110 10001001 10001001 10000111 10010101 10010011 10010011 10010011 10010011 10010011 10010011 10010011 10010011 10010011 10010011 10010011 
01110111 01110111 01110111 01110111 10001000 01110111 01110111 01110111 10000110 10010101 10001001 10000111 10010101 10010011 10010011 10010011 10010011 10010011 10010011 10010011 10010011 10010011 10010011 10010011 10010011 
01110111 01110111 01110111 10001000 10010011 01110111 01110111 10000110 10010101 10010011 10000111 10010101 10010011 10010011 10010011 10010011 10010011 10010011 10010011 10010011 10010011 10010011 10010011 10010011 10010011 
01110111 01110111 10001000 10010011 10010011 01110111 10000110 10010101 10010011 10010011 10010101 10010011 10010011 10010011 10010011 10010011 10010011 10010011 10010011 10010011 10010011 10010011 10010011 10010011 10011110 
01110111 10001000 10010011 10010011 10010011 10000110 10010101 10010011 10010011 10010011 10010011 10010011 10010011 10010011 10010011 10010011 10010011 10010011 10010011 10010011 10010011 10010011 10010011 10011110 11010101 
10001000 10010011 10010011 10010011 10010011 10010101 10010011 10010011 10010011 10010011 10010011 10010011 10010011 10010011 10010110 10010011 10010011 10010011 10010011 11001110 10010011 10010011 10011110 11010101 11111111 
10010011 10010011 10010011 10010011 10111011 10010011 10010011 10010011 10010011 11010001 10010011 10010011 10010011 10010110 11110100 10010011 10010011 10010011 11001110 11111111 10010011 10011110 11010101 11111111 11111111 
10010011 10010011 10010011 10111011 11111111 10010011 10010011 10010011 11010001 11111111 10010011 10010011 10010110 11110100 11111111 10010011 10010011 11001110 11111111 11111111 10011110 11010101 11111111 11111111 11111111 
10010011 10010011 10111011 11111111 11111111 10010011 10010011 11010001 11111111 11111111 10010011 10010110 11110100 11111111 11111111 10010011 11001110 11111111 11111111 11111111 11010101 11111111 11111111 11111111 11111111 
10010011 10111011 11111111 11111111 11111111 10010011 11010001 11111111 11111111 11111111 10010110 11110100 11111111 11111111 11111111 11001110 11111111 11111111 11111111 11111111 11111111 11111111 11111111 11111111 11111111 
10111011 11111111 11111111 11111111 11111111 11010001 11111111 11111111 11111111 11111111 11110100 11111111 11111111 11111111 11111111 11111111 11111111 11111111 11111111 11111111 11111111 11111111 11111111 11111111 11111111 
11111111 11111111 11111111 11111111 11111111 11111111 11111111 11111111 11111111 11111111 11111111 11111111 11111111 11111111 11111111 11111111 11111111 11111111 11111111 11111111 11111111 11111111 11111111 11111111 11111111 
11111111 11111111 11111111 11111111 10001010 11111111 11111111 11111111 11111111 01110111 11111111 11111111 11111111 11111111 01101011 11111111 11111111 11111111 11111101 01100100 11111111 11111111 11111111 11110100 01100100 
11111111 11111111 11111111 10001010 01100100 11111111 11111111 11111111 01110111 01100100 11111111 11111111 11111111 01101011 01100100 11111111 11111111 11111101 01100100 01100100 11111111 11111111 11110100 01100100 01100100 
11111111 11111111 10001010 01100100 01100100 11111111 11111111 01110111 01100100 01100100 11111111 11111111 01101011 01100100 01100100 11111111 11111101 01100100 01100100 01100100 11111111 11110100 01100100 01100100 01100100 
11111111 10001010 01100100 01100100 01100100 11111111 01110111 01100100 01100100 01100100 11111111 01101011 01100100 01100100 01100100 11111101 01100100 01100100 01100100 01110101 11110100 01100100 01100100 01100100 01111110 
10001010 01100100 01100100 01100100 10000100 01110111 01100100 01100100 01100100 10010111 01101011 01100100 01100100 01100100 10011000 01100100 01100100 01100100 01110101 10010111 01100100 01100100 01100100 01111110 10010111 
01100100 01100100 01100100 10000100 10010111 01100100 01100100 01100100 10010111 10010111 01100100 01100100 01100100 10011000 10010111 01100100 01100100 01110101 10010111 10010111 01100100 01100100 01111110 10010111 10010111 
01100100 01100100 10000100 10010111 10010111 01100100 01100100 10010111 10010111 10010111 01100100 01100100 10011000 10010111 10010111 01100100 01110101 10010111 10010111 10010111 01100100 01111110 10010111 10010111 10011111 
01100100 10000100 10010111 10010111 10010111 01100100 10010111 10010111 10010111 10101010 01100100 10011000 10010111 10010111 10111000 01110101 10010111 10010111 10010111 11001001 01111110 10010111 10010111 10011111 11001100 
10000100 10010111 10010111 10010111 11000110 10010111 10010111 10010111 10101010 11001100 10011000 10010111 10010111 10111000 11001100 10010111 10010111 10010111 11001001 11001100 10010111 10010111 10011111 11001100 11001100 
10010111 10010111 10010111 11000110 11001100 10010111 10010111 10101010 11001100 11001100 10010111 10010111 10111000 11001100 11001100 10010111 10010111 11001001 11001100 11001100 10010111 10011111 11001100 11001100 11001100 
10010111 10010111 11000110 11001100 11001100 10010111 10101010 11001100 11001100 11001100 10010111 10111000 11001100 11001100 11001100 10010111 11001001 11001100 11001100 11001010 10011111 11001100 11001100 11001100 10110111 
10010111 11000110 11001100 11001100 11001100 10101010 11001100 11001100 11001100 11001001 10111000 11001100 11001100 11001100 10100110 11001001 11001100 11001100 11001010 10000100 11001100 11001100 11001100 10110111 01111110 
11000110 11001100 11001100 11001100 10111101 11001100 11001100 11001100 11001001 10001000 11001100 11001100 11001100 10100110 01111110 11001100 11001100 11001010 10000100 01111110 11001100 11001100 10110111 01111110 01111110 
11001100 11001100 11001100 10111101 10000011 11001100 11001100 11001001 10001000 01111110 11001100 11001100 10100110 01111110 01111110 11001100 11001010 10000100 01111110 01111110 11001100 10110111 01111110 01111110 01111110 
11001100 11001100 10111101 10000011 01111110 11001100 11001001 10001000 01111110 01111110 11001100 10100110 01111110 01111110 01111110 11001010 10000100 01111110 01111110 01111110 10110111 01111110 01111110 01111110 01111111 
11001100 10111101 10000011 01111110 01111110 11001001 10001000 01111110 01111110 01111110 10100110 01111110 01111110 01111110 01111110 10000100 01111110 01111110 01111110 10000011 01111110 01111110 01111110 01111111 01111100 
10111101 10000011 01111110 01111110 01111110 10001000 01111110 01111110 01111110 01111110 01111110 01111110 01111110 01111110 10000010 01111110 01111110 01111110 10000011 01110111 01111110 01111110 01111111 01111100 01110111 
10000011 01111110 01111110 01111110 01111110 01111110 01111110 01111110 01111110 01111111 01111110 01111110 01111110 10000010 01110111 01111110 01111110 10000011 01110111 01110111 01111110 01111111 01111100 01110111 01110111 
01111110 01111110 01111110 01111110 10000000 01111110 01111110 01111110 01111111 01111011 01111110 01111110 10000010 01110111 01110111 01111110 10000011 01110111 01110111 01110111 01111111 01111100 01110111 01110111 01110111 
01111110 01111110 01111110 10000000 10000000 01111110 01111110 01111111 01111011 01110111 01111110 10000010 01110111 01110111 01110111 10000011 01110111 01110111 01110111 01110111 01111100 01110111 01110111 01110111 01111110 
01111110 01111110 10000000 10000000 01111111 01111110 01111111 01111011 01110111 01110111 10000010 01110111 01110111 01110111 01110111 01110111 01110111 01110111 01110111 01111100 01110111 01110111 01110111 01111110 10010100 
01111110 10000000 10000000 01111111 01111001 01111111 01111011 01110111 01110111 01110111 01110111 01110111 01110111 01110111 01110111 01110111 01110111 01110111 01111100 10010001 01110111 01110111 01111110 10010100 10010011 
10000000 10000000 01111111 01111001 01110111 01111011 01110111 01110111 01110111 01110111 01110111 01110111 01110111 01110111 10000011 01110111 01110111 01111100 10010001 10010011 01110111 01111110 10010100 10010011 10010011 
10000000 01111111 01111001 01110111 01110111 01110111 01110111 01110111 01110111 01110111 01110111 01110111 01110111 10000011 10001100 01110111 01111100 10010001 10010011 10010011 01111110 10010100 10010011 10010011 10010011 
01111111 01111001 01110111 01110111 01110111 01110111 01110111 01110111 01110111 01110111 01110111 01110111 10000011 10001100 10010111 01111100 10010001 10010011 10010011 10010011 10010100 10010011 10010011 10010011 10010011 
01111001 01110111 01110111 01110111 01110111 01110111 01110111 01110111 01110111 01110111 01110111 10000011 10001100 10010111 10010101 10010001 10010011 10010011 10010011 10010011 10010011 10010011 10010011 10010011 10010011 
01110111 01110111 01110111 01110111 01110111 01110111 01110111 01110111 01110111 01111110 10000011 10001100 10010111 10010101 10010011 10010011 10010011 10010011 10010011 10010011 10010011 10010011 10010011 10010011 10010011 
01110111 01110111 01110111 01110111 01110111 01110111 01110111 01110111 01111110 10000010 10001100 10010111 10010101 10010011 10010011 10010011 10010011 10010011 10010011 10010011 10010011 10010011 10010011 10010011 10010100 
01110111 01110111 01110111 01110111 01110111 01110111 01110111 01111110 10000010 10000100 10010111 10010101 10010011 10010011 10010011 10010011 10010011 10010011 10010011 10010011 10010011 10010011 10010011 10010100 10100011 
01110111 01110111 01110111 01110111 01110111 01110111 01111110 10000010 10000100 10001001 10010101 10010011 10010011 10010011 10010011 10010011 10010011 10010011 10010011 10010011 10010011 10010011 10010100 10100011 10110101 
01110111 01110111 01110111 01110111 01110111 01111110 10000010 10000100 10001001 10001001 10010011 10010011 10010011 10010011 10010011 10010011 10010011 10010011 10010011 10010011 10010011 10010100 10100011 10110101 11001001 
01110111 01110111 01110111 01110111 01110111 10000010 10000100 10001001 10001001 10000111 10010011 10010011 10010011 10010011 10010011 10010011 10010011 10010011 10010011 10010011 10010100 10100011 10110101 11001001 11001001 
01110111 01110111 01110111 01110111 01110111 10000100 10001001 10001001 10000111 10010101 10010011 10010011 10010011 10010011 10010011 10010011 10010011 10010011 10010011 10010011 10100011 10110101 11001001 11001001 11010001 
01110111 01110111 01110111 01110111 10000110 10001001 10001001 10000111 10010101 10010011 10010011 10010011 10010011 10010011 10010011 10010011 10010011 10010011 10010011 10010011 10110101 11001001 11001001 11010001 11010001 
01110111 01110111 01110111 10000110 10010101 10001001 10000111 10010101 10010011 10010011 10010011 10010011 10010011 10010011 10010011 10010011 10010011 10010011 10010011 10010011 11001001 11001001 11010001 11010001 11011010 
01110111 01110111 10000110 10010101 10010011 10000111 10010101 10010011 10010011 10010011 10010011 10010011 10010011 10010011 10010011 10010011 10010011 10010011 10010011 10010011 11001001 11010001 11010001 11011010 11101010 
01110111 10000110 10010101 10010011 10010011 10010101 10010011 10010011 10010011 10010011 10010011 10010011 10010011 10010011 10010011 10010011 10010011 10010011 10010011 10011110 11010001 11010001 11011010 11101010 11111111 
10000110 10010101 10010011 10010011 10010011 10010011 10010011 10010011 10010011 10010011 10010011 10010011 10010011 10010011 10010011 10010011 10010011 10010011 10011110 11010101 11010001 11011010 11101010 11111111 11111111 
10010101 10010011 10010011 10010011 10010011 10010011 10010011 10010011 10010011 10010110 10010011 10010011 10010011 10010011 11001110 10010011 10010011 10011110 11010101 11111111 11011010 11101010 11111111 11111111 11111111 
10010011 10010011 10010011 10010011 11010001 10010011 10010011 10010011 10010110 11110100 10010011 10010011 10010011 11001110 11111111 10010011 10011110 11010101 11111111 11111111 11101010 11111111 11111111 11111111 11111111 
10010011 10010011 10010011 11010001 11111111 10010011 10010011 10010110 11110100 11111111 10010011 10010011 11001110 11111111 11111111 10011110 11010101 11111111 11111111 11111111 11111111 11111111 11111111 11111111 11111111 
10010011 10010011 11010001 11111111 11111111 10010011 10010110 11110100 11111111 11111111 10010011 11001110 11111111 11111111 11111111 11010101 11111111 11111111 11111111 11111111 11111111 11111111 11111111 11111111 11111111 
10010011 11010001 11111111 11111111 11111111 10010110 11110100 11111111 11111111 11111111 11001110 11111111 11111111 11111111 11111111 11111111 11111111 11111111 11111111 11111111 11111111 11111111 11111111 11111111 11111111 
11010001 11111111 11111111 11111111 11111111 11110100 11111111 11111111 11111111 11111111 11111111 11111111 11111111 11111111 11111111 11111111 11111111 11111111 11111111 11111111 11111111 11111111 11111111 11111111 11111111 
11111111 11111111 11111111 11111111 11111111 11111111 11111111 11111111 11111111 11111111 11111111 11111111 11111111 11111111 11111111 11111111 11111111 11111111 11111111 11111111 11111111 11111111 11111111 11111111 11111111 
11111111 11111111 11111111 11111111 01110111 11111111 11111111 11111111 11111111 01101011 11111111 11111111 11111111 11111101 01100100 11111111 11111111 11111111 11110100 01100100 11111111 11111111 11111111 11101100 01100100 
11111111 11111111 11111111 01110111 01100100 11111111 11111111 11111111 01101011 01100100 11111111 11111111 11111101 01100100 01100100 11111111 11111111 11110100 01100100 01100100 11111111 11111111 11101100 01100100 01100100 
11111111 11111111 01110111 01100100 01100100 11111111 11111111 01101011 01100100 01100100 11111111 11111101 01100100 01100100 01100100 11111111 11110100 01100100 01100100 01100100 11111111 11101100 01100100 01100100 01100100 
11111111 01110111 01100100 01100100 01100100 11111111 01101011 01100100 01100100 01100100 11111101 01100100 01100100 01100100 01110101 11110100 01100100 01100100 01100100 01111110 11101100 01100100 01100100 01100100 10000000 
01110111 01100100 01100100 01100100 10010111 01101011 01100100 01100100 01100100 10011000 01100100 01100100 01100100 01110101 10010111 01100100 01100100 01100100 01111110 10010111 01100100 01100100 01100100 10000000 10010111 
01100100 01100100 01100100 10010111 10010111 01100100 01100100 01100100 10011000 10010111 01100100 01100100 01110101 10010111 10010111 01100100 01100100 01111110 10010111 10010111 01100100 01100100 10000000 10010111 10010111 
01100100 01100100 10010111 10010111 10010111 01100100 01100100 10011000 10010111 10010111 01100100 01110101 10010111 10010111 10010111 01100100 01111110 10010111 10010111 10011111 01100100 10000000 10010111 10010111 10101100 
01100100 10010111 10010111 10010111 10101010 01100100 10011000 10010111 10010111 10111000 01110101 10010111 10010111 10010111 11001001 01111110 10010111 10010111 10011111 11001100 10000000 10010111 10010111 10101100 11001100 
10010111 10010111 10010111 10101010 11001100 10011000 10010111 10010111 10111000 11001100 10010111 10010111 10010111 11001001 11001100 10010111 10010111 10011111 11001100 11001100 10010111 10010111 10101100 11001100 11001100 
10010111 10010111 10101010 11001100 11001100 10010111 10010111 10111000 11001100 11001100 10010111 10010111 11001001 11001100 11001100 10010111 10011111 11001100 11001100 11001100 10010111 10101100 11001100 11001100 11001100 
10010111 10101010 11001100 11001100 11001100 10010111 10111000 11001100 11001100 11001100 10010111 11001001 11001100 11001100 11001010 10011111 11001100 11001100 11001100 10110111 10101100 11001100 11001100 11001100 10011111 
10101010 11001100 11001100 11001100 11001001 10111000 11001100 11001100 11001100 10100110 11001001 11001100 11001100 11001010 10000100 11001100 11001100 11001100 10110111 01111110 11001100 11001100 11001100 10011111 01111110 
11001100 11001100 11001100 11001001 10001000 11001100 11001100 11001100 10100110 01111110 11001100 11001100 11001010 10000100 01111110 11001100 11001100 10110111 01111110 01111110 11001100 11001100 10011111 01111110 01111110 
11001100 11001100 11001001 10001000 01111110 11001100 11001100 10100110 01111110 01111110 11001100 11001010 10000100 01111110 01111110 11001100 10110111 01111110 01111110 01111110 11001100 10011111 01111110 01111110 01111110 
11001100 11001001 10001000 01111110 01111110 11001100 10100110 01111110 01111110 01111110 11001010 10000100 01111110 01111110 01111110 10110111 01111110 01111110 01111110 01111111 10011111 01111110 01111110 01111110 10000001 
11001001 10001000 01111110 01111110 01111110 10100110 01111110 01111110 01111110 01111110 10000100 01111110 01111110 01111110 10000011 01111110 01111110 01111110 01111111 01111100 01111110 01111110 01111110 10000001 01110111 
10001000 01111110 01111110 01111110 01111110 01111110 01111110 01111110 01111110 10000010 01111110 01111110 01111110 10000011 01110111 01111110 01111110 01111111 01111100 01110111 01111110 01111110 10000001 01110111 01110111 
01111110 01111110 01111110 01111110 01111111 01111110 01111110 01111110 10000010 01110111 01111110 01111110 10000011 01110111 01110111 01111110 01111111 01111100 01110111 01110111 01111110 10000001 01110111 01110111 01110111 
01111110 01111110 01111110 01111111 01111011 01111110 01111110 10000010 01110111 01110111 01111110 10000011 01110111 01110111 01110111 01111111 01111100 01110111 01110111 01110111 10000001 01110111 01110111 01110111 01111001 
01111110 01111110 01111111 01111011 01110111 01111110 10000010 01110111 01110111 01110111 10000011 01110111 01110111 01110111 01110111 01111100 01110111 01110111 01110111 01111110 01110111 01110111 01110111 01111001 10010100 
01111110 01111111 01111011 01110111 01110111 10000010 01110111 01110111 01110111 01110111 01110111 01110111 01110111 01110111 01111100 01110111 01110111 01110111 01111110 10010100 01110111 01110111 01111001 10010100 10010011 
01111111 01111011 01110111 01110111 01110111 01110111 01110111 01110111 01110111 01110111 01110111 01110111 01110111 01111100 10010001 01110111 01110111 01111110 10010100 10010011 01110111 01111001 10010100 10010011 10010011 
01111011 01110111 01110111 01110111 01110111 01110111 01110111 01110111 01110111 10000011 01110111 01110111 01111100 10010001 10010011 01110111 01111110 10010100 10010011 10010011 01111001 10010100 10010011 10010011 10010011 
01110111 01110111 01110111 01110111 01110111 01110111 01110111 01110111 10000011 10001100 01110111 01111100 10010001 10010011 10010011 01111110 10010100 10010011 10010011 10010011 10010100 10010011 10010011 10010011 10010011 
01110111 01110111 01110111 01110111 01110111 01110111 01110111 10000011 10001100 10010111 01111100 10010001 10010011 10010011 10010011 10010100 10010011 10010011 10010011 10010011 10010011 10010011 10010011 10010011 10010011 
01110111 01110111 01110111 01110111 01110111 01110111 10000011 10001100 10010111 10010101 10010001 10010011 10010011 10010011 10010011 10010011 10010011 10010011 10010011 10010011 10010011 10010011 10010011 10010011 10011101 
01110111 01110111 01110111 01110111 01111110 10000011 10001100 10010111 10010101 10010011 10010011 10010011 10010011 10010011 10010011 10010011 10010011 10010011 10010011 10010011 10010011 10010011 10010011 10011101 11001110 
01110111 01110111 01110111 01111110 10000010 10001100 10010111 10010101 10010011 10010011 10010011 10010011 10010011 10010011 10010011 10010011 10010011 10010011 10010011 10010100 10010011 10010011 10011101 11001110 11111000 
01110111 01110111 01111110 10000010 10000100 10010111 10010101 10010011 10010011 10010011 10010011 10010011 10010011 10010011 10010011 10010011 10010011 10010011 10010100 10100011 10010011 10011101 11001110 11111000 11111111 
01110111 01111110 10000010 10000100 10001001 10010101 10010011 10010011 10010011 10010011 10010011 10010011 10010011 10010011 10010011 10010011 10010011 10010100 10100011 10110101 10011101 11001110 11111000 11111111 11111111 
01111110 10000010 10000100 10001001 10001001 10010011 10010011 10010011 10010011 10010011 10010011 10010011 10010011 10010011 10010011 10010011 10010100 10100011 10110101 11001001 11001110 11111000 11111111 11111111 11111111 
10000010 10000100 10001001 10001001 10000111 10010011 10010011 10010011 10010011 10010011 10010011 10010011 10010011 10010011 10010011 10010100 10100011 10110101 11001001 11001001 11111000 11111111 11111111 11111111 11111111 
10000100 10001001 10001001 10000111 10010101 10010011 10010011 10010011 10010011 10010011 10010011 10010011 10010011 10010011 10010011 10100011 10110101 11001001 11001001 11010001 11111111 11111111 11111111 11111111 11111111 
10001001 10001001 10000111 10010101 10010011 10010011 10010011 10010011 10010011 10010011 10010011 10010011 10010011 10010011 10010011 10110101 11001001 11001001 11010001 11010001 11111111 11111111 11111111 11111111 11111111 
10001001 10000111 10010101 10010011 10010011 10010011 10010011 10010011 10010011 10010011 10010011 10010011 10010011 10010011 10010011 11001001 11001001 11010001 11010001 11011010 11111111 11111111 11111111 11111111 11111111 
10000111 10010101 10010011 10010011 10010011 10010011 10010011 10010011 10010011 10010011 10010011 10010011 10010011 10010011 10010011 11001001 11010001 11010001 11011010 11101010 11111111 11111111 11111111 11111111 11111111 
10010101 10010011 10010011 10010011 10010011 10010011 10010011 10010011 10010011 10010011 10010011 10010011 10010011 10010011 10011110 11010001 11010001 11011010 11101010 11111111 11111111 11111111 11111111 11111111 11111111 
10010011 10010011 10010011 10010011 10010011 10010011 10010011 10010011 10010011 10010011 10010011 10010011 10010011 10011110 11010101 11010001 11011010 11101010 11111111 11111111 11111111 11111111 11111111 11111111 11111111 
10010011 10010011 10010011 10010011 10010110 10010011 10010011 10010011 10010011 11001110 10010011 10010011 10011110 11010101 11111111 11011010 11101010 11111111 11111111 11111111 11111111 11111111 11111111 11111111 11111111 
10010011 10010011 10010011 10010110 11110100 10010011 10010011 10010011 11001110 11111111 10010011 10011110 11010101 11111111 11111111 11101010 11111111 11111111 11111111 11111111 11111111 11111111 11111111 11111111 11111111 
10010011 10010011 10010110 11110100 11111111 10010011 10010011 11001110 11111111 11111111 10011110 11010101 11111111 11111111 11111111 11111111 11111111 11111111 11111111 11111111 11111111 11111111 11111111 11111111 11111111 
10010011 10010110 11110100 11111111 11111111 10010011 11001110 11111111 11111111 11111111 11010101 11111111 11111111 11111111 11111111 11111111 11111111 11111111 11111111 11111111 11111111 11111111 11111111 11111111 11111111 
10010110 11110100 11111111 11111111 11111111 11001110 11111111 11111111 11111111 11111111 11111111 11111111 11111111 11111111 11111111 11111111 11111111 11111111 11111111 11111111 11111111 11111111 11111111 11111111 11111111 
11110100 11111111 11111111 11111111 11111111 11111111 11111111 11111111 11111111 11111111 11111111 11111111 11111111 11111111 11111111 11111111 11111111 11111111 11111111 11111111 11111111 11111111 11111111 11111111 11111111 
11111111 11111111 11111111 11111111 11111111 11111111 11111111 11111111 11111111 11111111 11111111 11111111 11111111 11111111 11111111 11111111 11111111 11111111 11111111 11111111 11111111 11111111 11111111 11111111 11111111 
11111111 11111111 11111111 11111111 01101011 11111111 11111111 11111111 11111101 01100100 11111111 11111111 11111111 11110100 01100100 11111111 11111111 11111111 11101100 01100100 11111111 11111111 11111111 11101011 01100100 
11111111 11111111 11111111 01101011 01100100 11111111 11111111 11111101 01100100 01100100 11111111 11111111 11110100 01100100 01100100 11111111 11111111 11101100 01100100 01100100 11111111 11111111 11101011 01100100 01100100 
11111111 11111111 01101011 01100100 01100100 11111111 11111101 01100100 01100100 01100100 11111111 11110100 01100100 01100100 01100100 11111111 11101100 01100100 01100100 01100100 11111111 11101011 01100100 01100100 01100100 
11111111 01101011 01100100 01100100 01100100 11111101 01100100 01100100 01100100 01110101 11110100 01100100 01100100 01100100 01111110 11101100 01100100 01100100 01100100 10000000 11101011 01100100 01100100 01100100 10000000 
01101011 01100100 01100100 01100100 10011000 01100100 01100100 01100100 01110101 10010111 01100100 01100100 01100100 01111110 10010111 01100100 01100100 01100100 10000000 10010111 01100100 01100100 01100100 10000000 10010111 
01100100 01100100 01100100 10011000 10010111 01100100 01100100 01110101 10010111 10010111 01100100 01100100 01111110 10010111 10010111 01100100 01100100 10000000 10010111 10010111 01100100 01100100 10000000 10010111 10010111 
01100100 01100100 10011000 10010111 10010111 01100100 01110101 10010111 10010111 10010111 01100100 01111110 10010111 10010111 10011111 01100100 10000000 10010111 10010111 10101100 01100100 10000000 10010111 10010111 10110000 
01100100 10011000 10010111 10010111 10111000 01110101 10010111 10010111 10010111 11001001 01111110 10010111 10010111 10011111 11001100 10000000 10010111 10010111 10101100 11001100 10000000 10010111 10010111 10110000 11001100 
10011000 10010111 10010111 10111000 11001100 10010111 10010111 10010111 11001001 11001100 10010111 10010111 10011111 11001100 11001100 10010111 10010111 10101100 11001100 11001100 10010111 10010111 10110000 11001100 11001100 
10010111 10010111 10111000 11001100 11001100 10010111 10010111 11001001 11001100 11001100 10010111 10011111 11001100 11001100 11001100 10010111 10101100 11001100 11001100 11001100 10010111 10110000 11001100 11001100 11001100 
10010111 10111000 11001100 11001100 11001100 10010111 11001001 11001100 11001100 11001010 10011111 11001100 11001100 11001100 10110111 10101100 11001100 11001100 11001100 10011111 10110000 11001100 11001100 11001100 10001101 
10111000 11001100 11001100 11001100 10100110 11001001 11001100 11001100 11001010 10000100 11001100 11001100 11001100 10110111 01111110 11001100 11001100 11001100 10011111 01111110 11001100 11001100 11001100 10001101 01111110 
11001100 11001100 11001100 10100110 01111110 11001100 11001100 11001010 10000100 01111110 11001100 11001100 10110111 01111110 01111110 11001100 11001100 10011111 01111110 01111110 11001100 11001100 10001101 01111110 01111110 
11001100 11001100 10100110 01111110 01111110 11001100 11001010 10000100 01111110 01111110 11001100 10110111 01111110 01111110 01111110 11001100 10011111 01111110 01111110 01111110 11001100 10001101 01111110 01111110 01111110 
11001100 10100110 01111110 01111110 01111110 11001010 10000100 01111110 01111110 01111110 10110111 01111110 01111110 01111110 01111111 10011111 01111110 01111110 01111110 10000001 10001101 01111110 01111110 01111110 10000001 
10100110 01111110 01111110 01111110 01111110 10000100 01111110 01111110 01111110 10000011 01111110 01111110 01111110 01111111 01111100 01111110 01111110 01111110 10000001 01110111 01111110 01111110 01111110 10000001 01110111 
01111110 01111110 01111110 01111110 10000010 01111110 01111110 01111110 10000011 01110111 01111110 01111110 01111111 01111100 01110111 01111110 01111110 10000001 01110111 01110111 01111110 01111110 10000001 01110111 01110111 
01111110 01111110 01111110 10000010 01110111 01111110 01111110 10000011 01110111 01110111 01111110 01111111 01111100 01110111 01110111 01111110 10000001 01110111 01110111 01110111 01111110 10000001 01110111 01110111 01110111 
01111110 01111110 10000010 01110111 01110111 01111110 10000011 01110111 01110111 01110111 01111111 01111100 01110111 01110111 01110111 10000001 01110111 01110111 01110111 01111001 10000001 01110111 01110111 01110111 10001100 
01111110 10000010 01110111 01110111 01110111 10000011 01110111 01110111 01110111 01110111 01111100 01110111 01110111 01110111 01111110 01110111 01110111 01110111 01111001 10010100 01110111 01110111 01110111 10001100 10010011 
10000010 01110111 01110111 01110111 01110111 01110111 01110111 01110111 01110111 01111100 01110111 01110111 01110111 01111110 10010100 01110111 01110111 01111001 10010100 10010011 01110111 01110111 10001100 10010011 10010011 
01110111 01110111 01110111 01110111 01110111 01110111 01110111 01110111 01111100 10010001 01110111 01110111 01111110 10010100 10010011 01110111 01111001 10010100 10010011 10010011 01110111 10001100 10010011 10010011 10010011 
01110111 01110111 01110111 01110111 10000011 01110111 01110111 01111100 10010001 10010011 01110111 01111110 10010100 10010011 10010011 01111001 10010100 10010011 10010011 10010011 10001100 10010011 10010011 10010011 10010011 
01110111 01110111 01110111 10000011 10001100 01110111 01111100 10010001 10010011 10010011 01111110 10010100 10010011 10010011 10010011 10010100 10010011 10010011 10010011 10010011 10010011 10010011 10010011 10010011 10010011 
01110111 01110111 10000011 10001100 10010111 01111100 10010001 10010011 10010011 10010011 10010100 10010011 10010011 10010011 10010011 10010011 10010011 10010011 10010011 10010011 10010011 10010011 10010011 10010011 10110100 
01110111 10000011 10001100 10010111 10010101 10010001 10010011 10010011 10010011 10010011 10010011 10010011 10010011 10010011 10010011 10010011 10010011 10010011 10010011 10011101 10010011 10010011 10010011 10110100 11111000 
10000011 10001100 10010111 10010101 10010011 10010011 10010011 10010011 10010011 10010011 10010011 10010011 10010011 10010011 10010011 10010011 10010011 10010011 10011101 11001110 10010011 10010011 10110100 11111000 11111111 
10001100 10010111 10010101 10010011 10010011 10010011 10010011 10010011 10010011 10010011 10010011 10010011 10010011 10010011 10010100 10010011 10010011 10011101 11001110 11111000 10010011 10110100 11111000 11111111 11111111 
10010111 10010101 10010011 10010011 10010011 10010011 10010011 10010011 10010011 10010011 10010011 10010011 10010011 10010100 10100011 10010011 10011101 11001110 11111000 11111111 10110100 11111000 11111111 11111111 11111111 
10010101 10010011 10010011 10010011 10010011 10010011 10010011 10010011 10010011 10010011 10010011 10010011 10010100 10100011 10110101 10011101 11001110 11111000 11111111 11111111 11111000 11111111 11111111 11111111 11111111 
10010011 10010011 10010011 10010011 10010011 10010011 10010011 10010011 10010011 10010011 10010011 10010100 10100011 10110101 11001001 11001110 11111000 11111111 11111111 11111111 11111111 11111111 11111111 11111111 11111111 
10010011 10010011 10010011 10010011 10010011 10010011 10010011 10010011 10010011 10010011 10010100 10100011 10110101 11001001 11001001 11111000 11111111 11111111 11111111 11111111 11111111 11111111 11111111 11111111 11111111 
10010011 10010011 10010011 10010011 10010011 10010011 10010011 10010011 10010011 10010011 10100011 10110101 11001001 11001001 11010001 11111111 11111111 11111111 11111111 11111111 11111111 11111111 11111111 11111111 11111111 
10010011 10010011 10010011 10010011 10010011 10010011 10010011 10010011 10010011 10010011 10110101 11001001 11001001 11010001 11010001 11111111 11111111 11111111 11111111 11111111 11111111 11111111 11111111 11111111 11111111 
10010011 10010011 10010011 10010011 10010011 10010011 10010011 10010011 10010011 10010011 11001001 11001001 11010001 11010001 11011010 11111111 11111111 11111111 11111111 11111111 11111111 11111111 11111111 11111111 11111111 
10010011 10010011 10010011 10010011 10010011 10010011 10010011 10010011 10010011 10010011 11001001 11010001 11010001 11011010 11101010 11111111 11111111 11111111 11111111 11111111 11111111 11111111 11111111 11111111 11111111 
10010011 10010011 10010011 10010011 10010011 10010011 10010011 10010011 10010011 10011110 11010001 11010001 11011010 11101010 11111111 11111111 11111111 11111111 11111111 11111111 11111111 11111111 11111111 11111111 11111111 
10010011 10010011 10010011 10010011 10010011 10010011 10010011 10010011 10011110 11010101 11010001 11011010 11101010 11111111 11111111 11111111 11111111 11111111 11111111 11111111 11111111 11111111 11111111 11111111 11111111 
10010011 10010011 10010011 10010011 11001110 10010011 10010011 10011110 11010101 11111111 11011010 11101010 11111111 11111111 11111111 11111111 11111111 11111111 11111111 11111111 11111111 11111111 11111111 11111111 11111111 
10010011 10010011 10010011 11001110 11111111 10010011 10011110 11010101 11111111 11111111 11101010 11111111 11111111 11111111 11111111 11111111 11111111 11111111 11111111 11111111 11111111 11111111 11111111 11111111 11111111 
10010011 10010011 11001110 11111111 11111111 10011110 11010101 11111111 11111111 11111111 11111111 11111111 11111111 11111111 11111111 11111111 11111111 11111111 11111111 11111111 11111111 11111111 11111111 11111111 11111111 
10010011 11001110 11111111 11111111 11111111 11010101 11111111 11111111 11111111 11111111 11111111 11111111 11111111 11111111 11111111 11111111 11111111 11111111 11111111 11111111 11111111 11111111 11111111 11111111 11111111 
11001110 11111111 11111111 11111111 11111111 11111111 11111111 11111111 11111111 11111111 11111111 11111111 11111111 11111111 11111111 11111111 11111111 11111111 11111111 11111111 11111111 11111111 11111111 11111111 11111111 
11111111 11111111 11111111 11111111 11111111 11111111 11111111 11111111 11111111 11111111 11111111 11111111 11111111 11111111 11111111 11111111 11111111 11111111 11111111 11111111 11111111 11111111 11111111 11111111 11111111 
11111111 11111111 11111111 11111111 11111111 11111111 11111111 11111111 11111111 11111111 11111111 11111111 11111111 11111111 11111111 11111111 11111111 11111111 11111111 11111111 11111111 11111111 11111111 11111111 11111111 
11111111 11111111 11111111 11111101 01100100 11111111 11111111 11111111 11110100 01100100 11111111 11111111 11111111 11101100 01100100 11111111 11111111 11111111 11101011 01100100 11111111 11111111 11111111 11101101 01100100 
11111111 11111111 11111101 01100100 01100100 11111111 11111111 11110100 01100100 01100100 11111111 11111111 11101100 01100100 01100100 11111111 11111111 11101011 01100100 01100100 11111111 11111111 11101101 01100100 01100100 
11111111 11111101 01100100 01100100 01100100 11111111 11110100 01100100 01100100 01100100 11111111 11101100 01100100 01100100 01100100 11111111 11101011 01100100 01100100 01100100 11111111 11101101 01100100 01100100 01100100 
11111101 01100100 01100100 01100100 01110101 11110100 01100100 01100100 01100100 01111110 11101100 01100100 01100100 01100100 10000000 11101011 01100100 01100100 01100100 10000000 11101101 01100100 01100100 01100100 01111110 
01100100 01100100 01100100 01110101 10010111 01100100 01100100 01100100 01111110 10010111 01100100 01100100 01100100 10000000 10010111 01100100 01100100 01100100 10000000 10010111 01100100 01100100 01100100 01111110 10010111 
01100100 01100100 01110101 10010111 10010111 01100100 01100100 01111110 10010111 10010111 01100100 01100100 10000000 10010111 10010111 01100100 01100100 10000000 10010111 10010111 01100100 01100100 01111110 10010111 10010111 
01100100 01110101 10010111 10010111 10010111 01100100 01111110 10010111 10010111 10011111 01100100 10000000 10010111 10010111 10101100 01100100 10000000 10010111 10010111 10110000 01100100 01111110 10010111 10010111 10110100 
01110101 10010111 10010111 10010111 11001001 01111110 10010111 10010111 10011111 11001100 10000000 10010111 10010111 10101100 11001100 10000000 10010111 10010111 10110000 11001100 01111110 10010111 10010111 10110100 11001100 
10010111 10010111 10010111 11001001 11001100 10010111 10010111 10011111 11001100 11001100 10010111 10010111 10101100 11001100 11001100 10010111 10010111 10110000 11001100 11001100 10010111 10010111 10110100 11001100 11001100 
10010111 10010111 11001001 11001100 11001100 10010111 10011111 11001100 11001100 11001100 10010111 10101100 11001100 11001100 11001100 10010111 10110000 11001100 11001100 11001100 10010111 10110100 11001100 11001100 11001010 
10010111 11001001 11001100 11001100 11001010 10011111 11001100 11001100 11001100 10110111 10101100 11001100 11001100 11001100 10011111 10110000 11001100 11001100 11001100 10001101 10110100 11001100 11001100 11001010 01111111 
11001001 11001100 11001100 11001010 10000100 11001100 11001100 11001100 10110111 01111110 11001100 11001100 11001100 10011111 01111110 11001100 11001100 11001100 10001101 01111110 11001100 11001100 11001010 01111111 01111110 
11001100 11001100 11001010 10000100 01111110 11001100 11001100 10110111 01111110 01111110 11001100 11001100 10011111 01111110 01111110 11001100 11001100 10001101 01111110 01111110 11001100 11001010 01111111 01111110 01111110 
11001100 11001010 10000100 01111110 01111110 11001100 10110111 01111110 01111110 01111110 11001100 10011111 01111110 01111110 01111110 11001100 10001101 01111110 01111110 01111110 11001010 01111111 01111110 01111110 10000010 
11001010 10000100 01111110 01111110 01111110 10110111 01111110 01111110 01111110 01111111 10011111 01111110 01111110 01111110 10000001 10001101 01111110 01111110 01111110 10000001 01111111 01111110 01111110 10000010 01110111 
10000100 01111110 01111110 01111110 10000011 01111110 01111110 01111110 01111111 01111100 01111110 01111110 01111110 10000001 01110111 01111110 01111110 01111110 10000001 01110111 01111110 01111110 10000010 01110111 01110111 
01111110 01111110 01111110 10000011 01110111 01111110 01111110 01111111 01111100 01110111 01111110 01111110 10000001 01110111 01110111 01111110 01111110 10000001 01110111 01110111 01111110 10000010 01110111 01110111 01110111 
01111110 01111110 10000011 01110111 01110111 01111110 01111111 01111100 01110111 01110111 01111110 10000001 01110111 01110111 01110111 01111110 10000001 01110111 01110111 01110111 10000010 01110111 01110111 01110111 01111100 
01111110 10000011 01110111 01110111 01110111 01111111 01111100 01110111 01110111 01110111 10000001 01110111 01110111 01110111 01111001 10000001 01110111 01110111 01110111 10001100 01110111 01110111 01110111 01111100 10010101 
10000011 01110111 01110111 01110111 01110111 01111100 01110111 01110111 01110111 01111110 01110111 01110111 01110111 01111001 10010100 01110111 01110111 01110111 10001100 10010011 01110111 01110111 01111100 10010101 10010011 
01110111 01110111 01110111 01110111 01111100 01110111 01110111 01110111 01111110 10010100 01110111 01110111 01111001 10010100 10010011 01110111 01110111 10001100 10010011 10010011 01110111 01111100 10010101 10010011 10010011 
01110111 01110111 01110111 01111100 10010001 01110111 01110111 01111110 10010100 10010011 01110111 01111001 10010100 10010011 10010011 01110111 10001100 10010011 10010011 10010011 01111100 10010101 10010011 10010011 10010011 
01110111 01110111 01111100 10010001 10010011 01110111 01111110 10010100 10010011 10010011 01111001 10010100 10010011 10010011 10010011 10001100 10010011 10010011 10010011 10010011 10010101 10010011 10010011 10010011 10010011 
01110111 01111100 10010001 10010011 10010011 01111110 10010100 10010011 10010011 10010011 10010100 10010011 10010011 10010011 10010011 10010011 10010011 10010011 10010011 10010011 10010011 10010011 10010011 10010011 10111000 
01111100 10010001 10010011 10010011 10010011 10010100 10010011 10010011 10010011 10010011 10010011 10010011 10010011 10010011 10010011 10010011 10010011 10010011 10010011 10110100 10010011 10010011 10010011 10111000 11111111 
10010001 10010011 10010011 10010011 10010011 10010011 10010011 10010011 10010011 10010011 10010011 10010011 10010011 10010011 10011101 10010011 10010011 10010011 10110100 11111000 10010011 10010011 10111000 11111111 11111111 
10010011 10010011 10010011 10010011 10010011 10010011 10010011 10010011 10010011 10010011 10010011 10010011 10010011 10011101 11001110 10010011 10010011 10110100 11111000 11111111 10010011 10111000 11111111 11111111 11111111 
10010011 10010011 10010011 10010011 10010011 10010011 10010011 10010011 10010011 10010100 10010011 10010011 10011101 11001110 11111000 10010011 10110100 11111000 11111111 11111111 10111000 11111111 11111111 11111111 11111111 
10010011 10010011 10010011 10010011 10010011 10010011 10010011 10010011 10010100 10100011 10010011 10011101 11001110 11111000 11111111 10110100 11111000 11111111 11111111 11111111 11111111 11111111 11111111 11111111 11111111 
10010011 10010011 10010011 10010011 10010011 10010011 10010011 10010100 10100011 10110101 10011101 11001110 11111000 11111111 11111111 11111000 11111111 11111111 11111111 11111111 11111111 11111111 11111111 11111111 11111111 
10010011 10010011 10010011 10010011 10010011 10010011 10010100 10100011 10110101 11001001 11001110 11111000 11111111 11111111 11111111 11111111 11111111 11111111 11111111 11111111 11111111 11111111 11111111 11111111 11111111 
10010011 10010011 10010011 10010011 10010011 10010100 10100011 10110101 11001001 11001001 11111000 11111111 11111111 11111111 11111111 11111111 11111111 11111111 11111111 11111111 11111111 11111111 11111111 11111111 11111111 
10010011 10010011 10010011 10010011 10010011 10100011 10110101 11001001 11001001 11010001 11111111 11111111 11111111 11111111 11111111 11111111 11111111 11111111 11111111 11111111 11111111 11111111 11111111 11111111 11111111 
10010011 10010011 10010011 10010011 10010011 10110101 11001001 11001001 11010001 11010001 11111111 11111111 11111111 11111111 11111111 11111111 11111111 11111111 11111111 11111111 11111111 11111111 11111111 11111111 11111111 
10010011 10010011 10010011 10010011 10010011 11001001 11001001 11010001 11010001 11011010 11111111 11111111 11111111 11111111 11111111 11111111 11111111 11111111 11111111 11111111 11111111 11111111 11111111 11111111 11111111 
10010011 10010011 10010011 10010011 10010011 11001001 11010001 11010001 11011010 11101010 11111111 11111111 11111111 11111111 11111111 11111111 11111111 11111111 11111111 11111111 11111111 11111111 11111111 11111111 11111111 
10010011 10010011 10010011 10010011 10011110 11010001 11010001 11011010 11101010 11111111 11111111 11111111 11111111 11111111 11111111 11111111 11111111 11111111 11111111 11111111 11111111 11111111 11111111 11111111 11111111 
10010011 10010011 10010011 10011110 11010101 11010001 11011010 11101010 11111111 11111111 11111111 11111111 11111111 11111111 11111111 11111111 11111111 11111111 11111111 11111111 11111111 11111111 11111111 11111111 11111111 
10010011 10010011 10011110 11010101 11111111 11011010 11101010 11111111 11111111 11111111 11111111 11111111 11111111 11111111 11111111 11111111 11111111 11111111 11111111 11111111 11111111 11111111 11111111 11111111 11111111 
10010011 10011110 11010101 11111111 11111111 11101010 11111111 11111111 11111111 11111111 11111111 11111111 11111111 11111111 11111111 11111111 11111111 11111111 11111111 11111111 11111111 11111111 11111111 11111111 11111111 
10011110 11010101 11111111 11111111 11111111 11111111 11111111 11111111 11111111 11111111 11111111 11111111 11111111 11111111 11111111 11111111 11111111 11111111 11111111 11111111 11111111 11111111 11111111 11111111 11111111 
11010101 11111111 11111111 11111111 11111111 11111111 11111111 11111111 11111111 11111111 11111111 11111111 11111111 11111111 11111111 11111111 11111111 11111111 11111111 11111111 11111111 11111111 11111111 11111111 11111111 
11111111 11111111 11111111 11111111 11111111 11111111 11111111 11111111 11111111 11111111 11111111 11111111 11111111 11111111 11111111 11111111 11111111 11111111 11111111 11111111 11111111 11111111 11111111 11111111 11111111 
11111111 11111111 11111111 11111111 11111111 11111111 11111111 11111111 11111111 11111111 11111111 11111111 11111111 11111111 11111111 11111111 11111111 11111111 11111111 11111111 11111111 11111111 11111111 11111111 11111111 
11111111 11111111 11111111 11111111 11111111 11111111 11111111 11111111 11111111 11111111 11111111 11111111 11111111 11111111 11111111 11111111 11111111 11111111 11111111 11111111 11111111 11111111 11111111 11111111 11111111 
11111111 11111111 11111111 11110100 01100100 11111111 11111111 11111111 11101100 01100100 11111111 11111111 11111111 11101011 01100100 11111111 11111111 11111111 11101101 01100100 11111111 11111111 11111111 11110000 01100100 
11111111 11111111 11110100 01100100 01100100 11111111 11111111 11101100 01100100 01100100 11111111 11111111 11101011 01100100 01100100 11111111 11111111 11101101 01100100 01100100 11111111 11111111 11110000 01100100 01100100 
11111111 11110100 01100100 01100100 01100100 11111111 11101100 01100100 01100100 01100100 11111111 11101011 01100100 01100100 01100100 11111111 11101101 01100100 01100100 01100100 11111111 11110000 01100100 01100100 01100100 
11110100 01100100 01100100 01100100 01111110 11101100 01100100 01100100 01100100 10000000 11101011 01100100 01100100 01100100 10000000 11101101 01100100 01100100 01100100 01111110 11110000 01100100 01100100 01100100 01111101 
01100100 01100100 01100100 01111110 10010111 01100100 01100100 01100100 10000000 10010111 01100100 01100100 01100100 10000000 10010111 01100100 01100100 01100100 01111110 10010111 01100100 01100100 01100100 01111101 10010111 
01100100 01100100 01111110 10010111 10010111 01100100 01100100 10000000 10010111 10010111 01100100 01100100 10000000 10010111 10010111 01100100 01100100 01111110 10010111 10010111 01100100 01100100 01111101 10010111 10010111 
01100100 01111110 10010111 10010111 10011111 01100100 10000000 10010111 10010111 10101100 01100100 10000000 10010111 10010111 10110000 01100100 01111110 10010111 10010111 10110100 01100100 01111101 10010111 10010111 10111110 
01111110 10010111 10010111 10011111 11001100 10000000 10010111 10010111 10101100 11001100 10000000 10010111 10010111 10110000 11001100 01111110 10010111 10010111 10110100 11001100 01111101 10010111 10010111 10111110 11001100 
10010111 10010111 10011111 11001100 11001100 10010111 10010111 10101100 11001100 11001100 10010111 10010111 10110000 11001100 11001100 10010111 10010111 10110100 11001100 11001100 10010111 10010111 10111110 11001100 11001100 
10010111 10011111 11001100 11001100 11001100 10010111 10101100 11001100 11001100 11001100 10010111 10110000 11001100 11001100 11001100 10010111 10110100 11001100 11001100 11001010 10010111 10111110 11001100 11001100 10111111 
10011111 11001100 11001100 11001100 10110111 10101100 11001100 11001100 11001100 10011111 10110000 11001100 11001100 11001100 10001101 10110100 11001100 11001100 11001010 01111111 10111110 11001100 11001100 10111111 01111110 
11001100 11001100 11001100 10110111 01111110 11001100 11001100 11001100 10011111 01111110 11001100 11001100 11001100 10001101 01111110 11001100 11001100 11001010 01111111 01111110 11001100 11001100 10111111 01111110 01111110 
11001100 11001100 10110111 01111110 01111110 11001100 11001100 10011111 01111110 01111110 11001100 11001100 10001101 01111110 01111110 11001100 11001010 01111111 01111110 01111110 11001100 10111111 01111110 01111110 01111110 
11001100 10110111 01111110 01111110 01111110 11001100 10011111 01111110 01111110 01111110 11001100 10001101 01111110 01111110 01111110 11001010 01111111 01111110 01111110 10000010 10111111 01111110 01111110 01111110 10000100 
10110111 01111110 01111110 01111110 01111111 10011111 01111110 01111110 01111110 10000001 10001101 01111110 01111110 01111110 10000001 01111111 01111110 01111110 10000010 01110111 01111110 01111110 01111110 10000100 01110111 
01111110 01111110 01111110 01111111 01111100 01111110 01111110 01111110 10000001 01110111 01111110 01111110 01111110 10000001 01110111 01111110 01111110 10000010 01110111 01110111 01111110 01111110 10000100 01110111 01110111 
01111110 01111110 01111111 01111100 01110111 01111110 01111110 10000001 01110111 01110111 01111110 01111110 10000001 01110111 01110111 01111110 10000010 01110111 01110111 01110111 01111110 10000100 01110111 01110111 01110111 
01111110 01111111 01111100 01110111 01110111 01111110 10000001 01110111 01110111 01110111 01111110 10000001 01110111 01110111 01110111 10000010 01110111 01110111 01110111 01111100 10000100 01110111 01110111 01110111 10001000 
01111111 01111100 01110111 01110111 01110111 10000001 01110111 01110111 01110111 01111001 10000001 01110111 01110111 01110111 10001100 01110111 01110111 01110111 01111100 10010101 01110111 01110111 01110111 10001000 10010011 
01111100 01110111 01110111 01110111 01111110 01110111 01110111 01110111 01111001 10010100 01110111 01110111 01110111 10001100 10010011 01110111 01110111 01111100 10010101 10010011 01110111 01110111 10001000 10010011 10010011 
01110111 01110111 01110111 01111110 10010100 01110111 01110111 01111001 10010100 10010011 01110111 01110111 10001100 10010011 10010011 01110111 01111100 10010101 10010011 10010011 01110111 10001000 10010011 10010011 10010011 
01110111 01110111 01111110 10010100 10010011 01110111 01111001 10010100 10010011 10010011 01110111 10001100 10010011 10010011 10010011 01111100 10010101 10010011 10010011 10010011 10001000 10010011 10010011 10010011 10010011 
01110111 01111110 10010100 10010011 10010011 01111001 10010100 10010011 10010011 10010011 10001100 10010011 10010011 10010011 10010011 10010101 10010011 10010011 10010011 10010011 10010011 10010011 10010011 10010011 10011111 
01111110 10010100 10010011 10010011 10010011 10010100 10010011 10010011 10010011 10010011 10010011 10010011 10010011 10010011 10010011 10010011 10010011 10010011 10010011 10111000 10010011 10010011 10010011 10011111 11111010 
10010100 10010011 10010011 10010011 10010011 10010011 10010011 10010011 10010011 10010011 10010011 10010011 10010011 10010011 10110100 10010011 10010011 10010011 10111000 11111111 10010011 10010011 10011111 11111010 11111111 
10010011 10010011 10010011 10010011 10010011 10010011 10010011 10010011 10010011 10011101 10010011 10010011 10010011 10110100 11111000 10010011 10010011 10111000 11111111 11111111 10010011 10011111 11111010 11111111 11111111 
10010011 10010011 10010011 10010011 10010011 10010011 10010011 10010011 10011101 11001110 10010011 10010011 10110100 11111000 11111111 10010011 10111000 11111111 11111111 11111111 10011111 11111010 11111111 11111111 11111111 
10010011 10010011 10010011 10010011 10010100 10010011 10010011 10011101 11001110 11111000 10010011 10110100 11111000 11111111 11111111 10111000 11111111 11111111 11111111 11111111 11111010 11111111 11111111 11111111 11111111 
10010011 10010011 10010011 10010100 10100011 10010011 10011101 11001110 11111000 11111111 10110100 11111000 11111111 11111111 11111111 11111111 11111111 11111111 11111111 11111111 11111111 11111111 11111111 11111111 11111111 
10010011 10010011 10010100 10100011 10110101 10011101 11001110 11111000 11111111 11111111 11111000 11111111 11111111 11111111 11111111 11111111 11111111 11111111 11111111 11111111 11111111 11111111 11111111 11111111 11111111 
10010011 10010100 10100011 10110101 11001001 11001110 11111000 11111111 11111111 11111111 11111111 11111111 11111111 11111111 11111111 11111111 11111111 11111111 11111111 11111111 11111111 11111111 11111111 11111111 11111111 
10010100 10100011 10110101 11001001 11001001 11111000 11111111 11111111 11111111 11111111 11111111 11111111 11111111 11111111 11111111 11111111 11111111 11111111 11111111 11111111 11111111 11111111 11111111 11111111 11111111 
10100011 10110101 11001001 11001001 11010001 11111111 11111111 11111111 11111111 11111111 11111111 11111111 11111111 11111111 11111111 11111111 11111111 11111111 11111111 11111111 11111111 11111111 11111111 11111111 11111111 
10110101 11001001 11001001 11010001 11010001 11111111 11111111 11111111 11111111 11111111 11111111 11111111 11111111 11111111 11111111 11111111 11111111 11111111 11111111 11111111 11111111 11111111 11111111 11111111 11111111 
11001001 11001001 11010001 11010001 11011010 11111111 11111111 11111111 11111111 11111111 11111111 11111111 11111111 11111111 11111111 11111111 11111111 11111111 11111111 11111111 11111111 11111111 11111111 11111111 11111111 
11001001 11010001 11010001 11011010 11101010 11111111 11111111 11111111 11111111 11111111 11111111 11111111 11111111 11111111 11111111 11111111 11111111 11111111 11111111 11111111 11111111 11111111 11111111 11111111 11111111 
11010001 11010001 11011010 11101010 11111111 11111111 11111111 11111111 11111111 11111111 11111111 11111111 11111111 11111111 11111111 11111111 11111111 11111111 11111111 11111111 11111111 11111111 11111111 11111111 11111111 
11010001 11011010 11101010 11111111 11111111 11111111 11111111 11111111 11111111 11111111 11111111 11111111 11111111 11111111 11111111 11111111 11111111 11111111 11111111 11111111 11111111 11111111 11111111 11111111 11111111 
11011010 11101010 11111111 11111111 11111111 11111111 11111111 11111111 11111111 11111111 11111111 11111111 11111111 11111111 11111111 11111111 11111111 11111111 11111111 11111111 11111111 11111111 11111111 11111111 11111111 
11101010 11111111 11111111 11111111 11111111 11111111 11111111 11111111 11111111 11111111 11111111 11111111 11111111 11111111 11111111 11111111 11111111 11111111 11111111 11111111 11111111 11111111 11111111 11111111 11111111 
11111111 11111111 11111111 11111111 11111111 11111111 11111111 11111111 11111111 11111111 11111111 11111111 11111111 11111111 11111111 11111111 11111111 11111111 11111111 11111111 11111111 11111111 11111111 11111111 11111111 
11111111 11111111 11111111 11111111 11111111 11111111 11111111 11111111 11111111 11111111 11111111 11111111 11111111 11111111 11111111 11111111 11111111 11111111 11111111 11111111 11111111 11111111 11111111 11111111 11111111 
11111111 11111111 11111111 11111111 11111111 11111111 11111111 11111111 11111111 11111111 11111111 11111111 11111111 11111111 11111111 11111111 11111111 11111111 11111111 11111111 11111111 11111111 11111111 11111111 11111111 
11111111 11111111 11111111 11111111 11111111 11111111 11111111 11111111 11111111 11111111 11111111 11111111 11111111 11111111 11111111 11111111 11111111 11111111 11111111 11111111 11111111 11111111 11111111 11111111 11111111 
11111111 11111111 11111111 11111111 11111111 11111111 11111111 11111111 11111111 11111111 11111111 11111111 11111111 11111111 11111111 11111111 11111111 11111111 11111111 11111111 11111111 11111111 11111111 11111111 11111111 
11111111 11111111 11111111 11101100 01100100 11111111 11111111 11111111 11101011 01100100 11111111 11111111 11111111 11101101 01100100 11111111 11111111 11111111 11110000 01100100 11111111 11111111 11111111 11111010 01100100 
11111111 11111111 11101100 01100100 01100100 11111111 11111111 11101011 01100100 01100100 11111111 11111111 11101101 01100100 01100100 11111111 11111111 11110000 01100100 01100100 11111111 11111111 11111010 01100100 01100100 
11111111 11101100 01100100 01100100 01100100 11111111 11101011 01100100 01100100 01100100 11111111 11101101 01100100 01100100 01100100 11111111 11110000 01100100 01100100 01100100 11111111 11111010 01100100 01100100 01100100 
11101100 01100100 01100100 01100100 10000000 11101011 01100100 01100100 01100100 10000000 11101101 01100100 01100100 01100100 01111110 11110000 01100100 01100100 01100100 01111101 11111010 01100100 01100100 01100100 01111101 
01100100 01100100 01100100 10000000 10010111 01100100 01100100 01100100 10000000 10010111 01100100 01100100 01100100 01111110 10010111 01100100 01100100 01100100 01111101 10010111 01100100 01100100 01100100 01111101 10010111 
01100100 01100100 10000000 10010111 10010111 01100100 01100100 10000000 10010111 10010111 01100100 01100100 01111110 10010111 10010111 01100100 01100100 01111101 10010111 10010111 01100100 01100100 01111101 10010111 10010111 
01100100 10000000 10010111 10010111 10101100 01100100 10000000 10010111 10010111 10110000 01100100 01111110 10010111 10010111 10110100 01100100 01111101 10010111 10010111 10111110 01100100 01111101 10010111 10010111 11000010 
10000000 10010111 10010111 10101100 11001100 10000000 10010111 10010111 10110000 11001100 01111110 10010111 10010111 10110100 11001100 01111101 10010111 10010111 10111110 11001100 01111101 10010111 10010111 11000010 11001100 
10010111 10010111 10101100 11001100 11001100 10010111 10010111 10110000 11001100 11001100 10010111 10010111 10110100 11001100 11001100 10010111 10010111 10111110 11001100 11001100 10010111 10010111 11000010 11001100 11001100 
10010111 10101100 11001100 11001100 11001100 10010111 10110000 11001100 11001100 11001100 10010111 10110100 11001100 11001100 11001010 10010111 10111110 11001100 11001100 10111111 10010111 11000010 11001100 11001100 10110101 
10101100 11001100 11001100 11001100 10011111 10110000 11001100 11001100 11001100 10001101 10110100 11001100 11001100 11001010 01111111 10111110 11001100 11001100 10111111 01111110 11000010 11001100 11001100 10110101 01111110 
11001100 11001100 11001100 10011111 01111110 11001100 11001100 11001100 10001101 01111110 11001100 11001100 11001010 01111111 01111110 11001100 11001100 10111111 01111110 01111110 11001100 11001100 10110101 01111110 01111110 
11001100 11001100 10011111 01111110 01111110 11001100 11001100 10001101 01111110 01111110 11001100 11001010 01111111 01111110 01111110 11001100 10111111 01111110 01111110 01111110 11001100 10110101 01111110 01111110 01111110 
11001100 10011111 01111110 01111110 01111110 11001100 10001101 01111110 01111110 01111110 11001010 01111111 01111110 01111110 10000010 10111111 01111110 01111110 01111110 10000100 10110101 01111110 01111110 01111110 01111101 
10011111 01111110 01111110 01111110 10000001 10001101 01111110 01111110 01111110 10000001 01111111 01111110 01111110 10000010 01110111 01111110 01111110 01111110 10000100 01110111 01111110 01111110 01111110 01111101 01110111 
01111110 01111110 01111110 10000001 01110111 01111110 01111110 01111110 10000001 01110111 01111110 01111110 10000010 01110111 01110111 01111110 01111110 10000100 01110111 01110111 01111110 01111110 01111101 01110111 01110111 
01111110 01111110 10000001 01110111 01110111 01111110 01111110 10000001 01110111 01110111 01111110 10000010 01110111 01110111 01110111 01111110 10000100 01110111 01110111 01110111 01111110 01111101 01110111 01110111 01110111 
01111110 10000001 01110111 01110111 01110111 01111110 10000001 01110111 01110111 01110111 10000010 01110111 01110111 01110111 01111100 10000100 01110111 01110111 01110111 10001000 01111101 01110111 01110111 01110111 10010101 
10000001 01110111 01110111 01110111 01111001 10000001 01110111 01110111 01110111 10001100 01110111 01110111 01110111 01111100 10010101 01110111 01110111 01110111 10001000 10010011 01110111 01110111 01110111 10010101 10010011 
01110111 01110111 01110111 01111001 10010100 01110111 01110111 01110111 10001100 10010011 01110111 01110111 01111100 10010101 10010011 01110111 01110111 10001000 10010011 10010011 01110111 01110111 10010101 10010011 10010011 
01110111 01110111 01111001 10010100 10010011 01110111 01110111 10001100 10010011 10010011 01110111 01111100 10010101 10010011 10010011 01110111 10001000 10010011 10010011 10010011 01110111 10010101 10010011 10010011 10010011 
01110111 01111001 10010100 10010011 10010011 01110111 10001100 10010011 10010011 10010011 01111100 10010101 10010011 10010011 10010011 10001000 10010011 10010011 10010011 10010011 10010101 10010011 10010011 10010011 10010011 
01111001 10010100 10010011 10010011 10010011 10001100 10010011 10010011 10010011 10010011 10010101 10010011 10010011 10010011 10010011 10010011 10010011 10010011 10010011 10011111 10010011 10010011 10010011 10010011 11011100 
10010100 10010011 10010011 10010011 10010011 10010011 10010011 10010011 10010011 10010011 10010011 10010011 10010011 10010011 10111000 10010011 10010011 10010011 10011111 11111010 10010011 10010011 10010011 11011100 11111111 
10010011 10010011 10010011 10010011 10010011 10010011 10010011 10010011 10010011 10110100 10010011 10010011 10010011 10111000 11111111 10010011 10010011 10011111 11111010 11111111 10010011 10010011 11011100 11111111 11111111 
10010011 10010011 10010011 10010011 10011101 10010011 10010011 10010011 10110100 11111000 10010011 10010011 10111000 11111111 11111111 10010011 10011111 11111010 11111111 11111111 10010011 11011100 11111111 11111111 11111111 
10010011 10010011 10010011 10011101 11001110 10010011 10010011 10110100 11111000 11111111 10010011 10111000 11111111 11111111 11111111 10011111 11111010 11111111 11111111 11111111 11011100 11111111 11111111 11111111 11111111 
10010011 10010011 10011101 11001110 11111000 10010011 10110100 11111000 11111111 11111111 10111000 11111111 11111111 11111111 11111111 11111010 11111111 11111111 11111111 11111111 11111111 11111111 11111111 11111111 11111111 
10010011 10011101 11001110 11111000 11111111 10110100 11111000 11111111 11111111 11111111 11111111 11111111 11111111 11111111 11111111 11111111 11111111 11111111 11111111 11111111 11111111 11111111 11111111 11111111 11111111 
10011101 11001110 11111000 11111111 11111111 11111000 11111111 11111111 11111111 11111111 11111111 11111111 11111111 11111111 11111111 11111111 11111111 11111111 11111111 11111111 11111111 11111111 11111111 11111111 11111111 
11001110 11111000 11111111 11111111 11111111 11111111 11111111 11111111 11111111 11111111 11111111 11111111 11111111 11111111 11111111 11111111 11111111 11111111 11111111 11111111 11111111 11111111 11111111 11111111 11111111 
11111000 11111111 11111111 11111111 11111111 11111111 11111111 11111111 11111111 11111111 11111111 11111111 11111111 11111111 11111111 11111111 11111111 11111111 11111111 11111111 11111111 11111111 11111111 11111111 11111111 
11111111 11111111 11111111 11111111 11111111 11111111 11111111 11111111 11111111 11111111 11111111 11111111 11111111 11111111 11111111 11111111 11111111 11111111 11111111 11111111 11111111 11111111 11111111 11111111 11111111 
11111111 11111111 11111111 11111111 11111111 11111111 11111111 11111111 11111111 11111111 11111111 11111111 11111111 11111111 11111111 11111111 11111111 11111111 11111111 11111111 11111111 11111111 11111111 11111111 11111111 
11111111 11111111 11111111 11111111 11111111 11111111 11111111 11111111 11111111 11111111 11111111 11111111 11111111 11111111 11111111 11111111 11111111 11111111 11111111 11111111 11111111 11111111 11111111 11111111 11111111 
11111111 11111111 11111111 11111111 11111111 11111111 11111111 11111111 11111111 11111111 11111111 11111111 11111111 11111111 11111111 11111111 11111111 11111111 11111111 11111111 11111111 11111111 11111111 11111111 11111111 
11111111 11111111 11111111 11111111 11111111 11111111 11111111 11111111 11111111 11111111 11111111 11111111 11111111 11111111 11111111 11111111 11111111 11111111 11111111 11111111 11111111 11111111 11111111 11111111 11111111 
11111111 11111111 11111111 11111111 11111111 11111111 11111111 11111111 11111111 11111111 11111111 11111111 11111111 11111111 11111111 11111111 11111111 11111111 11111111 11111111 11111111 11111111 11111111 11111111 11111111 
11111111 11111111 11111111 11111111 11111111 11111111 11111111 11111111 11111111 11111111 11111111 11111111 11111111 11111111 11111111 11111111 11111111 11111111 11111111 11111111 11111111 11111111 11111111 11111111 11111111 
11111111 11111111 11111111 11111111 11111111 11111111 11111111 11111111 11111111 11111111 11111111 11111111 11111111 11111111 11111111 11111111 11111111 11111111 11111111 11111111 11111111 11111111 11111111 11111111 11111111 
11111111 11111111 11111111 11111111 11111111 11111111 11111111 11111111 11111111 11111111 11111111 11111111 11111111 11111111 11111111 11111111 11111111 11111111 11111111 11111111 11111111 11111111 11111111 11111111 11111111 
11111111 11111111 11111111 11111111 11111111 11111111 11111111 11111111 11111111 11111111 11111111 11111111 11111111 11111111 11111111 11111111 11111111 11111111 11111111 11111111 11111111 11111111 11111111 11111111 11111111 
11111111 11111111 11111111 11111111 11111111 11111111 11111111 11111111 11111111 11111111 11111111 11111111 11111111 11111111 11111111 11111111 11111111 11111111 11111111 11111111 11111111 11111111 11111111 11111111 11111111 
11111111 11111111 11111111 11111111 11111111 11111111 11111111 11111111 11111111 11111111 11111111 11111111 11111111 11111111 11111111 11111111 11111111 11111111 11111111 11111111 11111111 11111111 11111111 11111111 11111111 
11111111 11111111 11111111 11111111 11111111 11111111 11111111 11111111 11111111 11111111 11111111 11111111 11111111 11111111 11111111 11111111 11111111 11111111 11111111 11111111 11111111 11111111 11111111 11111111 11111111 
11111111 11111111 11111111 11101011 01100100 11111111 11111111 11111111 11101101 01100100 11111111 11111111 11111111 11110000 01100100 11111111 11111111 11111111 11111010 01100100 11111111 11111111 11111111 11111111 01100110 
11111111 11111111 11101011 01100100 01100100 11111111 11111111 11101101 01100100 01100100 11111111 11111111 11110000 01100100 01100100 11111111 11111111 11111010 01100100 01100100 11111111 11111111 11111111 01100110 01100100 
11111111 11101011 01100100 01100100 01100100 11111111 11101101 01100100 01100100 01100100 11111111 11110000 01100100 01100100 01100100 11111111 11111010 01100100 01100100 01100100 11111111 11111111 01100110 01100100 01100100 
11101011 01100100 01100100 01100100 10000000 11101101 01100100 01100100 01100100 01111110 11110000 01100100 01100100 01100100 01111101 11111010 01100100 01100100 01100100 01111101 11111111 01100110 01100100 01100100 01111101 
01100100 01100100 01100100 10000000 10010111 01100100 01100100 01100100 01111110 10010111 01100100 01100100 01100100 01111101 10010111 01100100 01100100 01100100 01111101 10010111 01100110 01100100 01100100 01111101 10010111 
01100100 01100100 10000000 10010111 10010111 01100100 01100100 01111110 10010111 10010111 01100100 01100100 01111101 10010111 10010111 01100100 01100100 01111101 10010111 10010111 01100100 01100100 01111101 10010111 10010111 
01100100 10000000 10010111 10010111 10110000 01100100 01111110 10010111 10010111 10110100 01100100 01111101 10010111 10010111 10111110 01100100 01111101 10010111 10010111 11000010 01100100 01111101 10010111 10010111 11000101 
10000000 10010111 10010111 10110000 11001100 01111110 10010111 10010111 10110100 11001100 01111101 10010111 10010111 10111110 11001100 01111101 10010111 10010111 11000010 11001100 01111101 10010111 10010111 11000101 11001100 
10010111 10010111 10110000 11001100 11001100 10010111 10010111 10110100 11001100 11001100 10010111 10010111 10111110 11001100 11001100 10010111 10010111 11000010 11001100 11001100 10010111 10010111 11000101 11001100 11001100 
10010111 10110000 11001100 11001100 11001100 10010111 10110100 11001100 11001100 11001010 10010111 10111110 11001100 11001100 10111111 10010111 11000010 11001100 11001100 10110101 10010111 11000101 11001100 11001100 10101101 
10110000 11001100 11001100 11001100 10001101 10110100 11001100 11001100 11001010 01111111 10111110 11001100 11001100 10111111 01111110 11000010 11001100 11001100 10110101 01111110 11000101 11001100 11001100 10101101 01111110 
11001100 11001100 11001100 10001101 01111110 11001100 11001100 11001010 01111111 01111110 11001100 11001100 10111111 01111110 01111110 11001100 11001100 10110101 01111110 01111110 11001100 11001100 10101101 01111110 01111110 
11001100 11001100 10001101 01111110 01111110 11001100 11001010 01111111 01111110 01111110 11001100 10111111 01111110 01111110 01111110 11001100 10110101 01111110 01111110 01111110 11001100 10101101 01111110 01111110 01111110 
11001100 10001101 01111110 01111110 01111110 11001010 01111111 01111110 01111110 10000010 10111111 01111110 01111110 01111110 10000100 10110101 01111110 01111110 01111110 01111101 10101101 01111110 01111110 01111110 10000011 
10001101 01111110 01111110 01111110 10000001 01111111 01111110 01111110 10000010 01110111 01111110 01111110 01111110 10000100 01110111 01111110 01111110 01111110 01111101 01110111 01111110 01111110 01111110 10000011 01110111 
01111110 01111110 01111110 10000001 01110111 01111110 01111110 10000010 01110111 01110111 01111110 01111110 10000100 01110111 01110111 01111110 01111110 01111101 01110111 01110111 01111110 01111110 10000011 01110111 01110111 
01111110 01111110 10000001 01110111 01110111 01111110 10000010 01110111 01110111 01110111 01111110 10000100 01110111 01110111 01110111 01111110 01111101 01110111 01110111 01110111 01111110 10000011 01110111 01110111 01111000 
01111110 10000001 01110111 01110111 01110111 10000010 01110111 01110111 01110111 01111100 10000100 01110111 01110111 01110111 10001000 01111101 01110111 01110111 01110111 10010101 10000011 01110111 01110111 01111000 10010101 
10000001 01110111 01110111 01110111 10001100 01110111 01110111 01110111 01111100 10010101 01110111 01110111 01110111 10001000 10010011 01110111 01110111 01110111 10010101 10010011 01110111 01110111 01111000 10010101 10010011 
01110111 01110111 01110111 10001100 10010011 01110111 01110111 01111100 10010101 10010011 01110111 01110111 10001000 10010011 10010011 01110111 01110111 10010101 10010011 10010011 01110111 01111000 10010101 10010011 10010011 
01110111 01110111 10001100 10010011 10010011 01110111 01111100 10010101 10010011 10010011 01110111 10001000 10010011 10010011 10010011 01110111 10010101 10010011 10010011 10010011 01111000 10010101 10010011 10010011 10010011 
01110111 10001100 10010011 10010011 10010011 01111100 10010101 10010011 10010011 10010011 10001000 10010011 10010011 10010011 10010011 10010101 10010011 10010011 10010011 10010011 10010101 10010011 10010011 10010011 10011111 
10001100 10010011 10010011 10010011 10010011 10010101 10010011 10010011 10010011 10010011 10010011 10010011 10010011 10010011 10011111 10010011 10010011 10010011 10010011 11011100 10010011 10010011 10010011 10011111 11111111 
10010011 10010011 10010011 10010011 10010011 10010011 10010011 10010011 10010011 10111000 10010011 10010011 10010011 10011111 11111010 10010011 10010011 10010011 11011100 11111111 10010011 10010011 10011111 11111111 11111111 
10010011 10010011 10010011 10010011 10110100 10010011 10010011 10010011 10111000 11111111 10010011 10010011 10011111 11111010 11111111 10010011 10010011 11011100 11111111 11111111 10010011 10011111 11111111 11111111 11111111 
10010011 10010011 10010011 10110100 11111000 10010011 10010011 10111000 11111111 11111111 10010011 10011111 11111010 11111111 11111111 10010011 11011100 11111111 11111111 11111111 10011111 11111111 11111111 11111111 11111111 
10010011 10010011 10110100 11111000 11111111 10010011 10111000 11111111 11111111 11111111 10011111 11111010 11111111 11111111 11111111 11011100 11111111 11111111 11111111 11111111 11111111 11111111 11111111 11111111 11111111 
10010011 10110100 11111000 11111111 11111111 10111000 11111111 11111111 11111111 11111111 11111010 11111111 11111111 11111111 11111111 11111111 11111111 11111111 11111111 11111111 11111111 11111111 11111111 11111111 11111111 
10110100 11111000 11111111 11111111 11111111 11111111 11111111 11111111 11111111 11111111 11111111 11111111 11111111 11111111 11111111 11111111 11111111 11111111 11111111 11111111 11111111 11111111 11111111 11111111 11111111 
11111000 11111111 11111111 11111111 11111111 11111111 11111111 11111111 11111111 11111111 11111111 11111111 11111111 11111111 11111111 11111111 11111111 11111111 11111111 11111111 11111111 11111111 11111111 11111111 11111111 
11111111 11111111 11111111 11111111 11111111 11111111 11111111 11111111 11111111 11111111 11111111 11111111 11111111 11111111 11111111 11111111 11111111 11111111 11111111 11111111 11111111 11111111 11111111 11111111 11111111 
11111111 11111111 11111111 11111111 11111111 11111111 11111111 11111111 11111111 11111111 11111111 11111111 11111111 11111111 11111111 11111111 11111111 11111111 11111111 11111111 11111111 11111111 11111111 11111111 11111111 
11111111 11111111 11111111 11111111 11111111 11111111 11111111 11111111 11111111 11111111 11111111 11111111 11111111 11111111 11111111 11111111 11111111 11111111 11111111 11111111 11111111 11111111 11111111 11111111 11111111 
11111111 11111111 11111111 11111111 11111111 11111111 11111111 11111111 11111111 11111111 11111111 11111111 11111111 11111111 11111111 11111111 11111111 11111111 11111111 11111111 11111111 11111111 11111111 11111111 11111111 
11111111 11111111 11111111 11111111 11111111 11111111 11111111 11111111 11111111 11111111 11111111 11111111 11111111 11111111 11111111 11111111 11111111 11111111 11111111 11111111 11111111 11111111 11111111 11111111 11111111 
11111111 11111111 11111111 11111111 11111111 11111111 11111111 11111111 11111111 11111111 11111111 11111111 11111111 11111111 11111111 11111111 11111111 11111111 11111111 11111111 11111111 11111111 11111111 11111111 11111111 
11111111 11111111 11111111 11111111 11111111 11111111 11111111 11111111 11111111 11111111 11111111 11111111 11111111 11111111 11111111 11111111 11111111 11111111 11111111 11111111 11111111 11111111 11111111 11111111 11111111 
11111111 11111111 11111111 11111111 11111111 11111111 11111111 11111111 11111111 11111111 11111111 11111111 11111111 11111111 11111111 11111111 11111111 11111111 11111111 11111111 11111111 11111111 11111111 11111111 11111111 
11111111 11111111 11111111 11111111 11111111 11111111 11111111 11111111 11111111 11111111 11111111 11111111 11111111 11111111 11111111 11111111 11111111 11111111 11111111 11111111 11111111 11111111 11111111 11111111 11111111 
11111111 11111111 11111111 11111111 11111111 11111111 11111111 11111111 11111111 11111111 11111111 11111111 11111111 11111111 11111111 11111111 11111111 11111111 11111111 11111111 11111111 11111111 11111111 11111111 11111111 
11111111 11111111 11111111 11111111 11111111 11111111 11111111 11111111 11111111 11111111 11111111 11111111 11111111 11111111 11111111 11111111 11111111 11111111 11111111 11111111 11111111 11111111 11111111 11111111 11111111 
11111111 11111111 11111111 11111111 11111111 11111111 11111111 11111111 11111111 11111111 11111111 11111111 11111111 11111111 11111111 11111111 11111111 11111111 11111111 11111111 11111111 11111111 11111111 11111111 11111111 
11111111 11111111 11111111 11111111 11111111 11111111 11111111 11111111 11111111 11111111 11111111 11111111 11111111 11111111 11111111 11111111 11111111 11111111 11111111 11111111 11111111 11111111 11111111 11111111 11111111 
11111111 11111111 11111111 11111111 11111111 11111111 11111111 11111111 11111111 11111111 11111111 11111111 11111111 11111111 11111111 11111111 11111111 11111111 11111111 11111111 11111111 11111111 11111111 11111111 11111111 
11111111 11111111 11111111 11111111 11111111 11111111 11111111 11111111 11111111 11111111 11111111 11111111 11111111 11111111 11111111 11111111 11111111 11111111 11111111 11111111 11111111 11111111 11111111 11111111 11111111 
11111111 11111111 11111111 11101101 01100100 11111111 11111111 11111111 11110000 01100100 11111111 11111111 11111111 11111010 01100100 11111111 11111111 11111111 11111111 01100110 11111111 11111111 11111111 11111111 01101100 
11111111 11111111 11101101 01100100 01100100 11111111 11111111 11110000 01100100 01100100 11111111 11111111 11111010 01100100 01100100 11111111 11111111 11111111 01100110 01100100 11111111 11111111 11111111 01101100 01100100 
11111111 11101101 01100100 01100100 01100100 11111111 11110000 01100100 01100100 01100100 11111111 11111010 01100100 01100100 01100100 11111111 11111111 01100110 01100100 01100100 11111111 11111111 01101100 01100100 01100100 
11101101 01100100 01100100 01100100 01111110 11110000 01100100 01100100 01100100 01111101 11111010 01100100 01100100 01100100 01111101 11111111 01100110 01100100 01100100 01111101 11111111 01101100 01100100 01100100 01111110 
01100100 01100100 01100100 01111110 10010111 01100100 01100100 01100100 01111101 10010111 01100100 01100100 01100100 01111101 10010111 01100110 01100100 01100100 01111101 10010111 01101100 01100100 01100100 01111110 10010111 
01100100 01100100 01111110 10010111 10010111 01100100 01100100 01111101 10010111 10010111 01100100 01100100 01111101 10010111 10010111 01100100 01100100 01111101 10010111 10010111 01100100 01100100 01111110 10010111 10010111 
01100100 01111110 10010111 10010111 10110100 01100100 01111101 10010111 10010111 10111110 01100100 01111101 10010111 10010111 11000010 01100100 01111101 10010111 10010111 11000101 01100100 01111110 10010111 10010111 11000110 
01111110 10010111 10010111 10110100 11001100 01111101 10010111 10010111 10111110 11001100 01111101 10010111 10010111 11000010 11001100 01111101 10010111 10010111 11000101 11001100 01111110 10010111 10010111 11000110 11001100 
10010111 10010111 10110100 11001100 11001100 10010111 10010111 10111110 11001100 11001100 10010111 10010111 11000010 11001100 11001100 10010111 10010111 11000101 11001100 11001100 10010111 10010111 11000110 11001100 11001100 
10010111 10110100 11001100 11001100 11001010 10010111 10111110 11001100 11001100 10111111 10010111 11000010 11001100 11001100 10110101 10010111 11000101 11001100 11001100 10101101 10010111 11000110 11001100 11001100 10101000 
10110100 11001100 11001100 11001010 01111111 10111110 11001100 11001100 10111111 01111110 11000010 11001100 11001100 10110101 01111110 11000101 11001100 11001100 10101101 01111110 11000110 11001100 11001100 10101000 01111110 
11001100 11001100 11001010 01111111 01111110 11001100 11001100 10111111 01111110 01111110 11001100 11001100 10110101 01111110 01111110 11001100 11001100 10101101 01111110 01111110 11001100 11001100 10101000 01111110 01111110 
11001100 11001010 01111111 01111110 01111110 11001100 10111111 01111110 01111110 01111110 11001100 10110101 01111110 01111110 01111110 11001100 10101101 01111110 01111110 01111110 11001100 10101000 01111110 01111110 01111110 
11001010 01111111 01111110 01111110 10000010 10111111 01111110 01111110 01111110 10000100 10110101 01111110 01111110 01111110 01111101 10101101 01111110 01111110 01111110 10000011 10101000 01111110 01111110 01111110 10000001 
01111111 01111110 01111110 10000010 01110111 01111110 01111110 01111110 10000100 01110111 01111110 01111110 01111110 01111101 01110111 01111110 01111110 01111110 10000011 01110111 01111110 01111110 01111110 10000001 01110111 
01111110 01111110 10000010 01110111 01110111 01111110 01111110 10000100 01110111 01110111 01111110 01111110 01111101 01110111 01110111 01111110 01111110 10000011 01110111 01110111 01111110 01111110 10000001 01110111 01110111 
01111110 10000010 01110111 01110111 01110111 01111110 10000100 01110111 01110111 01110111 01111110 01111101 01110111 01110111 01110111 01111110 10000011 01110111 01110111 01111000 01111110 10000001 01110111 01110111 10000101 
10000010 01110111 01110111 01110111 01111100 10000100 01110111 01110111 01110111 10001000 01111101 01110111 01110111 01110111 10010101 10000011 01110111 01110111 01111000 10010101 10000001 01110111 01110111 10000101 10010011 
01110111 01110111 01110111 01111100 10010101 01110111 01110111 01110111 10001000 10010011 01110111 01110111 01110111 10010101 10010011 01110111 01110111 01111000 10010101 10010011 01110111 01110111 10000101 10010011 10010011 
01110111 01110111 01111100 10010101 10010011 01110111 01110111 10001000 10010011 10010011 01110111 01110111 10010101 10010011 10010011 01110111 01111000 10010101 10010011 10010011 01110111 10000101 10010011 10010011 10010011 
01110111 01111100 10010101 10010011 10010011 01110111 10001000 10010011 10010011 10010011 01110111 10010101 10010011 10010011 10010011 01111000 10010101 10010011 10010011 10010011 10000101 10010011 10010011 10010011 10010011 
01111100 10010101 10010011 10010011 10010011 10001000 10010011 10010011 10010011 10010011 10010101 10010011 10010011 10010011 10010011 10010101 10010011 10010011 10010011 10011111 10010011 10010011 10010011 10010011 11001010 
10010101 10010011 10010011 10010011 10010011 10010011 10010011 10010011 10010011 10011111 10010011 10010011 10010011 10010011 11011100 10010011 10010011 10010011 10011111 11111111 10010011 10010011 10010011 11001010 11111111 
10010011 10010011 10010011 10010011 10111000 10010011 10010011 10010011 10011111 11111010 10010011 10010011 10010011 11011100 11111111 10010011 10010011 10011111 11111111 11111111 10010011 10010011 11001010 11111111 11111111 
10010011 10010011 10010011 10111000 11111111 10010011 10010011 10011111 11111010 11111111 10010011 10010011 11011100 11111111 11111111 10010011 10011111 11111111 11111111 11111111 10010011 11001010 11111111 11111111 11111111 
10010011 10010011 10111000 11111111 11111111 10010011 10011111 11111010 11111111 11111111 10010011 11011100 11111111 11111111 11111111 10011111 11111111 11111111 11111111 11111111 11001010 11111111 11111111 11111111 11111111 
10010011 10111000 11111111 11111111 11111111 10011111 11111010 11111111 11111111 11111111 11011100 11111111 11111111 11111111 11111111 11111111 11111111 11111111 11111111 11111111 11111111 11111111 11111111 11111111 11111111 
10111000 11111111 11111111 11111111 11111111 11111010 11111111 11111111 11111111 11111111 11111111 11111111 11111111 11111111 11111111 11111111 11111111 11111111 11111111 11111111 11111111 11111111 11111111 11111111 11111111 
11111111 11111111 11111111 11111111 11111111 11111111 11111111 11111111 11111111 11111111 11111111 11111111 11111111 11111111 11111111 11111111 11111111 11111111 11111111 11111111 11111111 11111111 11111111 11111111 11111111 
11111111 11111111 11111111 11111111 11111111 11111111 11111111 11111111 11111111 11111111 11111111 11111111 11111111 11111111 11111111 11111111 11111111 11111111 11111111 11111111 11111111 11111111 11111111 11111111 11111111 
11111111 11111111 11111111 11111111 11111111 11111111 11111111 11111111 11111111 11111111 11111111 11111111 11111111 11111111 11111111 11111111 11111111 11111111 11111111 11111111 11111111 11111111 11111111 11111111 11111111 
11111111 11111111 11111111 11111111 11111111 11111111 11111111 11111111 11111111 11111111 11111111 11111111 11111111 11111111 11111111 11111111 11111111 11111111 11111111 11111111 11111111 11111111 11111111 11111111 11111111 
11111111 11111111 11111111 11111111 11111111 11111111 11111111 11111111 11111111 11111111 11111111 11111111 11111111 11111111 11111111 11111111 11111111 11111111 11111111 11111111 11111111 11111111 11111111 11111111 11111111 
11111111 11111111 11111111 11111111 11111111 11111111 11111111 11111111 11111111 11111111 11111111 11111111 11111111 11111111 11111111 11111111 11111111 11111111 11111111 11111111 11111111 11111111 11111111 11111111 11111111 
11111111 11111111 11111111 11111111 11111111 11111111 11111111 11111111 11111111 11111111 11111111 11111111 11111111 11111111 11111111 11111111 11111111 11111111 11111111 11111111 11111111 11111111 11111111 11111111 11111111 
11111111 11111111 11111111 11111111 11111111 11111111 11111111 11111111 11111111 11111111 11111111 11111111 11111111 11111111 11111111 11111111 11111111 11111111 11111111 11111111 11111111 11111111 11111111 11111111 11111111 
11111111 11111111 11111111 11111111 11111111 11111111 11111111 11111111 11111111 11111111 11111111 11111111 11111111 11111111 11111111 11111111 11111111 11111111 11111111 11111111 11111111 11111111 11111111 11111111 11111111 
11111111 11111111 11111111 11111111 11111111 11111111 11111111 11111111 11111111 11111111 11111111 11111111 11111111 11111111 11111111 11111111 11111111 11111111 11111111 11111111 11111111 11111111 11111111 11111111 11111111 
11111111 11111111 11111111 11111111 11111111 11111111 11111111 11111111 11111111 11111111 11111111 11111111 11111111 11111111 11111111 11111111 11111111 11111111 11111111 11111111 11111111 11111111 11111111 11111111 11111111 
11111111 11111111 11111111 11111111 11111111 11111111 11111111 11111111 11111111 11111111 11111111 11111111 11111111 11111111 11111111 11111111 11111111 11111111 11111111 11111111 11111111 11111111 11111111 11111111 11111111 
11111111 11111111 11111111 11111111 11111111 11111111 11111111 11111111 11111111 11111111 11111111 11111111 11111111 11111111 11111111 11111111 11111111 11111111 11111111 11111111 11111111 11111111 11111111 11111111 11111111 
11111111 11111111 11111111 11111111 11111111 11111111 11111111 11111111 11111111 11111111 11111111 11111111 11111111 11111111 11111111 11111111 11111111 11111111 11111111 11111111 11111111 11111111 11111111 11111111 11111111 
11111111 11111111 11111111 11111111 11111111 11111111 11111111 11111111 11111111 11111111 11111111 11111111 11111111 11111111 11111111 11111111 11111111 11111111 11111111 11111111 11111111 11111111 11111111 11111111 11111111 
11111111 11111111 11111111 11111111 11111111 11111111 11111111 11111111 11111111 11111111 11111111 11111111 11111111 11111111 11111111 11111111 11111111 11111111 11111111 11111111 11111111 11111111 11111111 11111111 11111111 
11111111 11111111 11111111 11111111 11111111 11111111 11111111 11111111 11111111 11111111 11111111 11111111 11111111 11111111 11111111 11111111 11111111 11111111 11111111 11111111 11111111 11111111 11111111 11111111 11111111 
11111111 11111111 11111111 11110000 01100100 11111111 11111111 11111111 11111010 01100100 11111111 11111111 11111111 11111111 01100110 11111111 11111111 11111111 11111111 01101100 11111111 11111111 11111111 11111111 01110100 
11111111 11111111 11110000 01100100 01100100 11111111 11111111 11111010 01100100 01100100 11111111 11111111 11111111 01100110 01100100 11111111 11111111 11111111 01101100 01100100 11111111 11111111 11111111 01110100 01100100 
11111111 11110000 01100100 01100100 01100100 11111111 11111010 01100100 01100100 01100100 11111111 11111111 01100110 01100100 01100100 11111111 11111111 01101100 01100100 01100100 11111111 11111111 01110100 01100100 01100100 
11110000 01100100 01100100 01100100 01111101 11111010 01100100 01100100 01100100 01111101 11111111 01100110 01100100 01100100 01111101 11111111 01101100 01100100 01100100 01111110 11111111 01110100 01100100 01100100 10000000 
01100100 01100100 01100100 01111101 10010111 01100100 01100100 01100100 01111101 10010111 01100110 01100100 01100100 01111101 10010111 01101100 01100100 01100100 01111110 10010111 01110100 01100100 01100100 10000000 10010111 
01100100 01100100 01111101 10010111 10010111 01100100 01100100 01111101 10010111 10010111 01100100 01100100 01111101 10010111 10010111 01100100 01100100 01111110 10010111 10010111 01100100 01100100 10000000 10010111 10010111 
01100100 01111101 10010111 10010111 10111110 01100100 01111101 10010111 10010111 11000010 01100100 01111101 10010111 10010111 11000101 01100100 01111110 10010111 10010111 11000110 01100100 10000000 10010111 10010111 11000110 
01111101 10010111 10010111 10111110 11001100 01111101 10010111 10010111 11000010 11001100 01111101 10010111 10010111 11000101 11001100 01111110 10010111 10010111 11000110 11001100 10000000 10010111 10010111 11000110 11001100 
10010111 10010111 10111110 11001100 11001100 10010111 10010111 11000010 11001100 11001100 10010111 10010111 11000101 11001100 11001100 10010111 10010111 11000110 11001100 11001100 10010111 10010111 11000110 11001100 11001100 
10010111 10111110 11001100 11001100 10111111 10010111 11000010 11001100 11001100 10110101 10010111 11000101 11001100 11001100 10101101 10010111 11000110 11001100 11001100 10101000 10010111 11000110 11001100 11001100 10100100 
10111110 11001100 11001100 10111111 01111110 11000010 11001100 11001100 10110101 01111110 11000101 11001100 11001100 10101101 01111110 11000110 11001100 11001100 10101000 01111110 11000110 11001100 11001100 10100100 01111110 
11001100 11001100 10111111 01111110 01111110 11001100 11001100 10110101 01111110 01111110 11001100 11001100 10101101 01111110 01111110 11001100 11001100 10101000 01111110 01111110 11001100 11001100 10100100 01111110 01111110 
11001100 10111111 01111110 01111110 01111110 11001100 10110101 01111110 01111110 01111110 11001100 10101101 01111110 01111110 01111110 11001100 10101000 01111110 01111110 01111110 11001100 10100100 01111110 01111110 01111110 
10111111 01111110 01111110 01111110 10000100 10110101 01111110 01111110 01111110 01111101 10101101 01111110 01111110 01111110 10000011 10101000 01111110 01111110 01111110 10000001 10100100 01111110 01111110 01111110 01111001 
01111110 01111110 01111110 10000100 01110111 01111110 01111110 01111110 01111101 01110111 01111110 01111110 01111110 10000011 01110111 01111110 01111110 01111110 10000001 01110111 01111110 01111110 01111110 01111001 01110111 
01111110 01111110 10000100 01110111 01110111 01111110 01111110 01111101 01110111 01110111 01111110 01111110 10000011 01110111 01110111 01111110 01111110 10000001 01110111 01110111 01111110 01111110 01111001 01110111 01110111 
01111110 10000100 01110111 01110111 01110111 01111110 01111101 01110111 01110111 01110111 01111110 10000011 01110111 01110111 01111000 01111110 10000001 01110111 01110111 10000101 01111110 01111001 01110111 01110111 10001001 
10000100 01110111 01110111 01110111 10001000 01111101 01110111 01110111 01110111 10010101 10000011 01110111 01110111 01111000 10010101 10000001 01110111 01110111 10000101 10010011 01111001 01110111 01110111 10001001 10010011 
01110111 01110111 01110111 10001000 10010011 01110111 01110111 01110111 10010101 10010011 01110111 01110111 01111000 10010101 10010011 01110111 01110111 10000101 10010011 10010011 01110111 01110111 10001001 10010011 10010011 
01110111 01110111 10001000 10010011 10010011 01110111 01110111 10010101 10010011 10010011 01110111 01111000 10010101 10010011 10010011 01110111 10000101 10010011 10010011 10010011 01110111 10001001 10010011 10010011 10010011 
01110111 10001000 10010011 10010011 10010011 01110111 10010101 10010011 10010011 10010011 01111000 10010101 10010011 10010011 10010011 10000101 10010011 10010011 10010011 10010011 10001001 10010011 10010011 10010011 10010011 
10001000 10010011 10010011 10010011 10010011 10010101 10010011 10010011 10010011 10010011 10010101 10010011 10010011 10010011 10011111 10010011 10010011 10010011 10010011 11001010 10010011 10010011 10010011 10010011 11100101 
10010011 10010011 10010011 10010011 10011111 10010011 10010011 10010011 10010011 11011100 10010011 10010011 10010011 10011111 11111111 10010011 10010011 10010011 11001010 11111111 10010011 10010011 10010011 11100101 11111111 
10010011 10010011 10010011 10011111 11111010 10010011 10010011 10010011 11011100 11111111 10010011 10010011 10011111 11111111 11111111 10010011 10010011 11001010 11111111 11111111 10010011 10010011 11100101 11111111 11111111 
10010011 10010011 10011111 11111010 11111111 10010011 10010011 11011100 11111111 11111111 10010011 10011111 11111111 11111111 11111111 10010011 11001010 11111111 11111111 11111111 10010011 11100101 11111111 11111111 11111111 
10010011 10011111 11111010 11111111 11111111 10010011 11011100 11111111 11111111 11111111 10011111 11111111 11111111 11111111 11111111 11001010 11111111 11111111 11111111 11111111 11100101 11111111 11111111 11111111 11111111 
10011111 11111010 11111111 11111111 11111111 11011100 11111111 11111111 11111111 11111111 11111111 11111111 11111111 11111111 11111111 11111111 11111111 11111111 11111111 11111111 11111111 11111111 11111111 11111111 11111111 
11111010 11111111 11111111 11111111 11111111 11111111 11111111 11111111 11111111 11111111 11111111 11111111 11111111 11111111 11111111 11111111 11111111 11111111 11111111 11111111 11111111 11111111 11111111 11111111 11111111 
11111111 11111111 11111111 11111111 11111111 11111111 11111111 11111111 11111111 11111111 11111111 11111111 11111111 11111111 11111111 11111111 11111111 11111111 11111111 11111111 11111111 11111111 11111111 11111111 11111111 
11111111 11111111 11111111 11111111 11111111 11111111 11111111 11111111 11111111 11111111 11111111 11111111 11111111 11111111 11111111 11111111 11111111 11111111 11111111 11111111 11111111 11111111 11111111 11111111 11111111 
11111111 11111111 11111111 11111111 11111111 11111111 11111111 11111111 11111111 11111111 11111111 11111111 11111111 11111111 11111111 11111111 11111111 11111111 11111111 11111111 11111111 11111111 11111111 11111111 11111111 
11111111 11111111 11111111 11111111 11111111 11111111 11111111 11111111 11111111 11111111 11111111 11111111 11111111 11111111 11111111 11111111 11111111 11111111 11111111 11111111 11111111 11111111 11111111 11111111 11111111 
11111111 11111111 11111111 11111111 11111111 11111111 11111111 11111111 11111111 11111111 11111111 11111111 11111111 11111111 11111111 11111111 11111111 11111111 11111111 11111111 11111111 11111111 11111111 11111111 11111111 
11111111 11111111 11111111 11111111 11111111 11111111 11111111 11111111 11111111 11111111 11111111 11111111 11111111 11111111 11111111 11111111 11111111 11111111 11111111 11111111 11111111 11111111 11111111 11111111 11111111 
11111111 11111111 11111111 11111111 11111111 11111111 11111111 11111111 11111111 11111111 11111111 11111111 11111111 11111111 11111111 11111111 11111111 11111111 11111111 11111111 11111111 11111111 11111111 11111111 11111111 
11111111 11111111 11111111 11111111 11111111 11111111 11111111 11111111 11111111 11111111 11111111 11111111 11111111 11111111 11111111 11111111 11111111 11111111 11111111 11111111 11111111 11111111 11111111 11111111 11111111 
11111111 11111111 11111111 11111111 11111111 11111111 11111111 11111111 11111111 11111111 11111111 11111111 11111111 11111111 11111111 11111111 11111111 11111111 11111111 11111111 11111111 11111111 11111111 11111111 11111111 
11111111 11111111 11111111 11111111 11111111 11111111 11111111 11111111 11111111 11111111 11111111 11111111 11111111 11111111 11111111 11111111 11111111 11111111 11111111 11111111 11111111 11111111 11111111 11111111 11111111 
11111111 11111111 11111111 11111111 11111111 11111111 11111111 11111111 11111111 11111111 11111111 11111111 11111111 11111111 11111111 11111111 11111111 11111111 11111111 11111111 11111111 11111111 11111111 11111111 11111111 
11111111 11111111 11111111 11111111 11111111 11111111 11111111 11111111 11111111 11111111 11111111 11111111 11111111 11111111 11111111 11111111 11111111 11111111 11111111 11111111 11111111 11111111 11111111 11111111 11111111 
11111111 11111111 11111111 11111111 11111111 11111111 11111111 11111111 11111111 11111111 11111111 11111111 11111111 11111111 11111111 11111111 11111111 11111111 11111111 11111111 11111111 11111111 11111111 11111111 11111111 
11111111 11111111 11111111 11111111 11111111 11111111 11111111 11111111 11111111 11111111 11111111 11111111 11111111 11111111 11111111 11111111 11111111 11111111 11111111 11111111 11111111 11111111 11111111 11111111 11111111 
11111111 11111111 11111111 11111111 11111111 11111111 11111111 11111111 11111111 11111111 11111111 11111111 11111111 11111111 11111111 11111111 11111111 11111111 11111111 11111111 11111111 11111111 11111111 11111111 11111111 
11111111 11111111 11111111 11111111 11111111 11111111 11111111 11111111 11111111 11111111 11111111 11111111 11111111 11111111 11111111 11111111 11111111 11111111 11111111 11111111 11111111 11111111 11111111 11111111 11111111 
11111111 11111111 11111111 11111111 11111111 11111111 11111111 11111111 11111111 11111111 11111111 11111111 11111111 11111111 11111111 11111111 11111111 11111111 11111111 11111111 11111111 11111111 11111111 11111111 11111111 
11111111 11111111 11111111 11111010 01100100 11111111 11111111 11111111 11111111 01100110 11111111 11111111 11111111 11111111 01101100 11111111 11111111 11111111 11111111 01110100 11111111 11111111 11111111 11111111 10000001 
11111111 11111111 11111010 01100100 01100100 11111111 11111111 11111111 01100110 01100100 11111111 11111111 11111111 01101100 01100100 11111111 11111111 11111111 01110100 01100100 11111111 11111111 11111111 10000001 01100100 
11111111 11111010 01100100 01100100 01100100 11111111 11111111 01100110 01100100 01100100 11111111 11111111 01101100 01100100 01100100 11111111 11111111 01110100 01100100 01100100 11111111 11111111 10000001 01100100 01100100 
11111010 01100100 01100100 01100100 01111101 11111111 01100110 01100100 01100100 01111101 11111111 01101100 01100100 01100100 01111110 11111111 01110100 01100100 01100100 10000000 11111111 10000001 01100100 01100100 10000000 
01100100 01100100 01100100 01111101 10010111 01100110 01100100 01100100 01111101 10010111 01101100 01100100 01100100 01111110 10010111 01110100 01100100 01100100 10000000 10010111 10000001 01100100 01100100 10000000 10010111 
01100100 01100100 01111101 10010111 10010111 01100100 01100100 01111101 10010111 10010111 01100100 01100100 01111110 10010111 10010111 01100100 01100100 10000000 10010111 10010111 01100100 01100100 10000000 10010111 10010111 
01100100 01111101 10010111 10010111 11000010 01100100 01111101 10010111 10010111 11000101 01100100 01111110 10010111 10010111 11000110 01100100 10000000 10010111 10010111 11000110 01100100 10000000 10010111 10010111 11000101 
01111101 10010111 10010111 11000010 11001100 01111101 10010111 10010111 11000101 11001100 01111110 10010111 10010111 11000110 11001100 10000000 10010111 10010111 11000110 11001100 10000000 10010111 10010111 11000101 11001100 
10010111 10010111 11000010 11001100 11001100 10010111 10010111 11000101 11001100 11001100 10010111 10010111 11000110 11001100 11001100 10010111 10010111 11000110 11001100 11001100 10010111 10010111 11000101 11001100 11001100 
10010111 11000010 11001100 11001100 10110101 10010111 11000101 11001100 11001100 10101101 10010111 11000110 11001100 11001100 10101000 10010111 11000110 11001100 11001100 10100100 10010111 11000101 11001100 11001100 10100010 
11000010 11001100 11001100 10110101 01111110 11000101 11001100 11001100 10101101 01111110 11000110 11001100 11001100 10101000 01111110 11000110 11001100 11001100 10100100 01111110 11000101 11001100 11001100 10100010 01111110 
11001100 11001100 10110101 01111110 01111110 11001100 11001100 10101101 01111110 01111110 11001100 11001100 10101000 01111110 01111110 11001100 11001100 10100100 01111110 01111110 11001100 11001100 10100010 01111110 01111110 
11001100 10110101 01111110 01111110 01111110 11001100 10101101 01111110 01111110 01111110 11001100 10101000 01111110 01111110 01111110 11001100 10100100 01111110 01111110 01111110 11001100 10100010 01111110 01111110 10000011 
10110101 01111110 01111110 01111110 01111101 10101101 01111110 01111110 01111110 10000011 10101000 01111110 01111110 01111110 10000001 10100100 01111110 01111110 01111110 01111001 10100010 01111110 01111110 10000011 01110111 
01111110 01111110 01111110 01111101 01110111 01111110 01111110 01111110 10000011 01110111 01111110 01111110 01111110 10000001 01110111 01111110 01111110 01111110 01111001 01110111 01111110 01111110 10000011 01110111 01110111 
01111110 01111110 01111101 01110111 01110111 01111110 01111110 10000011 01110111 01110111 01111110 01111110 10000001 01110111 01110111 01111110 01111110 01111001 01110111 01110111 01111110 10000011 01110111 01110111 01110111 
01111110 01111101 01110111 01110111 01110111 01111110 10000011 01110111 01110111 01111000 01111110 10000001 01110111 01110111 10000101 01111110 01111001 01110111 01110111 10001001 10000011 01110111 01110111 01110111 10000101 
01111101 01110111 01110111 01110111 10010101 10000011 01110111 01110111 01111000 10010101 10000001 01110111 01110111 10000101 10010011 01111001 01110111 01110111 10001001 10010011 01110111 01110111 01110111 10000101 10010011 
01110111 01110111 01110111 10010101 10010011 01110111 01110111 01111000 10010101 10010011 01110111 01110111 10000101 10010011 10010011 01110111 01110111 10001001 10010011 10010011 01110111 01110111 10000101 10010011 10010011 
01110111 01110111 10010101 10010011 10010011 01110111 01111000 10010101 10010011 10010011 01110111 10000101 10010011 10010011 10010011 01110111 10001001 10010011 10010011 10010011 01110111 10000101 10010011 10010011 10010011 
01110111 10010101 10010011 10010011 10010011 01111000 10010101 10010011 10010011 10010011 10000101 10010011 10010011 10010011 10010011 10001001 10010011 10010011 10010011 10010011 10000101 10010011 10010011 10010011 10011000 
10010101 10010011 10010011 10010011 10010011 10010101 10010011 10010011 10010011 10011111 10010011 10010011 10010011 10010011 11001010 10010011 10010011 10010011 10010011 11100101 10010011 10010011 10010011 10011000 11111111 
10010011 10010011 10010011 10010011 11011100 10010011 10010011 10010011 10011111 11111111 10010011 10010011 10010011 11001010 11111111 10010011 10010011 10010011 11100101 11111111 10010011 10010011 10011000 11111111 11111111 
10010011 10010011 10010011 11011100 11111111 10010011 10010011 10011111 11111111 11111111 10010011 10010011 11001010 11111111 11111111 10010011 10010011 11100101 11111111 11111111 10010011 10011000 11111111 11111111 11111111 
10010011 10010011 11011100 11111111 11111111 10010011 10011111 11111111 11111111 11111111 10010011 11001010 11111111 11111111 11111111 10010011 11100101 11111111 11111111 11111111 10011000 11111111 11111111 11111111 11111111 
10010011 11011100 11111111 11111111 11111111 10011111 11111111 11111111 11111111 11111111 11001010 11111111 11111111 11111111 11111111 11100101 11111111 11111111 11111111 11111111 11111111 11111111 11111111 11111111 11111111 
11011100 11111111 11111111 11111111 11111111 11111111 11111111 11111111 11111111 11111111 11111111 11111111 11111111 11111111 11111111 11111111 11111111 11111111 11111111 11111111 11111111 11111111 11111111 11111111 11111111 
11111111 11111111 11111111 11111111 11111111 11111111 11111111 11111111 11111111 11111111 11111111 11111111 11111111 11111111 11111111 11111111 11111111 11111111 11111111 11111111 11111111 11111111 11111111 11111111 11111111 
11111111 11111111 11111111 11111111 11111111 11111111 11111111 11111111 11111111 11111111 11111111 11111111 11111111 11111111 11111111 11111111 11111111 11111111 11111111 11111111 11111111 11111111 11111111 11111111 11111111 
11111111 11111111 11111111 11111111 11111111 11111111 11111111 11111111 11111111 11111111 11111111 11111111 11111111 11111111 11111111 11111111 11111111 11111111 11111111 11111111 11111111 11111111 11111111 11111111 11111111 
11111111 11111111 11111111 11111111 11111111 11111111 11111111 11111111 11111111 11111111 11111111 11111111 11111111 11111111 11111111 11111111 11111111 11111111 11111111 11111111 11111111 11111111 11111111 11111111 11111111 
11111111 11111111 11111111 11111111 11111111 11111111 11111111 11111111 11111111 11111111 11111111 11111111 11111111 11111111 11111111 11111111 11111111 11111111 11111111 11111111 11111111 11111111 11111111 11111111 11111111 
11111111 11111111 11111111 11111111 11111111 11111111 11111111 11111111 11111111 11111111 11111111 11111111 11111111 11111111 11111111 11111111 11111111 11111111 11111111 11111111 11111111 11111111 11111111 11111111 11111111 
11111111 11111111 11111111 11111111 11111111 11111111 11111111 11111111 11111111 11111111 11111111 11111111 11111111 11111111 11111111 11111111 11111111 11111111 11111111 11111111 11111111 11111111 11111111 11111111 11111111 
11111111 11111111 11111111 11111111 11111111 11111111 11111111 11111111 11111111 11111111 11111111 11111111 11111111 11111111 11111111 11111111 11111111 11111111 11111111 11111111 11111111 11111111 11111111 11111111 11111111 
11111111 11111111 11111111 11111111 11111111 11111111 11111111 11111111 11111111 11111111 11111111 11111111 11111111 11111111 11111111 11111111 11111111 11111111 11111111 11111111 11111111 11111111 11111111 11111111 11111111 
11111111 11111111 11111111 11111111 11111111 11111111 11111111 11111111 11111111 11111111 11111111 11111111 11111111 11111111 11111111 11111111 11111111 11111111 11111111 11111111 11111111 11111111 11111111 11111111 11111111 
11111111 11111111 11111111 11111111 11111111 11111111 11111111 11111111 11111111 11111111 11111111 11111111 11111111 11111111 11111111 11111111 11111111 11111111 11111111 11111111 11111111 11111111 11111111 11111111 11111111 
11111111 11111111 11111111 11111111 11111111 11111111 11111111 11111111 11111111 11111111 11111111 11111111 11111111 11111111 11111111 11111111 11111111 11111111 11111111 11111111 11111111 11111111 11111111 11111111 11111111 
11111111 11111111 11111111 11111111 11111111 11111111 11111111 11111111 11111111 11111111 11111111 11111111 11111111 11111111 11111111 11111111 11111111 11111111 11111111 11111111 11111111 11111111 11111111 11111111 11111111 
11111111 11111111 11111111 11111111 11111111 11111111 11111111 11111111 11111111 11111111 11111111 11111111 11111111 11111111 11111111 11111111 11111111 11111111 11111111 11111111 11111111 11111111 11111111 11111111 11111111 
11111111 11111111 11111111 11111111 11111111 11111111 11111111 11111111 11111111 11111111 11111111 11111111 11111111 11111111 11111111 11111111 11111111 11111111 11111111 11111111 11111111 11111111 11111111 11111111 11111111 
11111111 11111111 11111111 11111111 11111111 11111111 11111111 11111111 11111111 11111111 11111111 11111111 11111111 11111111 11111111 11111111 11111111 11111111 11111111 11111111 11111111 11111111 11111111 11111111 11111111 
11111111 11111111 11111111 11111111 11111111 11111111 11111111 11111111 11111111 11111111 11111111 11111111 11111111 11111111 11111111 11111111 11111111 11111111 11111111 11111111 11111111 11111111 11111111 11111111 11111111 
11111111 11111111 11111111 11111111 11111111 11111111 11111111 11111111 11111111 11111111 11111111 11111111 11111111 11111111 11111111 11111111 11111111 11111111 11111111 11111111 11111111 11111111 11111111 11111111 11111111 
11111111 11111111 11111111 11111111 01100110 11111111 11111111 11111111 11111111 01101100 11111111 11111111 11111111 11111111 01110100 11111111 11111111 11111111 11111111 10000001 11111111 11111111 11111111 11111111 10010001 
11111111 11111111 11111111 01100110 01100100 11111111 11111111 11111111 01101100 01100100 11111111 11111111 11111111 01110100 01100100 11111111 11111111 11111111 10000001 01100100 11111111 11111111 11111111 10010001 01100100 
11111111 11111111 01100110 01100100 01100100 11111111 11111111 01101100 01100100 01100100 11111111 11111111 01110100 01100100 01100100 11111111 11111111 10000001 01100100 01100100 11111111 11111111 10010001 01100100 01100100 
11111111 01100110 01100100 01100100 01111101 11111111 01101100 01100100 01100100 01111110 11111111 01110100 01100100 01100100 10000000 11111111 10000001 01100100 01100100 10000000 11111111 10010001 01100100 01100100 10000000 
01100110 01100100 01100100 01111101 10010111 01101100 01100100 01100100 01111110 10010111 01110100 01100100 01100100 10000000 10010111 10000001 01100100 01100100 10000000 10010111 10010001 01100100 01100100 10000000 10010111 
01100100 01100100 01111101 10010111 10010111 01100100 01100100 01111110 10010111 10010111 01100100 01100100 10000000 10010111 10010111 01100100 01100100 10000000 10010111 10010111 01100100 01100100 10000000 10010111 10010111 
01100100 01111101 10010111 10010111 11000101 01100100 01111110 10010111 10010111 11000110 01100100 10000000 10010111 10010111 11000110 01100100 10000000 10010111 10010111 11000101 01100100 10000000 10010111 10010111 11000100 
01111101 10010111 10010111 11000101 11001100 01111110 10010111 10010111 11000110 11001100 10000000 10010111 10010111 11000110 11001100 10000000 10010111 10010111 11000101 11001100 10000000 10010111 10010111 11000100 11001100 
10010111 10010111 11000101 11001100 11001100 10010111 10010111 11000110 11001100 11001100 10010111 10010111 11000110 11001100 11001100 10010111 10010111 11000101 11001100 11001100 10010111 10010111 11000100 11001100 11001100 
10010111 11000101 11001100 11001100 10101101 10010111 11000110 11001100 11001100 10101000 10010111 11000110 11001100 11001100 10100100 10010111 11000101 11001100 11001100 10100010 10010111 11000100 11001100 11001100 10100010 
11000101 11001100 11001100 10101101 01111110 11000110 11001100 11001100 10101000 01111110 11000110 11001100 11001100 10100100 01111110 11000101 11001100 11001100 10100010 01111110 11000100 11001100 11001100 10100010 01111110 
11001100 11001100 10101101 01111110 01111110 11001100 11001100 10101000 01111110 01111110 11001100 11001100 10100100 01111110 01111110 11001100 11001100 10100010 01111110 01111110 11001100 11001100 10100010 01111110 01111110 
11001100 10101101 01111110 01111110 01111110 11001100 10101000 01111110 01111110 01111110 11001100 10100100 01111110 01111110 01111110 11001100 10100010 01111110 01111110 10000011 11001100 10100010 01111110 01111110 10000100 
10101101 01111110 01111110 01111110 10000011 10101000 01111110 01111110 01111110 10000001 10100100 01111110 01111110 01111110 01111001 10100010 01111110 01111110 10000011 01110111 10100010 01111110 01111110 10000100 01110111 
01111110 01111110 01111110 10000011 01110111 01111110 01111110 01111110 10000001 01110111 01111110 01111110 01111110 01111001 01110111 01111110 01111110 10000011 01110111 01110111 01111110 01111110 10000100 01110111 01110111 
01111110 01111110 10000011 01110111 01110111 01111110 01111110 10000001 01110111 01110111 01111110 01111110 01111001 01110111 01110111 01111110 10000011 01110111 01110111 01110111 01111110 10000100 01110111 01110111 01110111 
01111110 10000011 01110111 01110111 01111000 01111110 10000001 01110111 01110111 10000101 01111110 01111001 01110111 01110111 10001001 10000011 01110111 01110111 01110111 10000101 10000100 01110111 01110111 01110111 10001111 
10000011 01110111 01110111 01111000 10010101 10000001 01110111 01110111 10000101 10010011 01111001 01110111 01110111 10001001 10010011 01110111 01110111 01110111 10000101 10010011 01110111 01110111 01110111 10001111 10010011 
01110111 01110111 01111000 10010101 10010011 01110111 01110111 10000101 10010011 10010011 01110111 01110111 10001001 10010011 10010011 01110111 01110111 10000101 10010011 10010011 01110111 01110111 10001111 10010011 10010011 
01110111 01111000 10010101 10010011 10010011 01110111 10000101 10010011 10010011 10010011 01110111 10001001 10010011 10010011 10010011 01110111 10000101 10010011 10010011 10010011 01110111 10001111 10010011 10010011 10010011 
01111000 10010101 10010011 10010011 10010011 10000101 10010011 10010011 10010011 10010011 10001001 10010011 10010011 10010011 10010011 10000101 10010011 10010011 10010011 10011000 10001111 10010011 10010011 10010011 10100110 
10010101 10010011 10010011 10010011 10011111 10010011 10010011 10010011 10010011 11001010 10010011 10010011 10010011 10010011 11100101 10010011 10010011 10010011 10011000 11111111 10010011 10010011 10010011 10100110 11111111 
10010011 10010011 10010011 10011111 11111111 10010011 10010011 10010011 11001010 11111111 10010011 10010011 10010011 11100101 11111111 10010011 10010011 10011000 11111111 11111111 10010011 10010011 10100110 11111111 11111111 
10010011 10010011 10011111 11111111 11111111 10010011 10010011 11001010 11111111 11111111 10010011 10010011 11100101 11111111 11111111 10010011 10011000 11111111 11111111 11111111 10010011 10100110 11111111 11111111 11111111 
10010011 10011111 11111111 11111111 11111111 10010011 11001010 11111111 11111111 11111111 10010011 11100101 11111111 11111111 11111111 10011000 11111111 11111111 11111111 11111111 10100110 11111111 11111111 11111111 11111111 
10011111 11111111 11111111 11111111 11111111 11001010 11111111 11111111 11111111 11111111 11100101 11111111 11111111 11111111 11111111 11111111 11111111 11111111 11111111 11111111 11111111 11111111 11111111 11111111 11111111 
11111111 11111111 11111111 11111111 11111111 11111111 11111111 11111111 11111111 11111111 11111111 11111111 11111111 11111111 11111111 11111111 11111111 11111111 11111111 11111111 11111111 11111111 11111111 11111111 11111111 
11111111 11111111 11111111 11111111 11111111 11111111 11111111 11111111 11111111 11111111 11111111 11111111 11111111 11111111 11111111 11111111 11111111 11111111 11111111 11111111 11111111 11111111 11111111 11111111 11111111 
11111111 11111111 11111111 11111111 11111111 11111111 11111111 11111111 11111111 11111111 11111111 11111111 11111111 11111111 11111111 11111111 11111111 11111111 11111111 11111111 11111111 11111111 11111111 11111111 11111111 
11111111 11111111 11111111 11111111 11111111 11111111 11111111 11111111 11111111 11111111 11111111 11111111 11111111 11111111 11111111 11111111 11111111 11111111 11111111 11111111 11111111 11111111 11111111 11111111 11111111 
11111111 11111111 11111111 11111111 11111111 11111111 11111111 11111111 11111111 11111111 11111111 11111111 11111111 11111111 11111111 11111111 11111111 11111111 11111111 11111111 11111111 11111111 11111111 11111111 11111111 
11111111 11111111 11111111 11111111 11111111 11111111 11111111 11111111 11111111 11111111 11111111 11111111 11111111 11111111 11111111 11111111 11111111 11111111 11111111 11111111 11111111 11111111 11111111 11111111 11111111 
11111111 11111111 11111111 11111111 11111111 11111111 11111111 11111111 11111111 11111111 11111111 11111111 11111111 11111111 11111111 11111111 11111111 11111111 11111111 11111111 11111111 11111111 11111111 11111111 11111111 
11111111 11111111 11111111 11111111 11111111 11111111 11111111 11111111 11111111 11111111 11111111 11111111 11111111 11111111 11111111 11111111 11111111 11111111 11111111 11111111 11111111 11111111 11111111 11111111 11111111 
11111111 11111111 11111111 11111111 11111111 11111111 11111111 11111111 11111111 11111111 11111111 11111111 11111111 11111111 11111111 11111111 11111111 11111111 11111111 11111111 11111111 11111111 11111111 11111111 11111111 
11111111 11111111 11111111 11111111 11111111 11111111 11111111 11111111 11111111 11111111 11111111 11111111 11111111 11111111 11111111 11111111 11111111 11111111 11111111 11111111 11111111 11111111 11111111 11111111 11111111 
11111111 11111111 11111111 11111111 11111111 11111111 11111111 11111111 11111111 11111111 11111111 11111111 11111111 11111111 11111111 11111111 11111111 11111111 11111111 11111111 11111111 11111111 11111111 11111111 11111111 
11111111 11111111 11111111 11111111 11111111 11111111 11111111 11111111 11111111 11111111 11111111 11111111 11111111 11111111 11111111 11111111 11111111 11111111 11111111 11111111 11111111 11111111 11111111 11111111 11111111 
11111111 11111111 11111111 11111111 11111111 11111111 11111111 11111111 11111111 11111111 11111111 11111111 11111111 11111111 11111111 11111111 11111111 11111111 11111111 11111111 11111111 11111111 11111111 11111111 11111111 
11111111 11111111 11111111 11111111 11111111 11111111 11111111 11111111 11111111 11111111 11111111 11111111 11111111 11111111 11111111 11111111 11111111 11111111 11111111 11111111 11111111 11111111 11111111 11111111 11111111 
11111111 11111111 11111111 11111111 11111111 11111111 11111111 11111111 11111111 11111111 11111111 11111111 11111111 11111111 11111111 11111111 11111111 11111111 11111111 11111111 11111111 11111111 11111111 11111111 11111111 
11111111 11111111 11111111 11111111 11111111 11111111 11111111 11111111 11111111 11111111 11111111 11111111 11111111 11111111 11111111 11111111 11111111 11111111 11111111 11111111 11111111 11111111 11111111 11111111 11111111 
11111111 11111111 11111111 11111111 11111111 11111111 11111111 11111111 11111111 11111111 11111111 11111111 11111111 11111111 11111111 11111111 11111111 11111111 11111111 11111111 11111111 11111111 11111111 11111111 11111111 
11111111 11111111 11111111 11111111 11111111 11111111 11111111 11111111 11111111 11111111 11111111 11111111 11111111 11111111 11111111 11111111 11111111 11111111 11111111 11111111 11111111 11111111 11111111 11111111 11111111 
11111111 11111111 11111111 11111111 11111111 11111111 11111111 11111111 11111111 11111111 11111111 11111111 11111111 11111111 11111111 11111111 11111111 11111111 11111111 11111111 11111111 11111111 11111111 11111111 11111111 
